108001 bpsk  5  1.6649223382e-02  8.9334620978e-01  4  3  3.7758335381e+00  0.0 
108002 qpsk  5  1.6649223382e-02  8.9334620978e-01  4  3  3.7758335381e+00  0.0 
108003 8psk  5  1.6649223382e-02  8.9334620978e-01  4  3  3.7758335381e+00  0.0 
108004 dqpsk  5  1.6649223382e-02  8.9334620978e-01  4  3  3.7758335381e+00  0.0 
108005 msk  5  1.6649223382e-02  8.9334620978e-01  4  3  3.7758335381e+00  0.0 
108006 16qam  5  1.6649223382e-02  8.9334620978e-01  4  3  3.7758335381e+00  0.0 
108007 64qam  5  1.6649223382e-02  8.9334620978e-01  4  3  3.7758335381e+00  0.0 
108008 256qam  5  1.6649223382e-02  8.9334620978e-01  4  3  3.7758335381e+00  0.0 
108009 bpsk  15  1.6306567673e-02  8.7060957655e-01  3  2  5.3302230843e-01  0.0 
108010 qpsk  15  1.6306567673e-02  8.7060957655e-01  3  2  5.3302230843e-01  0.0 
108011 8psk  15  1.6306567673e-02  8.7060957655e-01  3  2  5.3302230843e-01  0.0 
108012 dqpsk  15  1.6306567673e-02  8.7060957655e-01  3  2  5.3302230843e-01  0.0 
108013 msk  15  1.6306567673e-02  8.7060957655e-01  3  2  5.3302230843e-01  0.0 
108014 16qam  15  1.6306567673e-02  8.7060957655e-01  3  2  5.3302230843e-01  0.0 
108015 64qam  15  1.6306567673e-02  8.7060957655e-01  3  2  5.3302230843e-01  0.0 
108016 256qam  15  1.6306567673e-02  8.7060957655e-01  3  2  5.3302230843e-01  0.0 
108017 bpsk  18  1.3988233761e-02  8.7425292002e-01  1  1  1.4181580640e+00  0.0 
108018 qpsk  18  1.3988233761e-02  8.7425292002e-01  1  1  1.4181580640e+00  0.0 
108019 8psk  18  1.3988233761e-02  8.7425292002e-01  1  1  1.4181580640e+00  0.0 
108020 dqpsk  18  1.3988233761e-02  8.7425292002e-01  1  1  1.4181580640e+00  0.0 
108021 msk  18  1.3988233761e-02  8.7425292002e-01  1  1  1.4181580640e+00  0.0 
108022 16qam  18  1.3988233761e-02  8.7425292002e-01  1  1  1.4181580640e+00  0.0 
108023 64qam  18  1.3988233761e-02  8.7425292002e-01  1  1  1.4181580640e+00  0.0 
108024 256qam  18  1.3988233761e-02  8.7425292002e-01  1  1  1.4181580640e+00  0.0 
108025 bpsk  16  1.5617857918e-02  1.1445731897e-01  5  4  3.9197831978e+00  0.0 
108026 qpsk  16  1.5617857918e-02  1.1445731897e-01  5  4  3.9197831978e+00  0.0 
108027 8psk  16  1.5617857918e-02  1.1445731897e-01  5  4  3.9197831978e+00  0.0 
108028 dqpsk  16  1.5617857918e-02  1.1445731897e-01  5  4  3.9197831978e+00  0.0 
108029 msk  16  1.5617857918e-02  1.1445731897e-01  5  4  3.9197831978e+00  0.0 
108030 16qam  16  1.5617857918e-02  1.1445731897e-01  5  4  3.9197831978e+00  0.0 
108031 64qam  16  1.5617857918e-02  1.1445731897e-01  5  4  3.9197831978e+00  0.0 
108032 256qam  16  1.5617857918e-02  1.1445731897e-01  5  4  3.9197831978e+00  0.0 
108033 bpsk  13  1.7216172097e-02  8.2060040463e-01  3  2  2.9005788620e+00  0.0 
108034 qpsk  13  1.7216172097e-02  8.2060040463e-01  3  2  2.9005788620e+00  0.0 
108035 8psk  13  1.7216172097e-02  8.2060040463e-01  3  2  2.9005788620e+00  0.0 
108036 dqpsk  13  1.7216172097e-02  8.2060040463e-01  3  2  2.9005788620e+00  0.0 
108037 msk  13  1.7216172097e-02  8.2060040463e-01  3  2  2.9005788620e+00  0.0 
108038 16qam  13  1.7216172097e-02  8.2060040463e-01  3  2  2.9005788620e+00  0.0 
108039 64qam  13  1.7216172097e-02  8.2060040463e-01  3  2  2.9005788620e+00  0.0 
108040 256qam  13  1.7216172097e-02  8.2060040463e-01  3  2  2.9005788620e+00  0.0 
108041 bpsk  14  1.5519115867e-02  2.5536417906e-01  5  4  3.7002139500e-01  0.0 
108042 qpsk  14  1.5519115867e-02  2.5536417906e-01  5  4  3.7002139500e-01  0.0 
108043 8psk  14  1.5519115867e-02  2.5536417906e-01  5  4  3.7002139500e-01  0.0 
108044 dqpsk  14  1.5519115867e-02  2.5536417906e-01  5  4  3.7002139500e-01  0.0 
108045 msk  14  1.5519115867e-02  2.5536417906e-01  5  4  3.7002139500e-01  0.0 
108046 16qam  14  1.5519115867e-02  2.5536417906e-01  5  4  3.7002139500e-01  0.0 
108047 64qam  14  1.5519115867e-02  2.5536417906e-01  5  4  3.7002139500e-01  0.0 
108048 256qam  14  1.5519115867e-02  2.5536417906e-01  5  4  3.7002139500e-01  0.0 
108049 bpsk  18  1.7758254493e-02  5.4896804275e-01  5  4  3.0706715459e+00  0.0 
108050 qpsk  18  1.7758254493e-02  5.4896804275e-01  5  4  3.0706715459e+00  0.0 
108051 8psk  18  1.7758254493e-02  5.4896804275e-01  5  4  3.0706715459e+00  0.0 
108052 dqpsk  18  1.7758254493e-02  5.4896804275e-01  5  4  3.0706715459e+00  0.0 
108053 msk  18  1.7758254493e-02  5.4896804275e-01  5  4  3.0706715459e+00  0.0 
108054 16qam  18  1.7758254493e-02  5.4896804275e-01  5  4  3.0706715459e+00  0.0 
108055 64qam  18  1.7758254493e-02  5.4896804275e-01  5  4  3.0706715459e+00  0.0 
108056 256qam  18  1.7758254493e-02  5.4896804275e-01  5  4  3.0706715459e+00  0.0 
108057 bpsk  8  1.1265567039e-02  2.2837734114e-01  6  5  3.5857686188e+00  0.0 
108058 qpsk  8  1.1265567039e-02  2.2837734114e-01  6  5  3.5857686188e+00  0.0 
108059 8psk  8  1.1265567039e-02  2.2837734114e-01  6  5  3.5857686188e+00  0.0 
108060 dqpsk  8  1.1265567039e-02  2.2837734114e-01  6  5  3.5857686188e+00  0.0 
108061 msk  8  1.1265567039e-02  2.2837734114e-01  6  5  3.5857686188e+00  0.0 
108062 16qam  8  1.1265567039e-02  2.2837734114e-01  6  5  3.5857686188e+00  0.0 
108063 64qam  8  1.1265567039e-02  2.2837734114e-01  6  5  3.5857686188e+00  0.0 
108064 256qam  8  1.1265567039e-02  2.2837734114e-01  6  5  3.5857686188e+00  0.0 
108065 bpsk  4  1.9708131983e-02  3.1174681019e-01  4  3  5.4407791247e+00  0.0 
108066 qpsk  4  1.9708131983e-02  3.1174681019e-01  4  3  5.4407791247e+00  0.0 
108067 8psk  4  1.9708131983e-02  3.1174681019e-01  4  3  5.4407791247e+00  0.0 
108068 dqpsk  4  1.9708131983e-02  3.1174681019e-01  4  3  5.4407791247e+00  0.0 
108069 msk  4  1.9708131983e-02  3.1174681019e-01  4  3  5.4407791247e+00  0.0 
108070 16qam  4  1.9708131983e-02  3.1174681019e-01  4  3  5.4407791247e+00  0.0 
108071 64qam  4  1.9708131983e-02  3.1174681019e-01  4  3  5.4407791247e+00  0.0 
108072 256qam  4  1.9708131983e-02  3.1174681019e-01  4  3  5.4407791247e+00  0.0 
108073 bpsk  6  1.5127484424e-02  2.3824159886e-01  9  8  3.2669730439e+00  0.0 
108074 qpsk  6  1.5127484424e-02  2.3824159886e-01  9  8  3.2669730439e+00  0.0 
108075 8psk  6  1.5127484424e-02  2.3824159886e-01  9  8  3.2669730439e+00  0.0 
108076 dqpsk  6  1.5127484424e-02  2.3824159886e-01  9  8  3.2669730439e+00  0.0 
108077 msk  6  1.5127484424e-02  2.3824159886e-01  9  8  3.2669730439e+00  0.0 
108078 16qam  6  1.5127484424e-02  2.3824159886e-01  9  8  3.2669730439e+00  0.0 
108079 64qam  6  1.5127484424e-02  2.3824159886e-01  9  8  3.2669730439e+00  0.0 
108080 256qam  6  1.5127484424e-02  2.3824159886e-01  9  8  3.2669730439e+00  0.0 
108081 bpsk  7  1.1760124541e-02  4.0226139226e-01  4  3  3.4607076805e+00  0.0 
108082 qpsk  7  1.1760124541e-02  4.0226139226e-01  4  3  3.4607076805e+00  0.0 
108083 8psk  7  1.1760124541e-02  4.0226139226e-01  4  3  3.4607076805e+00  0.0 
108084 dqpsk  7  1.1760124541e-02  4.0226139226e-01  4  3  3.4607076805e+00  0.0 
108085 msk  7  1.1760124541e-02  4.0226139226e-01  4  3  3.4607076805e+00  0.0 
108086 16qam  7  1.1760124541e-02  4.0226139226e-01  4  3  3.4607076805e+00  0.0 
108087 64qam  7  1.1760124541e-02  4.0226139226e-01  4  3  3.4607076805e+00  0.0 
108088 256qam  7  1.1760124541e-02  4.0226139226e-01  4  3  3.4607076805e+00  0.0 
108089 bpsk  15  1.6942693508e-02  9.0619215287e-01  3  2  3.1481772947e+00  0.0 
108090 qpsk  15  1.6942693508e-02  9.0619215287e-01  3  2  3.1481772947e+00  0.0 
108091 8psk  15  1.6942693508e-02  9.0619215287e-01  3  2  3.1481772947e+00  0.0 
108092 dqpsk  15  1.6942693508e-02  9.0619215287e-01  3  2  3.1481772947e+00  0.0 
108093 msk  15  1.6942693508e-02  9.0619215287e-01  3  2  3.1481772947e+00  0.0 
108094 16qam  15  1.6942693508e-02  9.0619215287e-01  3  2  3.1481772947e+00  0.0 
108095 64qam  15  1.6942693508e-02  9.0619215287e-01  3  2  3.1481772947e+00  0.0 
108096 256qam  15  1.6942693508e-02  9.0619215287e-01  3  2  3.1481772947e+00  0.0 
108097 bpsk  8  1.1420653820e-02  8.2150225872e-01  4  3  2.8871227648e-01  0.0 
108098 qpsk  8  1.1420653820e-02  8.2150225872e-01  4  3  2.8871227648e-01  0.0 
108099 8psk  8  1.1420653820e-02  8.2150225872e-01  4  3  2.8871227648e-01  0.0 
108100 dqpsk  8  1.1420653820e-02  8.2150225872e-01  4  3  2.8871227648e-01  0.0 
108101 msk  8  1.1420653820e-02  8.2150225872e-01  4  3  2.8871227648e-01  0.0 
108102 16qam  8  1.1420653820e-02  8.2150225872e-01  4  3  2.8871227648e-01  0.0 
108103 64qam  8  1.1420653820e-02  8.2150225872e-01  4  3  2.8871227648e-01  0.0 
108104 256qam  8  1.1420653820e-02  8.2150225872e-01  4  3  2.8871227648e-01  0.0 
108105 bpsk  2  1.0402112539e-02  9.4177235809e-01  4  3  4.9014490048e+00  0.0 
108106 qpsk  2  1.0402112539e-02  9.4177235809e-01  4  3  4.9014490048e+00  0.0 
108107 8psk  2  1.0402112539e-02  9.4177235809e-01  4  3  4.9014490048e+00  0.0 
108108 dqpsk  2  1.0402112539e-02  9.4177235809e-01  4  3  4.9014490048e+00  0.0 
108109 msk  2  1.0402112539e-02  9.4177235809e-01  4  3  4.9014490048e+00  0.0 
108110 16qam  2  1.0402112539e-02  9.4177235809e-01  4  3  4.9014490048e+00  0.0 
108111 64qam  2  1.0402112539e-02  9.4177235809e-01  4  3  4.9014490048e+00  0.0 
108112 256qam  2  1.0402112539e-02  9.4177235809e-01  4  3  4.9014490048e+00  0.0 
108113 bpsk  17  1.9907845525e-02  7.4118198745e-01  5  4  1.9532463341e+00  0.0 
108114 qpsk  17  1.9907845525e-02  7.4118198745e-01  5  4  1.9532463341e+00  0.0 
108115 8psk  17  1.9907845525e-02  7.4118198745e-01  5  4  1.9532463341e+00  0.0 
108116 dqpsk  17  1.9907845525e-02  7.4118198745e-01  5  4  1.9532463341e+00  0.0 
108117 msk  17  1.9907845525e-02  7.4118198745e-01  5  4  1.9532463341e+00  0.0 
108118 16qam  17  1.9907845525e-02  7.4118198745e-01  5  4  1.9532463341e+00  0.0 
108119 64qam  17  1.9907845525e-02  7.4118198745e-01  5  4  1.9532463341e+00  0.0 
108120 256qam  17  1.9907845525e-02  7.4118198745e-01  5  4  1.9532463341e+00  0.0 
108121 bpsk  18  1.0729318735e-02  2.2978562607e-01  3  2  2.9771059997e+00  0.0 
108122 qpsk  18  1.0729318735e-02  2.2978562607e-01  3  2  2.9771059997e+00  0.0 
108123 8psk  18  1.0729318735e-02  2.2978562607e-01  3  2  2.9771059997e+00  0.0 
108124 dqpsk  18  1.0729318735e-02  2.2978562607e-01  3  2  2.9771059997e+00  0.0 
108125 msk  18  1.0729318735e-02  2.2978562607e-01  3  2  2.9771059997e+00  0.0 
108126 16qam  18  1.0729318735e-02  2.2978562607e-01  3  2  2.9771059997e+00  0.0 
108127 64qam  18  1.0729318735e-02  2.2978562607e-01  3  2  2.9771059997e+00  0.0 
108128 256qam  18  1.0729318735e-02  2.2978562607e-01  3  2  2.9771059997e+00  0.0 
108129 bpsk  7  1.0264712058e-02  5.5288200968e-01  5  4  4.6856932146e+00  0.0 
108130 qpsk  7  1.0264712058e-02  5.5288200968e-01  5  4  4.6856932146e+00  0.0 
108131 8psk  7  1.0264712058e-02  5.5288200968e-01  5  4  4.6856932146e+00  0.0 
108132 dqpsk  7  1.0264712058e-02  5.5288200968e-01  5  4  4.6856932146e+00  0.0 
108133 msk  7  1.0264712058e-02  5.5288200968e-01  5  4  4.6856932146e+00  0.0 
108134 16qam  7  1.0264712058e-02  5.5288200968e-01  5  4  4.6856932146e+00  0.0 
108135 64qam  7  1.0264712058e-02  5.5288200968e-01  5  4  4.6856932146e+00  0.0 
108136 256qam  7  1.0264712058e-02  5.5288200968e-01  5  4  4.6856932146e+00  0.0 
108137 bpsk  14  1.6179457333e-02  1.2006654292e-01  7  6  3.7495517463e+00  0.0 
108138 qpsk  14  1.6179457333e-02  1.2006654292e-01  7  6  3.7495517463e+00  0.0 
108139 8psk  14  1.6179457333e-02  1.2006654292e-01  7  6  3.7495517463e+00  0.0 
108140 dqpsk  14  1.6179457333e-02  1.2006654292e-01  7  6  3.7495517463e+00  0.0 
108141 msk  14  1.6179457333e-02  1.2006654292e-01  7  6  3.7495517463e+00  0.0 
108142 16qam  14  1.6179457333e-02  1.2006654292e-01  7  6  3.7495517463e+00  0.0 
108143 64qam  14  1.6179457333e-02  1.2006654292e-01  7  6  3.7495517463e+00  0.0 
108144 256qam  14  1.6179457333e-02  1.2006654292e-01  7  6  3.7495517463e+00  0.0 
108145 bpsk  12  1.2029688805e-02  6.6756308658e-01  6  5  1.5446613541e+00  0.0 
108146 qpsk  12  1.2029688805e-02  6.6756308658e-01  6  5  1.5446613541e+00  0.0 
108147 8psk  12  1.2029688805e-02  6.6756308658e-01  6  5  1.5446613541e+00  0.0 
108148 dqpsk  12  1.2029688805e-02  6.6756308658e-01  6  5  1.5446613541e+00  0.0 
108149 msk  12  1.2029688805e-02  6.6756308658e-01  6  5  1.5446613541e+00  0.0 
108150 16qam  12  1.2029688805e-02  6.6756308658e-01  6  5  1.5446613541e+00  0.0 
108151 64qam  12  1.2029688805e-02  6.6756308658e-01  6  5  1.5446613541e+00  0.0 
108152 256qam  12  1.2029688805e-02  6.6756308658e-01  6  5  1.5446613541e+00  0.0 
108153 bpsk  18  1.0851845254e-02  4.8724719609e-01  4  3  2.4074287995e+00  0.0 
108154 qpsk  18  1.0851845254e-02  4.8724719609e-01  4  3  2.4074287995e+00  0.0 
108155 8psk  18  1.0851845254e-02  4.8724719609e-01  4  3  2.4074287995e+00  0.0 
108156 dqpsk  18  1.0851845254e-02  4.8724719609e-01  4  3  2.4074287995e+00  0.0 
108157 msk  18  1.0851845254e-02  4.8724719609e-01  4  3  2.4074287995e+00  0.0 
108158 16qam  18  1.0851845254e-02  4.8724719609e-01  4  3  2.4074287995e+00  0.0 
108159 64qam  18  1.0851845254e-02  4.8724719609e-01  4  3  2.4074287995e+00  0.0 
108160 256qam  18  1.0851845254e-02  4.8724719609e-01  4  3  2.4074287995e+00  0.0 
108161 bpsk  3  1.4396246988e-02  1.1784681182e-01  1  1  1.8201470689e+00  0.0 
108162 qpsk  3  1.4396246988e-02  1.1784681182e-01  1  1  1.8201470689e+00  0.0 
108163 8psk  3  1.4396246988e-02  1.1784681182e-01  1  1  1.8201470689e+00  0.0 
108164 dqpsk  3  1.4396246988e-02  1.1784681182e-01  1  1  1.8201470689e+00  0.0 
108165 msk  3  1.4396246988e-02  1.1784681182e-01  1  1  1.8201470689e+00  0.0 
108166 16qam  3  1.4396246988e-02  1.1784681182e-01  1  1  1.8201470689e+00  0.0 
108167 64qam  3  1.4396246988e-02  1.1784681182e-01  1  1  1.8201470689e+00  0.0 
108168 256qam  3  1.4396246988e-02  1.1784681182e-01  1  1  1.8201470689e+00  0.0 
108169 bpsk  7  1.0004979754e-02  6.6770028413e-01  7  6  1.0497324648e+00  0.0 
108170 qpsk  7  1.0004979754e-02  6.6770028413e-01  7  6  1.0497324648e+00  0.0 
108171 8psk  7  1.0004979754e-02  6.6770028413e-01  7  6  1.0497324648e+00  0.0 
108172 dqpsk  7  1.0004979754e-02  6.6770028413e-01  7  6  1.0497324648e+00  0.0 
108173 msk  7  1.0004979754e-02  6.6770028413e-01  7  6  1.0497324648e+00  0.0 
108174 16qam  7  1.0004979754e-02  6.6770028413e-01  7  6  1.0497324648e+00  0.0 
108175 64qam  7  1.0004979754e-02  6.6770028413e-01  7  6  1.0497324648e+00  0.0 
108176 256qam  7  1.0004979754e-02  6.6770028413e-01  7  6  1.0497324648e+00  0.0 
108177 bpsk  18  1.8707483082e-02  6.1169310573e-01  6  5  1.8703748879e+00  0.0 
108178 qpsk  18  1.8707483082e-02  6.1169310573e-01  6  5  1.8703748879e+00  0.0 
108179 8psk  18  1.8707483082e-02  6.1169310573e-01  6  5  1.8703748879e+00  0.0 
108180 dqpsk  18  1.8707483082e-02  6.1169310573e-01  6  5  1.8703748879e+00  0.0 
108181 msk  18  1.8707483082e-02  6.1169310573e-01  6  5  1.8703748879e+00  0.0 
108182 16qam  18  1.8707483082e-02  6.1169310573e-01  6  5  1.8703748879e+00  0.0 
108183 64qam  18  1.8707483082e-02  6.1169310573e-01  6  5  1.8703748879e+00  0.0 
108184 256qam  18  1.8707483082e-02  6.1169310573e-01  6  5  1.8703748879e+00  0.0 
108185 bpsk  12  1.5260454087e-02  4.5235464778e-01  8  7  3.8920497507e+00  0.0 
108186 qpsk  12  1.5260454087e-02  4.5235464778e-01  8  7  3.8920497507e+00  0.0 
108187 8psk  12  1.5260454087e-02  4.5235464778e-01  8  7  3.8920497507e+00  0.0 
108188 dqpsk  12  1.5260454087e-02  4.5235464778e-01  8  7  3.8920497507e+00  0.0 
108189 msk  12  1.5260454087e-02  4.5235464778e-01  8  7  3.8920497507e+00  0.0 
108190 16qam  12  1.5260454087e-02  4.5235464778e-01  8  7  3.8920497507e+00  0.0 
108191 64qam  12  1.5260454087e-02  4.5235464778e-01  8  7  3.8920497507e+00  0.0 
108192 256qam  12  1.5260454087e-02  4.5235464778e-01  8  7  3.8920497507e+00  0.0 
108193 bpsk  19  1.2673604728e-02  1.6843373234e-01  5  4  2.6904716032e+00  0.0 
108194 qpsk  19  1.2673604728e-02  1.6843373234e-01  5  4  2.6904716032e+00  0.0 
108195 8psk  19  1.2673604728e-02  1.6843373234e-01  5  4  2.6904716032e+00  0.0 
108196 dqpsk  19  1.2673604728e-02  1.6843373234e-01  5  4  2.6904716032e+00  0.0 
108197 msk  19  1.2673604728e-02  1.6843373234e-01  5  4  2.6904716032e+00  0.0 
108198 16qam  19  1.2673604728e-02  1.6843373234e-01  5  4  2.6904716032e+00  0.0 
108199 64qam  19  1.2673604728e-02  1.6843373234e-01  5  4  2.6904716032e+00  0.0 
108200 256qam  19  1.2673604728e-02  1.6843373234e-01  5  4  2.6904716032e+00  0.0 
108201 bpsk  17  9.9999995099e-03  9.1370342407e-01  9  8  2.1411468538e+00  0.0 
108202 qpsk  17  9.9999995099e-03  9.1370342407e-01  9  8  2.1411468538e+00  0.0 
108203 8psk  17  9.9999995099e-03  9.1370342407e-01  9  8  2.1411468538e+00  0.0 
108204 dqpsk  17  9.9999995099e-03  9.1370342407e-01  9  8  2.1411468538e+00  0.0 
108205 msk  17  9.9999995099e-03  9.1370342407e-01  9  8  2.1411468538e+00  0.0 
108206 16qam  17  9.9999995099e-03  9.1370342407e-01  9  8  2.1411468538e+00  0.0 
108207 64qam  17  9.9999995099e-03  9.1370342407e-01  9  8  2.1411468538e+00  0.0 
108208 256qam  17  9.9999995099e-03  9.1370342407e-01  9  8  2.1411468538e+00  0.0 
108209 bpsk  19  1.9511930030e-02  9.6346651076e-01  9  8  5.7105654323e+00  0.0 
108210 qpsk  19  1.9511930030e-02  9.6346651076e-01  9  8  5.7105654323e+00  0.0 
108211 8psk  19  1.9511930030e-02  9.6346651076e-01  9  8  5.7105654323e+00  0.0 
108212 dqpsk  19  1.9511930030e-02  9.6346651076e-01  9  8  5.7105654323e+00  0.0 
108213 msk  19  1.9511930030e-02  9.6346651076e-01  9  8  5.7105654323e+00  0.0 
108214 16qam  19  1.9511930030e-02  9.6346651076e-01  9  8  5.7105654323e+00  0.0 
108215 64qam  19  1.9511930030e-02  9.6346651076e-01  9  8  5.7105654323e+00  0.0 
108216 256qam  19  1.9511930030e-02  9.6346651076e-01  9  8  5.7105654323e+00  0.0 
108217 bpsk  12  1.2057030678e-02  2.4231604272e-01  8  7  4.3163722248e+00  0.0 
108218 qpsk  12  1.2057030678e-02  2.4231604272e-01  8  7  4.3163722248e+00  0.0 
108219 8psk  12  1.2057030678e-02  2.4231604272e-01  8  7  4.3163722248e+00  0.0 
108220 dqpsk  12  1.2057030678e-02  2.4231604272e-01  8  7  4.3163722248e+00  0.0 
108221 msk  12  1.2057030678e-02  2.4231604272e-01  8  7  4.3163722248e+00  0.0 
108222 16qam  12  1.2057030678e-02  2.4231604272e-01  8  7  4.3163722248e+00  0.0 
108223 64qam  12  1.2057030678e-02  2.4231604272e-01  8  7  4.3163722248e+00  0.0 
108224 256qam  12  1.2057030678e-02  2.4231604272e-01  8  7  4.3163722248e+00  0.0 
108225 bpsk  15  1.7647295861e-02  2.5148072424e-01  7  6  1.6929910121e+00  0.0 
108226 qpsk  15  1.7647295861e-02  2.5148072424e-01  7  6  1.6929910121e+00  0.0 
108227 8psk  15  1.7647295861e-02  2.5148072424e-01  7  6  1.6929910121e+00  0.0 
108228 dqpsk  15  1.7647295861e-02  2.5148072424e-01  7  6  1.6929910121e+00  0.0 
108229 msk  15  1.7647295861e-02  2.5148072424e-01  7  6  1.6929910121e+00  0.0 
108230 16qam  15  1.7647295861e-02  2.5148072424e-01  7  6  1.6929910121e+00  0.0 
108231 64qam  15  1.7647295861e-02  2.5148072424e-01  7  6  1.6929910121e+00  0.0 
108232 256qam  15  1.7647295861e-02  2.5148072424e-01  7  6  1.6929910121e+00  0.0 
108233 bpsk  10  1.3553487861e-02  1.8283066537e-01  7  6  2.1198095997e+00  0.0 
108234 qpsk  10  1.3553487861e-02  1.8283066537e-01  7  6  2.1198095997e+00  0.0 
108235 8psk  10  1.3553487861e-02  1.8283066537e-01  7  6  2.1198095997e+00  0.0 
108236 dqpsk  10  1.3553487861e-02  1.8283066537e-01  7  6  2.1198095997e+00  0.0 
108237 msk  10  1.3553487861e-02  1.8283066537e-01  7  6  2.1198095997e+00  0.0 
108238 16qam  10  1.3553487861e-02  1.8283066537e-01  7  6  2.1198095997e+00  0.0 
108239 64qam  10  1.3553487861e-02  1.8283066537e-01  7  6  2.1198095997e+00  0.0 
108240 256qam  10  1.3553487861e-02  1.8283066537e-01  7  6  2.1198095997e+00  0.0 
108241 bpsk  6  1.2661982419e-02  2.6949402649e-01  7  6  2.5741918907e+00  0.0 
108242 qpsk  6  1.2661982419e-02  2.6949402649e-01  7  6  2.5741918907e+00  0.0 
108243 8psk  6  1.2661982419e-02  2.6949402649e-01  7  6  2.5741918907e+00  0.0 
108244 dqpsk  6  1.2661982419e-02  2.6949402649e-01  7  6  2.5741918907e+00  0.0 
108245 msk  6  1.2661982419e-02  2.6949402649e-01  7  6  2.5741918907e+00  0.0 
108246 16qam  6  1.2661982419e-02  2.6949402649e-01  7  6  2.5741918907e+00  0.0 
108247 64qam  6  1.2661982419e-02  2.6949402649e-01  7  6  2.5741918907e+00  0.0 
108248 256qam  6  1.2661982419e-02  2.6949402649e-01  7  6  2.5741918907e+00  0.0 
108249 bpsk  13  1.4766857193e-02  3.4661640073e-01  1  1  3.8313989458e+00  0.0 
108250 qpsk  13  1.4766857193e-02  3.4661640073e-01  1  1  3.8313989458e+00  0.0 
108251 8psk  13  1.4766857193e-02  3.4661640073e-01  1  1  3.8313989458e+00  0.0 
108252 dqpsk  13  1.4766857193e-02  3.4661640073e-01  1  1  3.8313989458e+00  0.0 
108253 msk  13  1.4766857193e-02  3.4661640073e-01  1  1  3.8313989458e+00  0.0 
108254 16qam  13  1.4766857193e-02  3.4661640073e-01  1  1  3.8313989458e+00  0.0 
108255 64qam  13  1.4766857193e-02  3.4661640073e-01  1  1  3.8313989458e+00  0.0 
108256 256qam  13  1.4766857193e-02  3.4661640073e-01  1  1  3.8313989458e+00  0.0 
108257 bpsk  11  1.2232507109e-02  6.0727464173e-01  1  1  3.3605480896e+00  0.0 
108258 qpsk  11  1.2232507109e-02  6.0727464173e-01  1  1  3.3605480896e+00  0.0 
108259 8psk  11  1.2232507109e-02  6.0727464173e-01  1  1  3.3605480896e+00  0.0 
108260 dqpsk  11  1.2232507109e-02  6.0727464173e-01  1  1  3.3605480896e+00  0.0 
108261 msk  11  1.2232507109e-02  6.0727464173e-01  1  1  3.3605480896e+00  0.0 
108262 16qam  11  1.2232507109e-02  6.0727464173e-01  1  1  3.3605480896e+00  0.0 
108263 64qam  11  1.2232507109e-02  6.0727464173e-01  1  1  3.3605480896e+00  0.0 
108264 256qam  11  1.2232507109e-02  6.0727464173e-01  1  1  3.3605480896e+00  0.0 
108265 bpsk  12  1.2874413383e-02  1.8212959146e-01  6  5  2.4959420649e+00  0.0 
108266 qpsk  12  1.2874413383e-02  1.8212959146e-01  6  5  2.4959420649e+00  0.0 
108267 8psk  12  1.2874413383e-02  1.8212959146e-01  6  5  2.4959420649e+00  0.0 
108268 dqpsk  12  1.2874413383e-02  1.8212959146e-01  6  5  2.4959420649e+00  0.0 
108269 msk  12  1.2874413383e-02  1.8212959146e-01  6  5  2.4959420649e+00  0.0 
108270 16qam  12  1.2874413383e-02  1.8212959146e-01  6  5  2.4959420649e+00  0.0 
108271 64qam  12  1.2874413383e-02  1.8212959146e-01  6  5  2.4959420649e+00  0.0 
108272 256qam  12  1.2874413383e-02  1.8212959146e-01  6  5  2.4959420649e+00  0.0 
108273 bpsk  8  1.7691932591e-02  8.0445699261e-01  5  4  4.8054663050e+00  0.0 
108274 qpsk  8  1.7691932591e-02  8.0445699261e-01  5  4  4.8054663050e+00  0.0 
108275 8psk  8  1.7691932591e-02  8.0445699261e-01  5  4  4.8054663050e+00  0.0 
108276 dqpsk  8  1.7691932591e-02  8.0445699261e-01  5  4  4.8054663050e+00  0.0 
108277 msk  8  1.7691932591e-02  8.0445699261e-01  5  4  4.8054663050e+00  0.0 
108278 16qam  8  1.7691932591e-02  8.0445699261e-01  5  4  4.8054663050e+00  0.0 
108279 64qam  8  1.7691932591e-02  8.0445699261e-01  5  4  4.8054663050e+00  0.0 
108280 256qam  8  1.7691932591e-02  8.0445699261e-01  5  4  4.8054663050e+00  0.0 
108281 bpsk  7  1.8956240594e-02  1.0428759341e-01  1  1  4.3339247422e+00  0.0 
108282 qpsk  7  1.8956240594e-02  1.0428759341e-01  1  1  4.3339247422e+00  0.0 
108283 8psk  7  1.8956240594e-02  1.0428759341e-01  1  1  4.3339247422e+00  0.0 
108284 dqpsk  7  1.8956240594e-02  1.0428759341e-01  1  1  4.3339247422e+00  0.0 
108285 msk  7  1.8956240594e-02  1.0428759341e-01  1  1  4.3339247422e+00  0.0 
108286 16qam  7  1.8956240594e-02  1.0428759341e-01  1  1  4.3339247422e+00  0.0 
108287 64qam  7  1.8956240594e-02  1.0428759341e-01  1  1  4.3339247422e+00  0.0 
108288 256qam  7  1.8956240594e-02  1.0428759341e-01  1  1  4.3339247422e+00  0.0 
108289 bpsk  3  1.2145994297e-02  5.5990963113e-01  3  2  2.3144492105e+00  0.0 
108290 qpsk  3  1.2145994297e-02  5.5990963113e-01  3  2  2.3144492105e+00  0.0 
108291 8psk  3  1.2145994297e-02  5.5990963113e-01  3  2  2.3144492105e+00  0.0 
108292 dqpsk  3  1.2145994297e-02  5.5990963113e-01  3  2  2.3144492105e+00  0.0 
108293 msk  3  1.2145994297e-02  5.5990963113e-01  3  2  2.3144492105e+00  0.0 
108294 16qam  3  1.2145994297e-02  5.5990963113e-01  3  2  2.3144492105e+00  0.0 
108295 64qam  3  1.2145994297e-02  5.5990963113e-01  3  2  2.3144492105e+00  0.0 
108296 256qam  3  1.2145994297e-02  5.5990963113e-01  3  2  2.3144492105e+00  0.0 
108297 bpsk  4  1.2387862725e-02  5.6896793256e-01  7  6  1.0647141443e+00  0.0 
108298 qpsk  4  1.2387862725e-02  5.6896793256e-01  7  6  1.0647141443e+00  0.0 
108299 8psk  4  1.2387862725e-02  5.6896793256e-01  7  6  1.0647141443e+00  0.0 
108300 dqpsk  4  1.2387862725e-02  5.6896793256e-01  7  6  1.0647141443e+00  0.0 
108301 msk  4  1.2387862725e-02  5.6896793256e-01  7  6  1.0647141443e+00  0.0 
108302 16qam  4  1.2387862725e-02  5.6896793256e-01  7  6  1.0647141443e+00  0.0 
108303 64qam  4  1.2387862725e-02  5.6896793256e-01  7  6  1.0647141443e+00  0.0 
108304 256qam  4  1.2387862725e-02  5.6896793256e-01  7  6  1.0647141443e+00  0.0 
108305 bpsk  6  1.1116710503e-02  9.4206490170e-01  6  5  5.5244918313e-01  0.0 
108306 qpsk  6  1.1116710503e-02  9.4206490170e-01  6  5  5.5244918313e-01  0.0 
108307 8psk  6  1.1116710503e-02  9.4206490170e-01  6  5  5.5244918313e-01  0.0 
108308 dqpsk  6  1.1116710503e-02  9.4206490170e-01  6  5  5.5244918313e-01  0.0 
108309 msk  6  1.1116710503e-02  9.4206490170e-01  6  5  5.5244918313e-01  0.0 
108310 16qam  6  1.1116710503e-02  9.4206490170e-01  6  5  5.5244918313e-01  0.0 
108311 64qam  6  1.1116710503e-02  9.4206490170e-01  6  5  5.5244918313e-01  0.0 
108312 256qam  6  1.1116710503e-02  9.4206490170e-01  6  5  5.5244918313e-01  0.0 
108313 bpsk  19  1.6041451984e-02  6.8507997530e-01  7  6  3.3570290114e+00  0.0 
108314 qpsk  19  1.6041451984e-02  6.8507997530e-01  7  6  3.3570290114e+00  0.0 
108315 8psk  19  1.6041451984e-02  6.8507997530e-01  7  6  3.3570290114e+00  0.0 
108316 dqpsk  19  1.6041451984e-02  6.8507997530e-01  7  6  3.3570290114e+00  0.0 
108317 msk  19  1.6041451984e-02  6.8507997530e-01  7  6  3.3570290114e+00  0.0 
108318 16qam  19  1.6041451984e-02  6.8507997530e-01  7  6  3.3570290114e+00  0.0 
108319 64qam  19  1.6041451984e-02  6.8507997530e-01  7  6  3.3570290114e+00  0.0 
108320 256qam  19  1.6041451984e-02  6.8507997530e-01  7  6  3.3570290114e+00  0.0 
108321 bpsk  9  1.1511308997e-02  6.3340992454e-01  4  3  5.2558729837e+00  0.0 
108322 qpsk  9  1.1511308997e-02  6.3340992454e-01  4  3  5.2558729837e+00  0.0 
108323 8psk  9  1.1511308997e-02  6.3340992454e-01  4  3  5.2558729837e+00  0.0 
108324 dqpsk  9  1.1511308997e-02  6.3340992454e-01  4  3  5.2558729837e+00  0.0 
108325 msk  9  1.1511308997e-02  6.3340992454e-01  4  3  5.2558729837e+00  0.0 
108326 16qam  9  1.1511308997e-02  6.3340992454e-01  4  3  5.2558729837e+00  0.0 
108327 64qam  9  1.1511308997e-02  6.3340992454e-01  4  3  5.2558729837e+00  0.0 
108328 256qam  9  1.1511308997e-02  6.3340992454e-01  4  3  5.2558729837e+00  0.0 
108329 bpsk  6  1.5958516901e-02  8.3219861420e-01  10  9  3.8493468932e+00  0.0 
108330 qpsk  6  1.5958516901e-02  8.3219861420e-01  10  9  3.8493468932e+00  0.0 
108331 8psk  6  1.5958516901e-02  8.3219861420e-01  10  9  3.8493468932e+00  0.0 
108332 dqpsk  6  1.5958516901e-02  8.3219861420e-01  10  9  3.8493468932e+00  0.0 
108333 msk  6  1.5958516901e-02  8.3219861420e-01  10  9  3.8493468932e+00  0.0 
108334 16qam  6  1.5958516901e-02  8.3219861420e-01  10  9  3.8493468932e+00  0.0 
108335 64qam  6  1.5958516901e-02  8.3219861420e-01  10  9  3.8493468932e+00  0.0 
108336 256qam  6  1.5958516901e-02  8.3219861420e-01  10  9  3.8493468932e+00  0.0 
108337 bpsk  5  1.5831581932e-02  2.8709338916e-01  1  1  4.5977753111e+00  0.0 
108338 qpsk  5  1.5831581932e-02  2.8709338916e-01  1  1  4.5977753111e+00  0.0 
108339 8psk  5  1.5831581932e-02  2.8709338916e-01  1  1  4.5977753111e+00  0.0 
108340 dqpsk  5  1.5831581932e-02  2.8709338916e-01  1  1  4.5977753111e+00  0.0 
108341 msk  5  1.5831581932e-02  2.8709338916e-01  1  1  4.5977753111e+00  0.0 
108342 16qam  5  1.5831581932e-02  2.8709338916e-01  1  1  4.5977753111e+00  0.0 
108343 64qam  5  1.5831581932e-02  2.8709338916e-01  1  1  4.5977753111e+00  0.0 
108344 256qam  5  1.5831581932e-02  2.8709338916e-01  1  1  4.5977753111e+00  0.0 
108345 bpsk  13  1.5991975315e-02  9.4104579499e-01  1  1  3.8109320246e+00  0.0 
108346 qpsk  13  1.5991975315e-02  9.4104579499e-01  1  1  3.8109320246e+00  0.0 
108347 8psk  13  1.5991975315e-02  9.4104579499e-01  1  1  3.8109320246e+00  0.0 
108348 dqpsk  13  1.5991975315e-02  9.4104579499e-01  1  1  3.8109320246e+00  0.0 
108349 msk  13  1.5991975315e-02  9.4104579499e-01  1  1  3.8109320246e+00  0.0 
108350 16qam  13  1.5991975315e-02  9.4104579499e-01  1  1  3.8109320246e+00  0.0 
108351 64qam  13  1.5991975315e-02  9.4104579499e-01  1  1  3.8109320246e+00  0.0 
108352 256qam  13  1.5991975315e-02  9.4104579499e-01  1  1  3.8109320246e+00  0.0 
108353 bpsk  5  1.8772475238e-02  2.9843950870e-01  7  6  5.2678585579e+00  0.0 
108354 qpsk  5  1.8772475238e-02  2.9843950870e-01  7  6  5.2678585579e+00  0.0 
108355 8psk  5  1.8772475238e-02  2.9843950870e-01  7  6  5.2678585579e+00  0.0 
108356 dqpsk  5  1.8772475238e-02  2.9843950870e-01  7  6  5.2678585579e+00  0.0 
108357 msk  5  1.8772475238e-02  2.9843950870e-01  7  6  5.2678585579e+00  0.0 
108358 16qam  5  1.8772475238e-02  2.9843950870e-01  7  6  5.2678585579e+00  0.0 
108359 64qam  5  1.8772475238e-02  2.9843950870e-01  7  6  5.2678585579e+00  0.0 
108360 256qam  5  1.8772475238e-02  2.9843950870e-01  7  6  5.2678585579e+00  0.0 
108361 bpsk  13  1.0277508072e-02  3.0153785022e-01  5  4  5.8310330170e+00  0.0 
108362 qpsk  13  1.0277508072e-02  3.0153785022e-01  5  4  5.8310330170e+00  0.0 
108363 8psk  13  1.0277508072e-02  3.0153785022e-01  5  4  5.8310330170e+00  0.0 
108364 dqpsk  13  1.0277508072e-02  3.0153785022e-01  5  4  5.8310330170e+00  0.0 
108365 msk  13  1.0277508072e-02  3.0153785022e-01  5  4  5.8310330170e+00  0.0 
108366 16qam  13  1.0277508072e-02  3.0153785022e-01  5  4  5.8310330170e+00  0.0 
108367 64qam  13  1.0277508072e-02  3.0153785022e-01  5  4  5.8310330170e+00  0.0 
108368 256qam  13  1.0277508072e-02  3.0153785022e-01  5  4  5.8310330170e+00  0.0 
108369 bpsk  11  1.8596924217e-02  9.3930652133e-01  5  4  2.9627853707e+00  0.0 
108370 qpsk  11  1.8596924217e-02  9.3930652133e-01  5  4  2.9627853707e+00  0.0 
108371 8psk  11  1.8596924217e-02  9.3930652133e-01  5  4  2.9627853707e+00  0.0 
108372 dqpsk  11  1.8596924217e-02  9.3930652133e-01  5  4  2.9627853707e+00  0.0 
108373 msk  11  1.8596924217e-02  9.3930652133e-01  5  4  2.9627853707e+00  0.0 
108374 16qam  11  1.8596924217e-02  9.3930652133e-01  5  4  2.9627853707e+00  0.0 
108375 64qam  11  1.8596924217e-02  9.3930652133e-01  5  4  2.9627853707e+00  0.0 
108376 256qam  11  1.8596924217e-02  9.3930652133e-01  5  4  2.9627853707e+00  0.0 
108377 bpsk  15  1.7857328472e-02  3.3955046177e-01  5  4  5.4645976842e+00  0.0 
108378 qpsk  15  1.7857328472e-02  3.3955046177e-01  5  4  5.4645976842e+00  0.0 
108379 8psk  15  1.7857328472e-02  3.3955046177e-01  5  4  5.4645976842e+00  0.0 
108380 dqpsk  15  1.7857328472e-02  3.3955046177e-01  5  4  5.4645976842e+00  0.0 
108381 msk  15  1.7857328472e-02  3.3955046177e-01  5  4  5.4645976842e+00  0.0 
108382 16qam  15  1.7857328472e-02  3.3955046177e-01  5  4  5.4645976842e+00  0.0 
108383 64qam  15  1.7857328472e-02  3.3955046177e-01  5  4  5.4645976842e+00  0.0 
108384 256qam  15  1.7857328472e-02  3.3955046177e-01  5  4  5.4645976842e+00  0.0 
108385 bpsk  13  1.4815618262e-02  5.4565465189e-01  10  9  0.0000000000e+00  0.0 
108386 qpsk  13  1.4815618262e-02  5.4565465189e-01  10  9  0.0000000000e+00  0.0 
108387 8psk  13  1.4815618262e-02  5.4565465189e-01  10  9  0.0000000000e+00  0.0 
108388 dqpsk  13  1.4815618262e-02  5.4565465189e-01  10  9  0.0000000000e+00  0.0 
108389 msk  13  1.4815618262e-02  5.4565465189e-01  10  9  0.0000000000e+00  0.0 
108390 16qam  13  1.4815618262e-02  5.4565465189e-01  10  9  0.0000000000e+00  0.0 
108391 64qam  13  1.4815618262e-02  5.4565465189e-01  10  9  0.0000000000e+00  0.0 
108392 256qam  13  1.4815618262e-02  5.4565465189e-01  10  9  0.0000000000e+00  0.0 
108393 bpsk  2  1.7992649595e-02  4.0756332414e-01  5  4  6.3868498716e-01  0.0 
108394 qpsk  2  1.7992649595e-02  4.0756332414e-01  5  4  6.3868498716e-01  0.0 
108395 8psk  2  1.7992649595e-02  4.0756332414e-01  5  4  6.3868498716e-01  0.0 
108396 dqpsk  2  1.7992649595e-02  4.0756332414e-01  5  4  6.3868498716e-01  0.0 
108397 msk  2  1.7992649595e-02  4.0756332414e-01  5  4  6.3868498716e-01  0.0 
108398 16qam  2  1.7992649595e-02  4.0756332414e-01  5  4  6.3868498716e-01  0.0 
108399 64qam  2  1.7992649595e-02  4.0756332414e-01  5  4  6.3868498716e-01  0.0 
108400 256qam  2  1.7992649595e-02  4.0756332414e-01  5  4  6.3868498716e-01  0.0 
108401 bpsk  10  1.5869646798e-02  7.5218676616e-01  8  7  1.5074250509e+00  0.0 
108402 qpsk  10  1.5869646798e-02  7.5218676616e-01  8  7  1.5074250509e+00  0.0 
108403 8psk  10  1.5869646798e-02  7.5218676616e-01  8  7  1.5074250509e+00  0.0 
108404 dqpsk  10  1.5869646798e-02  7.5218676616e-01  8  7  1.5074250509e+00  0.0 
108405 msk  10  1.5869646798e-02  7.5218676616e-01  8  7  1.5074250509e+00  0.0 
108406 16qam  10  1.5869646798e-02  7.5218676616e-01  8  7  1.5074250509e+00  0.0 
108407 64qam  10  1.5869646798e-02  7.5218676616e-01  8  7  1.5074250509e+00  0.0 
108408 256qam  10  1.5869646798e-02  7.5218676616e-01  8  7  1.5074250509e+00  0.0 
108409 bpsk  18  1.7618453435e-02  1.4009793506e-01  6  5  2.9532226869e+00  0.0 
108410 qpsk  18  1.7618453435e-02  1.4009793506e-01  6  5  2.9532226869e+00  0.0 
108411 8psk  18  1.7618453435e-02  1.4009793506e-01  6  5  2.9532226869e+00  0.0 
108412 dqpsk  18  1.7618453435e-02  1.4009793506e-01  6  5  2.9532226869e+00  0.0 
108413 msk  18  1.7618453435e-02  1.4009793506e-01  6  5  2.9532226869e+00  0.0 
108414 16qam  18  1.7618453435e-02  1.4009793506e-01  6  5  2.9532226869e+00  0.0 
108415 64qam  18  1.7618453435e-02  1.4009793506e-01  6  5  2.9532226869e+00  0.0 
108416 256qam  18  1.7618453435e-02  1.4009793506e-01  6  5  2.9532226869e+00  0.0 
108417 bpsk  9  1.7412402018e-02  9.3769999596e-01  3  2  3.7520938114e+00  0.0 
108418 qpsk  9  1.7412402018e-02  9.3769999596e-01  3  2  3.7520938114e+00  0.0 
108419 8psk  9  1.7412402018e-02  9.3769999596e-01  3  2  3.7520938114e+00  0.0 
108420 dqpsk  9  1.7412402018e-02  9.3769999596e-01  3  2  3.7520938114e+00  0.0 
108421 msk  9  1.7412402018e-02  9.3769999596e-01  3  2  3.7520938114e+00  0.0 
108422 16qam  9  1.7412402018e-02  9.3769999596e-01  3  2  3.7520938114e+00  0.0 
108423 64qam  9  1.7412402018e-02  9.3769999596e-01  3  2  3.7520938114e+00  0.0 
108424 256qam  9  1.7412402018e-02  9.3769999596e-01  3  2  3.7520938114e+00  0.0 
108425 bpsk  4  1.1405891240e-02  2.0662852470e-01  10  9  5.0371192911e-01  0.0 
108426 qpsk  4  1.1405891240e-02  2.0662852470e-01  10  9  5.0371192911e-01  0.0 
108427 8psk  4  1.1405891240e-02  2.0662852470e-01  10  9  5.0371192911e-01  0.0 
108428 dqpsk  4  1.1405891240e-02  2.0662852470e-01  10  9  5.0371192911e-01  0.0 
108429 msk  4  1.1405891240e-02  2.0662852470e-01  10  9  5.0371192911e-01  0.0 
108430 16qam  4  1.1405891240e-02  2.0662852470e-01  10  9  5.0371192911e-01  0.0 
108431 64qam  4  1.1405891240e-02  2.0662852470e-01  10  9  5.0371192911e-01  0.0 
108432 256qam  4  1.1405891240e-02  2.0662852470e-01  10  9  5.0371192911e-01  0.0 
108433 bpsk  16  1.0000000237e-02  3.7568954808e-01  1  1  3.8499663413e+00  0.0 
108434 qpsk  16  1.0000000237e-02  3.7568954808e-01  1  1  3.8499663413e+00  0.0 
108435 8psk  16  1.0000000237e-02  3.7568954808e-01  1  1  3.8499663413e+00  0.0 
108436 dqpsk  16  1.0000000237e-02  3.7568954808e-01  1  1  3.8499663413e+00  0.0 
108437 msk  16  1.0000000237e-02  3.7568954808e-01  1  1  3.8499663413e+00  0.0 
108438 16qam  16  1.0000000237e-02  3.7568954808e-01  1  1  3.8499663413e+00  0.0 
108439 64qam  16  1.0000000237e-02  3.7568954808e-01  1  1  3.8499663413e+00  0.0 
108440 256qam  16  1.0000000237e-02  3.7568954808e-01  1  1  3.8499663413e+00  0.0 
108441 bpsk  3  1.5920855547e-02  3.1881233475e-01  1  1  3.6793552257e+00  0.0 
108442 qpsk  3  1.5920855547e-02  3.1881233475e-01  1  1  3.6793552257e+00  0.0 
108443 8psk  3  1.5920855547e-02  3.1881233475e-01  1  1  3.6793552257e+00  0.0 
108444 dqpsk  3  1.5920855547e-02  3.1881233475e-01  1  1  3.6793552257e+00  0.0 
108445 msk  3  1.5920855547e-02  3.1881233475e-01  1  1  3.6793552257e+00  0.0 
108446 16qam  3  1.5920855547e-02  3.1881233475e-01  1  1  3.6793552257e+00  0.0 
108447 64qam  3  1.5920855547e-02  3.1881233475e-01  1  1  3.6793552257e+00  0.0 
108448 256qam  3  1.5920855547e-02  3.1881233475e-01  1  1  3.6793552257e+00  0.0 
108449 bpsk  4  1.4079378392e-02  2.9989028852e-01  4  3  4.1478259539e+00  0.0 
108450 qpsk  4  1.4079378392e-02  2.9989028852e-01  4  3  4.1478259539e+00  0.0 
108451 8psk  4  1.4079378392e-02  2.9989028852e-01  4  3  4.1478259539e+00  0.0 
108452 dqpsk  4  1.4079378392e-02  2.9989028852e-01  4  3  4.1478259539e+00  0.0 
108453 msk  4  1.4079378392e-02  2.9989028852e-01  4  3  4.1478259539e+00  0.0 
108454 16qam  4  1.4079378392e-02  2.9989028852e-01  4  3  4.1478259539e+00  0.0 
108455 64qam  4  1.4079378392e-02  2.9989028852e-01  4  3  4.1478259539e+00  0.0 
108456 256qam  4  1.4079378392e-02  2.9989028852e-01  4  3  4.1478259539e+00  0.0 
108457 bpsk  8  1.1178588112e-02  9.1679872660e-01  7  6  1.2018074649e+00  0.0 
108458 qpsk  8  1.1178588112e-02  9.1679872660e-01  7  6  1.2018074649e+00  0.0 
108459 8psk  8  1.1178588112e-02  9.1679872660e-01  7  6  1.2018074649e+00  0.0 
108460 dqpsk  8  1.1178588112e-02  9.1679872660e-01  7  6  1.2018074649e+00  0.0 
108461 msk  8  1.1178588112e-02  9.1679872660e-01  7  6  1.2018074649e+00  0.0 
108462 16qam  8  1.1178588112e-02  9.1679872660e-01  7  6  1.2018074649e+00  0.0 
108463 64qam  8  1.1178588112e-02  9.1679872660e-01  7  6  1.2018074649e+00  0.0 
108464 256qam  8  1.1178588112e-02  9.1679872660e-01  7  6  1.2018074649e+00  0.0 
108465 bpsk  18  1.4741812074e-02  6.7957160225e-01  8  7  2.8385985949e+00  0.0 
108466 qpsk  18  1.4741812074e-02  6.7957160225e-01  8  7  2.8385985949e+00  0.0 
108467 8psk  18  1.4741812074e-02  6.7957160225e-01  8  7  2.8385985949e+00  0.0 
108468 dqpsk  18  1.4741812074e-02  6.7957160225e-01  8  7  2.8385985949e+00  0.0 
108469 msk  18  1.4741812074e-02  6.7957160225e-01  8  7  2.8385985949e+00  0.0 
108470 16qam  18  1.4741812074e-02  6.7957160225e-01  8  7  2.8385985949e+00  0.0 
108471 64qam  18  1.4741812074e-02  6.7957160225e-01  8  7  2.8385985949e+00  0.0 
108472 256qam  18  1.4741812074e-02  6.7957160225e-01  8  7  2.8385985949e+00  0.0 
108473 bpsk  11  1.1017644475e-02  7.5814642874e-01  6  5  2.3441238105e+00  0.0 
108474 qpsk  11  1.1017644475e-02  7.5814642874e-01  6  5  2.3441238105e+00  0.0 
108475 8psk  11  1.1017644475e-02  7.5814642874e-01  6  5  2.3441238105e+00  0.0 
108476 dqpsk  11  1.1017644475e-02  7.5814642874e-01  6  5  2.3441238105e+00  0.0 
108477 msk  11  1.1017644475e-02  7.5814642874e-01  6  5  2.3441238105e+00  0.0 
108478 16qam  11  1.1017644475e-02  7.5814642874e-01  6  5  2.3441238105e+00  0.0 
108479 64qam  11  1.1017644475e-02  7.5814642874e-01  6  5  2.3441238105e+00  0.0 
108480 256qam  11  1.1017644475e-02  7.5814642874e-01  6  5  2.3441238105e+00  0.0 
108481 bpsk  18  1.7881502380e-02  5.2443457764e-01  3  2  3.3091415528e-01  0.0 
108482 qpsk  18  1.7881502380e-02  5.2443457764e-01  3  2  3.3091415528e-01  0.0 
108483 8psk  18  1.7881502380e-02  5.2443457764e-01  3  2  3.3091415528e-01  0.0 
108484 dqpsk  18  1.7881502380e-02  5.2443457764e-01  3  2  3.3091415528e-01  0.0 
108485 msk  18  1.7881502380e-02  5.2443457764e-01  3  2  3.3091415528e-01  0.0 
108486 16qam  18  1.7881502380e-02  5.2443457764e-01  3  2  3.3091415528e-01  0.0 
108487 64qam  18  1.7881502380e-02  5.2443457764e-01  3  2  3.3091415528e-01  0.0 
108488 256qam  18  1.7881502380e-02  5.2443457764e-01  3  2  3.3091415528e-01  0.0 
108489 bpsk  2  1.8847147195e-02  9.7401422282e-01  1  1  4.7682271888e+00  0.0 
108490 qpsk  2  1.8847147195e-02  9.7401422282e-01  1  1  4.7682271888e+00  0.0 
108491 8psk  2  1.8847147195e-02  9.7401422282e-01  1  1  4.7682271888e+00  0.0 
108492 dqpsk  2  1.8847147195e-02  9.7401422282e-01  1  1  4.7682271888e+00  0.0 
108493 msk  2  1.8847147195e-02  9.7401422282e-01  1  1  4.7682271888e+00  0.0 
108494 16qam  2  1.8847147195e-02  9.7401422282e-01  1  1  4.7682271888e+00  0.0 
108495 64qam  2  1.8847147195e-02  9.7401422282e-01  1  1  4.7682271888e+00  0.0 
108496 256qam  2  1.8847147195e-02  9.7401422282e-01  1  1  4.7682271888e+00  0.0 
108497 bpsk  7  1.0692770974e-02  1.8328458037e-01  1  1  5.6450252541e+00  0.0 
108498 qpsk  7  1.0692770974e-02  1.8328458037e-01  1  1  5.6450252541e+00  0.0 
108499 8psk  7  1.0692770974e-02  1.8328458037e-01  1  1  5.6450252541e+00  0.0 
108500 dqpsk  7  1.0692770974e-02  1.8328458037e-01  1  1  5.6450252541e+00  0.0 
108501 msk  7  1.0692770974e-02  1.8328458037e-01  1  1  5.6450252541e+00  0.0 
108502 16qam  7  1.0692770974e-02  1.8328458037e-01  1  1  5.6450252541e+00  0.0 
108503 64qam  7  1.0692770974e-02  1.8328458037e-01  1  1  5.6450252541e+00  0.0 
108504 256qam  7  1.0692770974e-02  1.8328458037e-01  1  1  5.6450252541e+00  0.0 
108505 bpsk  16  1.3560507281e-02  1.1036213681e-01  6  5  4.4383258320e+00  0.0 
108506 qpsk  16  1.3560507281e-02  1.1036213681e-01  6  5  4.4383258320e+00  0.0 
108507 8psk  16  1.3560507281e-02  1.1036213681e-01  6  5  4.4383258320e+00  0.0 
108508 dqpsk  16  1.3560507281e-02  1.1036213681e-01  6  5  4.4383258320e+00  0.0 
108509 msk  16  1.3560507281e-02  1.1036213681e-01  6  5  4.4383258320e+00  0.0 
108510 16qam  16  1.3560507281e-02  1.1036213681e-01  6  5  4.4383258320e+00  0.0 
108511 64qam  16  1.3560507281e-02  1.1036213681e-01  6  5  4.4383258320e+00  0.0 
108512 256qam  16  1.3560507281e-02  1.1036213681e-01  6  5  4.4383258320e+00  0.0 
108513 bpsk  6  1.2726263455e-02  1.7212852831e-01  8  7  4.2982958855e+00  0.0 
108514 qpsk  6  1.2726263455e-02  1.7212852831e-01  8  7  4.2982958855e+00  0.0 
108515 8psk  6  1.2726263455e-02  1.7212852831e-01  8  7  4.2982958855e+00  0.0 
108516 dqpsk  6  1.2726263455e-02  1.7212852831e-01  8  7  4.2982958855e+00  0.0 
108517 msk  6  1.2726263455e-02  1.7212852831e-01  8  7  4.2982958855e+00  0.0 
108518 16qam  6  1.2726263455e-02  1.7212852831e-01  8  7  4.2982958855e+00  0.0 
108519 64qam  6  1.2726263455e-02  1.7212852831e-01  8  7  4.2982958855e+00  0.0 
108520 256qam  6  1.2726263455e-02  1.7212852831e-01  8  7  4.2982958855e+00  0.0 
108521 bpsk  6  1.2223641301e-02  1.6439555060e-01  10  9  5.5721437673e+00  0.0 
108522 qpsk  6  1.2223641301e-02  1.6439555060e-01  10  9  5.5721437673e+00  0.0 
108523 8psk  6  1.2223641301e-02  1.6439555060e-01  10  9  5.5721437673e+00  0.0 
108524 dqpsk  6  1.2223641301e-02  1.6439555060e-01  10  9  5.5721437673e+00  0.0 
108525 msk  6  1.2223641301e-02  1.6439555060e-01  10  9  5.5721437673e+00  0.0 
108526 16qam  6  1.2223641301e-02  1.6439555060e-01  10  9  5.5721437673e+00  0.0 
108527 64qam  6  1.2223641301e-02  1.6439555060e-01  10  9  5.5721437673e+00  0.0 
108528 256qam  6  1.2223641301e-02  1.6439555060e-01  10  9  5.5721437673e+00  0.0 
108529 bpsk  12  1.8289579466e-02  9.0674761560e-01  7  6  3.7517204153e+00  0.0 
108530 qpsk  12  1.8289579466e-02  9.0674761560e-01  7  6  3.7517204153e+00  0.0 
108531 8psk  12  1.8289579466e-02  9.0674761560e-01  7  6  3.7517204153e+00  0.0 
108532 dqpsk  12  1.8289579466e-02  9.0674761560e-01  7  6  3.7517204153e+00  0.0 
108533 msk  12  1.8289579466e-02  9.0674761560e-01  7  6  3.7517204153e+00  0.0 
108534 16qam  12  1.8289579466e-02  9.0674761560e-01  7  6  3.7517204153e+00  0.0 
108535 64qam  12  1.8289579466e-02  9.0674761560e-01  7  6  3.7517204153e+00  0.0 
108536 256qam  12  1.8289579466e-02  9.0674761560e-01  7  6  3.7517204153e+00  0.0 
108537 bpsk  13  1.3442304682e-02  7.7990920406e-01  4  3  4.9834907728e+00  0.0 
108538 qpsk  13  1.3442304682e-02  7.7990920406e-01  4  3  4.9834907728e+00  0.0 
108539 8psk  13  1.3442304682e-02  7.7990920406e-01  4  3  4.9834907728e+00  0.0 
108540 dqpsk  13  1.3442304682e-02  7.7990920406e-01  4  3  4.9834907728e+00  0.0 
108541 msk  13  1.3442304682e-02  7.7990920406e-01  4  3  4.9834907728e+00  0.0 
108542 16qam  13  1.3442304682e-02  7.7990920406e-01  4  3  4.9834907728e+00  0.0 
108543 64qam  13  1.3442304682e-02  7.7990920406e-01  4  3  4.9834907728e+00  0.0 
108544 256qam  13  1.3442304682e-02  7.7990920406e-01  4  3  4.9834907728e+00  0.0 
108545 bpsk  2  1.5433484924e-02  9.2015623440e-01  6  5  3.3647060943e+00  0.0 
108546 qpsk  2  1.5433484924e-02  9.2015623440e-01  6  5  3.3647060943e+00  0.0 
108547 8psk  2  1.5433484924e-02  9.2015623440e-01  6  5  3.3647060943e+00  0.0 
108548 dqpsk  2  1.5433484924e-02  9.2015623440e-01  6  5  3.3647060943e+00  0.0 
108549 msk  2  1.5433484924e-02  9.2015623440e-01  6  5  3.3647060943e+00  0.0 
108550 16qam  2  1.5433484924e-02  9.2015623440e-01  6  5  3.3647060943e+00  0.0 
108551 64qam  2  1.5433484924e-02  9.2015623440e-01  6  5  3.3647060943e+00  0.0 
108552 256qam  2  1.5433484924e-02  9.2015623440e-01  6  5  3.3647060943e+00  0.0 
108553 bpsk  18  1.9672266938e-02  5.1539814901e-01  1  1  1.9480173082e+00  0.0 
108554 qpsk  18  1.9672266938e-02  5.1539814901e-01  1  1  1.9480173082e+00  0.0 
108555 8psk  18  1.9672266938e-02  5.1539814901e-01  1  1  1.9480173082e+00  0.0 
108556 dqpsk  18  1.9672266938e-02  5.1539814901e-01  1  1  1.9480173082e+00  0.0 
108557 msk  18  1.9672266938e-02  5.1539814901e-01  1  1  1.9480173082e+00  0.0 
108558 16qam  18  1.9672266938e-02  5.1539814901e-01  1  1  1.9480173082e+00  0.0 
108559 64qam  18  1.9672266938e-02  5.1539814901e-01  1  1  1.9480173082e+00  0.0 
108560 256qam  18  1.9672266938e-02  5.1539814901e-01  1  1  1.9480173082e+00  0.0 
108561 bpsk  12  1.7957709966e-02  3.0316684965e-01  10  9  1.3459196982e+00  0.0 
108562 qpsk  12  1.7957709966e-02  3.0316684965e-01  10  9  1.3459196982e+00  0.0 
108563 8psk  12  1.7957709966e-02  3.0316684965e-01  10  9  1.3459196982e+00  0.0 
108564 dqpsk  12  1.7957709966e-02  3.0316684965e-01  10  9  1.3459196982e+00  0.0 
108565 msk  12  1.7957709966e-02  3.0316684965e-01  10  9  1.3459196982e+00  0.0 
108566 16qam  12  1.7957709966e-02  3.0316684965e-01  10  9  1.3459196982e+00  0.0 
108567 64qam  12  1.7957709966e-02  3.0316684965e-01  10  9  1.3459196982e+00  0.0 
108568 256qam  12  1.7957709966e-02  3.0316684965e-01  10  9  1.3459196982e+00  0.0 
108569 bpsk  9  1.0659460794e-02  3.1459814483e-01  1  1  1.1125557125e+00  0.0 
108570 qpsk  9  1.0659460794e-02  3.1459814483e-01  1  1  1.1125557125e+00  0.0 
108571 8psk  9  1.0659460794e-02  3.1459814483e-01  1  1  1.1125557125e+00  0.0 
108572 dqpsk  9  1.0659460794e-02  3.1459814483e-01  1  1  1.1125557125e+00  0.0 
108573 msk  9  1.0659460794e-02  3.1459814483e-01  1  1  1.1125557125e+00  0.0 
108574 16qam  9  1.0659460794e-02  3.1459814483e-01  1  1  1.1125557125e+00  0.0 
108575 64qam  9  1.0659460794e-02  3.1459814483e-01  1  1  1.1125557125e+00  0.0 
108576 256qam  9  1.0659460794e-02  3.1459814483e-01  1  1  1.1125557125e+00  0.0 
108577 bpsk  2  1.3736274625e-02  3.3553457493e-01  5  4  5.8822492961e+00  0.0 
108578 qpsk  2  1.3736274625e-02  3.3553457493e-01  5  4  5.8822492961e+00  0.0 
108579 8psk  2  1.3736274625e-02  3.3553457493e-01  5  4  5.8822492961e+00  0.0 
108580 dqpsk  2  1.3736274625e-02  3.3553457493e-01  5  4  5.8822492961e+00  0.0 
108581 msk  2  1.3736274625e-02  3.3553457493e-01  5  4  5.8822492961e+00  0.0 
108582 16qam  2  1.3736274625e-02  3.3553457493e-01  5  4  5.8822492961e+00  0.0 
108583 64qam  2  1.3736274625e-02  3.3553457493e-01  5  4  5.8822492961e+00  0.0 
108584 256qam  2  1.3736274625e-02  3.3553457493e-01  5  4  5.8822492961e+00  0.0 
108585 bpsk  12  1.3266347841e-02  5.2428032503e-01  4  3  2.7866586964e+00  0.0 
108586 qpsk  12  1.3266347841e-02  5.2428032503e-01  4  3  2.7866586964e+00  0.0 
108587 8psk  12  1.3266347841e-02  5.2428032503e-01  4  3  2.7866586964e+00  0.0 
108588 dqpsk  12  1.3266347841e-02  5.2428032503e-01  4  3  2.7866586964e+00  0.0 
108589 msk  12  1.3266347841e-02  5.2428032503e-01  4  3  2.7866586964e+00  0.0 
108590 16qam  12  1.3266347841e-02  5.2428032503e-01  4  3  2.7866586964e+00  0.0 
108591 64qam  12  1.3266347841e-02  5.2428032503e-01  4  3  2.7866586964e+00  0.0 
108592 256qam  12  1.3266347841e-02  5.2428032503e-01  4  3  2.7866586964e+00  0.0 
108593 bpsk  8  1.1029030674e-02  2.9771412665e-01  8  7  3.8301316588e+00  0.0 
108594 qpsk  8  1.1029030674e-02  2.9771412665e-01  8  7  3.8301316588e+00  0.0 
108595 8psk  8  1.1029030674e-02  2.9771412665e-01  8  7  3.8301316588e+00  0.0 
108596 dqpsk  8  1.1029030674e-02  2.9771412665e-01  8  7  3.8301316588e+00  0.0 
108597 msk  8  1.1029030674e-02  2.9771412665e-01  8  7  3.8301316588e+00  0.0 
108598 16qam  8  1.1029030674e-02  2.9771412665e-01  8  7  3.8301316588e+00  0.0 
108599 64qam  8  1.1029030674e-02  2.9771412665e-01  8  7  3.8301316588e+00  0.0 
108600 256qam  8  1.1029030674e-02  2.9771412665e-01  8  7  3.8301316588e+00  0.0 
108601 bpsk  14  1.6378250668e-02  2.9629232295e-01  8  7  5.1456393104e+00  0.0 
108602 qpsk  14  1.6378250668e-02  2.9629232295e-01  8  7  5.1456393104e+00  0.0 
108603 8psk  14  1.6378250668e-02  2.9629232295e-01  8  7  5.1456393104e+00  0.0 
108604 dqpsk  14  1.6378250668e-02  2.9629232295e-01  8  7  5.1456393104e+00  0.0 
108605 msk  14  1.6378250668e-02  2.9629232295e-01  8  7  5.1456393104e+00  0.0 
108606 16qam  14  1.6378250668e-02  2.9629232295e-01  8  7  5.1456393104e+00  0.0 
108607 64qam  14  1.6378250668e-02  2.9629232295e-01  8  7  5.1456393104e+00  0.0 
108608 256qam  14  1.6378250668e-02  2.9629232295e-01  8  7  5.1456393104e+00  0.0 
108609 bpsk  17  1.3684950902e-02  2.1566435413e-01  6  5  2.7333922446e+00  0.0 
108610 qpsk  17  1.3684950902e-02  2.1566435413e-01  6  5  2.7333922446e+00  0.0 
108611 8psk  17  1.3684950902e-02  2.1566435413e-01  6  5  2.7333922446e+00  0.0 
108612 dqpsk  17  1.3684950902e-02  2.1566435413e-01  6  5  2.7333922446e+00  0.0 
108613 msk  17  1.3684950902e-02  2.1566435413e-01  6  5  2.7333922446e+00  0.0 
108614 16qam  17  1.3684950902e-02  2.1566435413e-01  6  5  2.7333922446e+00  0.0 
108615 64qam  17  1.3684950902e-02  2.1566435413e-01  6  5  2.7333922446e+00  0.0 
108616 256qam  17  1.3684950902e-02  2.1566435413e-01  6  5  2.7333922446e+00  0.0 
108617 bpsk  17  1.7300650958e-02  8.2597269313e-01  6  5  1.6264304687e+00  0.0 
108618 qpsk  17  1.7300650958e-02  8.2597269313e-01  6  5  1.6264304687e+00  0.0 
108619 8psk  17  1.7300650958e-02  8.2597269313e-01  6  5  1.6264304687e+00  0.0 
108620 dqpsk  17  1.7300650958e-02  8.2597269313e-01  6  5  1.6264304687e+00  0.0 
108621 msk  17  1.7300650958e-02  8.2597269313e-01  6  5  1.6264304687e+00  0.0 
108622 16qam  17  1.7300650958e-02  8.2597269313e-01  6  5  1.6264304687e+00  0.0 
108623 64qam  17  1.7300650958e-02  8.2597269313e-01  6  5  1.6264304687e+00  0.0 
108624 256qam  17  1.7300650958e-02  8.2597269313e-01  6  5  1.6264304687e+00  0.0 
108625 bpsk  2  1.0643634641e-02  9.7284522002e-01  8  7  8.7571394268e-01  0.0 
108626 qpsk  2  1.0643634641e-02  9.7284522002e-01  8  7  8.7571394268e-01  0.0 
108627 8psk  2  1.0643634641e-02  9.7284522002e-01  8  7  8.7571394268e-01  0.0 
108628 dqpsk  2  1.0643634641e-02  9.7284522002e-01  8  7  8.7571394268e-01  0.0 
108629 msk  2  1.0643634641e-02  9.7284522002e-01  8  7  8.7571394268e-01  0.0 
108630 16qam  2  1.0643634641e-02  9.7284522002e-01  8  7  8.7571394268e-01  0.0 
108631 64qam  2  1.0643634641e-02  9.7284522002e-01  8  7  8.7571394268e-01  0.0 
108632 256qam  2  1.0643634641e-02  9.7284522002e-01  8  7  8.7571394268e-01  0.0 
108633 bpsk  4  1.0778556901e-02  1.8565359560e-01  8  7  4.2630216039e+00  0.0 
108634 qpsk  4  1.0778556901e-02  1.8565359560e-01  8  7  4.2630216039e+00  0.0 
108635 8psk  4  1.0778556901e-02  1.8565359560e-01  8  7  4.2630216039e+00  0.0 
108636 dqpsk  4  1.0778556901e-02  1.8565359560e-01  8  7  4.2630216039e+00  0.0 
108637 msk  4  1.0778556901e-02  1.8565359560e-01  8  7  4.2630216039e+00  0.0 
108638 16qam  4  1.0778556901e-02  1.8565359560e-01  8  7  4.2630216039e+00  0.0 
108639 64qam  4  1.0778556901e-02  1.8565359560e-01  8  7  4.2630216039e+00  0.0 
108640 256qam  4  1.0778556901e-02  1.8565359560e-01  8  7  4.2630216039e+00  0.0 
108641 bpsk  12  1.9538247077e-02  5.2375260164e-01  10  9  5.0720206324e+00  0.0 
108642 qpsk  12  1.9538247077e-02  5.2375260164e-01  10  9  5.0720206324e+00  0.0 
108643 8psk  12  1.9538247077e-02  5.2375260164e-01  10  9  5.0720206324e+00  0.0 
108644 dqpsk  12  1.9538247077e-02  5.2375260164e-01  10  9  5.0720206324e+00  0.0 
108645 msk  12  1.9538247077e-02  5.2375260164e-01  10  9  5.0720206324e+00  0.0 
108646 16qam  12  1.9538247077e-02  5.2375260164e-01  10  9  5.0720206324e+00  0.0 
108647 64qam  12  1.9538247077e-02  5.2375260164e-01  10  9  5.0720206324e+00  0.0 
108648 256qam  12  1.9538247077e-02  5.2375260164e-01  10  9  5.0720206324e+00  0.0 
108649 bpsk  14  1.7980753508e-02  1.4551836014e-01  9  8  4.2932648630e+00  0.0 
108650 qpsk  14  1.7980753508e-02  1.4551836014e-01  9  8  4.2932648630e+00  0.0 
108651 8psk  14  1.7980753508e-02  1.4551836014e-01  9  8  4.2932648630e+00  0.0 
108652 dqpsk  14  1.7980753508e-02  1.4551836014e-01  9  8  4.2932648630e+00  0.0 
108653 msk  14  1.7980753508e-02  1.4551836014e-01  9  8  4.2932648630e+00  0.0 
108654 16qam  14  1.7980753508e-02  1.4551836014e-01  9  8  4.2932648630e+00  0.0 
108655 64qam  14  1.7980753508e-02  1.4551836014e-01  9  8  4.2932648630e+00  0.0 
108656 256qam  14  1.7980753508e-02  1.4551836014e-01  9  8  4.2932648630e+00  0.0 
108657 bpsk  4  1.7655085763e-02  6.1009770111e-01  8  7  8.3059801763e-01  0.0 
108658 qpsk  4  1.7655085763e-02  6.1009770111e-01  8  7  8.3059801763e-01  0.0 
108659 8psk  4  1.7655085763e-02  6.1009770111e-01  8  7  8.3059801763e-01  0.0 
108660 dqpsk  4  1.7655085763e-02  6.1009770111e-01  8  7  8.3059801763e-01  0.0 
108661 msk  4  1.7655085763e-02  6.1009770111e-01  8  7  8.3059801763e-01  0.0 
108662 16qam  4  1.7655085763e-02  6.1009770111e-01  8  7  8.3059801763e-01  0.0 
108663 64qam  4  1.7655085763e-02  6.1009770111e-01  8  7  8.3059801763e-01  0.0 
108664 256qam  4  1.7655085763e-02  6.1009770111e-01  8  7  8.3059801763e-01  0.0 
108665 bpsk  8  1.0402465765e-02  3.2013747621e-01  4  3  5.7187726797e+00  0.0 
108666 qpsk  8  1.0402465765e-02  3.2013747621e-01  4  3  5.7187726797e+00  0.0 
108667 8psk  8  1.0402465765e-02  3.2013747621e-01  4  3  5.7187726797e+00  0.0 
108668 dqpsk  8  1.0402465765e-02  3.2013747621e-01  4  3  5.7187726797e+00  0.0 
108669 msk  8  1.0402465765e-02  3.2013747621e-01  4  3  5.7187726797e+00  0.0 
108670 16qam  8  1.0402465765e-02  3.2013747621e-01  4  3  5.7187726797e+00  0.0 
108671 64qam  8  1.0402465765e-02  3.2013747621e-01  4  3  5.7187726797e+00  0.0 
108672 256qam  8  1.0402465765e-02  3.2013747621e-01  4  3  5.7187726797e+00  0.0 
108673 bpsk  3  1.6072545072e-02  5.2996238170e-01  9  8  3.9340228516e+00  0.0 
108674 qpsk  3  1.6072545072e-02  5.2996238170e-01  9  8  3.9340228516e+00  0.0 
108675 8psk  3  1.6072545072e-02  5.2996238170e-01  9  8  3.9340228516e+00  0.0 
108676 dqpsk  3  1.6072545072e-02  5.2996238170e-01  9  8  3.9340228516e+00  0.0 
108677 msk  3  1.6072545072e-02  5.2996238170e-01  9  8  3.9340228516e+00  0.0 
108678 16qam  3  1.6072545072e-02  5.2996238170e-01  9  8  3.9340228516e+00  0.0 
108679 64qam  3  1.6072545072e-02  5.2996238170e-01  9  8  3.9340228516e+00  0.0 
108680 256qam  3  1.6072545072e-02  5.2996238170e-01  9  8  3.9340228516e+00  0.0 
108681 bpsk  17  1.7704467422e-02  8.2398267502e-01  10  9  2.8388643321e+00  0.0 
108682 qpsk  17  1.7704467422e-02  8.2398267502e-01  10  9  2.8388643321e+00  0.0 
108683 8psk  17  1.7704467422e-02  8.2398267502e-01  10  9  2.8388643321e+00  0.0 
108684 dqpsk  17  1.7704467422e-02  8.2398267502e-01  10  9  2.8388643321e+00  0.0 
108685 msk  17  1.7704467422e-02  8.2398267502e-01  10  9  2.8388643321e+00  0.0 
108686 16qam  17  1.7704467422e-02  8.2398267502e-01  10  9  2.8388643321e+00  0.0 
108687 64qam  17  1.7704467422e-02  8.2398267502e-01  10  9  2.8388643321e+00  0.0 
108688 256qam  17  1.7704467422e-02  8.2398267502e-01  10  9  2.8388643321e+00  0.0 
108689 bpsk  3  1.0069012844e-02  3.9547640829e-01  4  3  5.2374375224e+00  0.0 
108690 qpsk  3  1.0069012844e-02  3.9547640829e-01  4  3  5.2374375224e+00  0.0 
108691 8psk  3  1.0069012844e-02  3.9547640829e-01  4  3  5.2374375224e+00  0.0 
108692 dqpsk  3  1.0069012844e-02  3.9547640829e-01  4  3  5.2374375224e+00  0.0 
108693 msk  3  1.0069012844e-02  3.9547640829e-01  4  3  5.2374375224e+00  0.0 
108694 16qam  3  1.0069012844e-02  3.9547640829e-01  4  3  5.2374375224e+00  0.0 
108695 64qam  3  1.0069012844e-02  3.9547640829e-01  4  3  5.2374375224e+00  0.0 
108696 256qam  3  1.0069012844e-02  3.9547640829e-01  4  3  5.2374375224e+00  0.0 
108697 bpsk  7  1.9476833385e-02  8.5322244528e-01  3  2  1.2224287608e+00  0.0 
108698 qpsk  7  1.9476833385e-02  8.5322244528e-01  3  2  1.2224287608e+00  0.0 
108699 8psk  7  1.9476833385e-02  8.5322244528e-01  3  2  1.2224287608e+00  0.0 
108700 dqpsk  7  1.9476833385e-02  8.5322244528e-01  3  2  1.2224287608e+00  0.0 
108701 msk  7  1.9476833385e-02  8.5322244528e-01  3  2  1.2224287608e+00  0.0 
108702 16qam  7  1.9476833385e-02  8.5322244528e-01  3  2  1.2224287608e+00  0.0 
108703 64qam  7  1.9476833385e-02  8.5322244528e-01  3  2  1.2224287608e+00  0.0 
108704 256qam  7  1.9476833385e-02  8.5322244528e-01  3  2  1.2224287608e+00  0.0 
108705 bpsk  15  1.8532353688e-02  4.6176212707e-01  5  4  2.3906953091e+00  0.0 
108706 qpsk  15  1.8532353688e-02  4.6176212707e-01  5  4  2.3906953091e+00  0.0 
108707 8psk  15  1.8532353688e-02  4.6176212707e-01  5  4  2.3906953091e+00  0.0 
108708 dqpsk  15  1.8532353688e-02  4.6176212707e-01  5  4  2.3906953091e+00  0.0 
108709 msk  15  1.8532353688e-02  4.6176212707e-01  5  4  2.3906953091e+00  0.0 
108710 16qam  15  1.8532353688e-02  4.6176212707e-01  5  4  2.3906953091e+00  0.0 
108711 64qam  15  1.8532353688e-02  4.6176212707e-01  5  4  2.3906953091e+00  0.0 
108712 256qam  15  1.8532353688e-02  4.6176212707e-01  5  4  2.3906953091e+00  0.0 
108713 bpsk  6  1.8112156104e-02  6.8623788899e-01  4  3  3.0918884842e-01  0.0 
108714 qpsk  6  1.8112156104e-02  6.8623788899e-01  4  3  3.0918884842e-01  0.0 
108715 8psk  6  1.8112156104e-02  6.8623788899e-01  4  3  3.0918884842e-01  0.0 
108716 dqpsk  6  1.8112156104e-02  6.8623788899e-01  4  3  3.0918884842e-01  0.0 
108717 msk  6  1.8112156104e-02  6.8623788899e-01  4  3  3.0918884842e-01  0.0 
108718 16qam  6  1.8112156104e-02  6.8623788899e-01  4  3  3.0918884842e-01  0.0 
108719 64qam  6  1.8112156104e-02  6.8623788899e-01  4  3  3.0918884842e-01  0.0 
108720 256qam  6  1.8112156104e-02  6.8623788899e-01  4  3  3.0918884842e-01  0.0 
108721 bpsk  13  1.3415116646e-02  7.5100180158e-01  8  7  5.5524969490e-01  0.0 
108722 qpsk  13  1.3415116646e-02  7.5100180158e-01  8  7  5.5524969490e-01  0.0 
108723 8psk  13  1.3415116646e-02  7.5100180158e-01  8  7  5.5524969490e-01  0.0 
108724 dqpsk  13  1.3415116646e-02  7.5100180158e-01  8  7  5.5524969490e-01  0.0 
108725 msk  13  1.3415116646e-02  7.5100180158e-01  8  7  5.5524969490e-01  0.0 
108726 16qam  13  1.3415116646e-02  7.5100180158e-01  8  7  5.5524969490e-01  0.0 
108727 64qam  13  1.3415116646e-02  7.5100180158e-01  8  7  5.5524969490e-01  0.0 
108728 256qam  13  1.3415116646e-02  7.5100180158e-01  8  7  5.5524969490e-01  0.0 
108729 bpsk  11  1.8511135977e-02  1.8443608323e-01  7  6  2.4416173737e+00  0.0 
108730 qpsk  11  1.8511135977e-02  1.8443608323e-01  7  6  2.4416173737e+00  0.0 
108731 8psk  11  1.8511135977e-02  1.8443608323e-01  7  6  2.4416173737e+00  0.0 
108732 dqpsk  11  1.8511135977e-02  1.8443608323e-01  7  6  2.4416173737e+00  0.0 
108733 msk  11  1.8511135977e-02  1.8443608323e-01  7  6  2.4416173737e+00  0.0 
108734 16qam  11  1.8511135977e-02  1.8443608323e-01  7  6  2.4416173737e+00  0.0 
108735 64qam  11  1.8511135977e-02  1.8443608323e-01  7  6  2.4416173737e+00  0.0 
108736 256qam  11  1.8511135977e-02  1.8443608323e-01  7  6  2.4416173737e+00  0.0 
108737 bpsk  4  1.6791185501e-02  8.1068154561e-01  9  8  3.5499224910e+00  0.0 
108738 qpsk  4  1.6791185501e-02  8.1068154561e-01  9  8  3.5499224910e+00  0.0 
108739 8psk  4  1.6791185501e-02  8.1068154561e-01  9  8  3.5499224910e+00  0.0 
108740 dqpsk  4  1.6791185501e-02  8.1068154561e-01  9  8  3.5499224910e+00  0.0 
108741 msk  4  1.6791185501e-02  8.1068154561e-01  9  8  3.5499224910e+00  0.0 
108742 16qam  4  1.6791185501e-02  8.1068154561e-01  9  8  3.5499224910e+00  0.0 
108743 64qam  4  1.6791185501e-02  8.1068154561e-01  9  8  3.5499224910e+00  0.0 
108744 256qam  4  1.6791185501e-02  8.1068154561e-01  9  8  3.5499224910e+00  0.0 
108745 bpsk  6  1.9104111309e-02  4.5928708098e-01  6  5  1.3894732131e+00  0.0 
108746 qpsk  6  1.9104111309e-02  4.5928708098e-01  6  5  1.3894732131e+00  0.0 
108747 8psk  6  1.9104111309e-02  4.5928708098e-01  6  5  1.3894732131e+00  0.0 
108748 dqpsk  6  1.9104111309e-02  4.5928708098e-01  6  5  1.3894732131e+00  0.0 
108749 msk  6  1.9104111309e-02  4.5928708098e-01  6  5  1.3894732131e+00  0.0 
108750 16qam  6  1.9104111309e-02  4.5928708098e-01  6  5  1.3894732131e+00  0.0 
108751 64qam  6  1.9104111309e-02  4.5928708098e-01  6  5  1.3894732131e+00  0.0 
108752 256qam  6  1.9104111309e-02  4.5928708098e-01  6  5  1.3894732131e+00  0.0 
108753 bpsk  16  1.9389503180e-02  9.0036159642e-01  8  7  3.4156755700e+00  0.0 
108754 qpsk  16  1.9389503180e-02  9.0036159642e-01  8  7  3.4156755700e+00  0.0 
108755 8psk  16  1.9389503180e-02  9.0036159642e-01  8  7  3.4156755700e+00  0.0 
108756 dqpsk  16  1.9389503180e-02  9.0036159642e-01  8  7  3.4156755700e+00  0.0 
108757 msk  16  1.9389503180e-02  9.0036159642e-01  8  7  3.4156755700e+00  0.0 
108758 16qam  16  1.9389503180e-02  9.0036159642e-01  8  7  3.4156755700e+00  0.0 
108759 64qam  16  1.9389503180e-02  9.0036159642e-01  8  7  3.4156755700e+00  0.0 
108760 256qam  16  1.9389503180e-02  9.0036159642e-01  8  7  3.4156755700e+00  0.0 
108761 bpsk  5  1.8785729892e-02  2.1956652429e-01  5  4  2.3982962402e+00  0.0 
108762 qpsk  5  1.8785729892e-02  2.1956652429e-01  5  4  2.3982962402e+00  0.0 
108763 8psk  5  1.8785729892e-02  2.1956652429e-01  5  4  2.3982962402e+00  0.0 
108764 dqpsk  5  1.8785729892e-02  2.1956652429e-01  5  4  2.3982962402e+00  0.0 
108765 msk  5  1.8785729892e-02  2.1956652429e-01  5  4  2.3982962402e+00  0.0 
108766 16qam  5  1.8785729892e-02  2.1956652429e-01  5  4  2.3982962402e+00  0.0 
108767 64qam  5  1.8785729892e-02  2.1956652429e-01  5  4  2.3982962402e+00  0.0 
108768 256qam  5  1.8785729892e-02  2.1956652429e-01  5  4  2.3982962402e+00  0.0 
108769 bpsk  14  1.0445864657e-02  4.0772586282e-01  1  1  5.2079930716e+00  0.0 
108770 qpsk  14  1.0445864657e-02  4.0772586282e-01  1  1  5.2079930716e+00  0.0 
108771 8psk  14  1.0445864657e-02  4.0772586282e-01  1  1  5.2079930716e+00  0.0 
108772 dqpsk  14  1.0445864657e-02  4.0772586282e-01  1  1  5.2079930716e+00  0.0 
108773 msk  14  1.0445864657e-02  4.0772586282e-01  1  1  5.2079930716e+00  0.0 
108774 16qam  14  1.0445864657e-02  4.0772586282e-01  1  1  5.2079930716e+00  0.0 
108775 64qam  14  1.0445864657e-02  4.0772586282e-01  1  1  5.2079930716e+00  0.0 
108776 256qam  14  1.0445864657e-02  4.0772586282e-01  1  1  5.2079930716e+00  0.0 
108777 bpsk  12  1.4356274485e-02  1.2674825718e-01  7  6  1.3374177194e+00  0.0 
108778 qpsk  12  1.4356274485e-02  1.2674825718e-01  7  6  1.3374177194e+00  0.0 
108779 8psk  12  1.4356274485e-02  1.2674825718e-01  7  6  1.3374177194e+00  0.0 
108780 dqpsk  12  1.4356274485e-02  1.2674825718e-01  7  6  1.3374177194e+00  0.0 
108781 msk  12  1.4356274485e-02  1.2674825718e-01  7  6  1.3374177194e+00  0.0 
108782 16qam  12  1.4356274485e-02  1.2674825718e-01  7  6  1.3374177194e+00  0.0 
108783 64qam  12  1.4356274485e-02  1.2674825718e-01  7  6  1.3374177194e+00  0.0 
108784 256qam  12  1.4356274485e-02  1.2674825718e-01  7  6  1.3374177194e+00  0.0 
108785 bpsk  3  1.0946232759e-02  7.5734468158e-01  6  5  6.1681323232e-01  0.0 
108786 qpsk  3  1.0946232759e-02  7.5734468158e-01  6  5  6.1681323232e-01  0.0 
108787 8psk  3  1.0946232759e-02  7.5734468158e-01  6  5  6.1681323232e-01  0.0 
108788 dqpsk  3  1.0946232759e-02  7.5734468158e-01  6  5  6.1681323232e-01  0.0 
108789 msk  3  1.0946232759e-02  7.5734468158e-01  6  5  6.1681323232e-01  0.0 
108790 16qam  3  1.0946232759e-02  7.5734468158e-01  6  5  6.1681323232e-01  0.0 
108791 64qam  3  1.0946232759e-02  7.5734468158e-01  6  5  6.1681323232e-01  0.0 
108792 256qam  3  1.0946232759e-02  7.5734468158e-01  6  5  6.1681323232e-01  0.0 
108793 bpsk  2  1.9544561142e-02  7.9348737923e-01  6  5  4.9130629355e+00  0.0 
108794 qpsk  2  1.9544561142e-02  7.9348737923e-01  6  5  4.9130629355e+00  0.0 
108795 8psk  2  1.9544561142e-02  7.9348737923e-01  6  5  4.9130629355e+00  0.0 
108796 dqpsk  2  1.9544561142e-02  7.9348737923e-01  6  5  4.9130629355e+00  0.0 
108797 msk  2  1.9544561142e-02  7.9348737923e-01  6  5  4.9130629355e+00  0.0 
108798 16qam  2  1.9544561142e-02  7.9348737923e-01  6  5  4.9130629355e+00  0.0 
108799 64qam  2  1.9544561142e-02  7.9348737923e-01  6  5  4.9130629355e+00  0.0 
108800 256qam  2  1.9544561142e-02  7.9348737923e-01  6  5  4.9130629355e+00  0.0 
108801 bpsk  6  1.0146378370e-02  4.9119117348e-01  7  6  2.6035781704e+00  0.0 
108802 qpsk  6  1.0146378370e-02  4.9119117348e-01  7  6  2.6035781704e+00  0.0 
108803 8psk  6  1.0146378370e-02  4.9119117348e-01  7  6  2.6035781704e+00  0.0 
108804 dqpsk  6  1.0146378370e-02  4.9119117348e-01  7  6  2.6035781704e+00  0.0 
108805 msk  6  1.0146378370e-02  4.9119117348e-01  7  6  2.6035781704e+00  0.0 
108806 16qam  6  1.0146378370e-02  4.9119117348e-01  7  6  2.6035781704e+00  0.0 
108807 64qam  6  1.0146378370e-02  4.9119117348e-01  7  6  2.6035781704e+00  0.0 
108808 256qam  6  1.0146378370e-02  4.9119117348e-01  7  6  2.6035781704e+00  0.0 
108809 bpsk  8  1.3772502623e-02  7.2983588889e-01  8  7  2.6887174111e+00  0.0 
108810 qpsk  8  1.3772502623e-02  7.2983588889e-01  8  7  2.6887174111e+00  0.0 
108811 8psk  8  1.3772502623e-02  7.2983588889e-01  8  7  2.6887174111e+00  0.0 
108812 dqpsk  8  1.3772502623e-02  7.2983588889e-01  8  7  2.6887174111e+00  0.0 
108813 msk  8  1.3772502623e-02  7.2983588889e-01  8  7  2.6887174111e+00  0.0 
108814 16qam  8  1.3772502623e-02  7.2983588889e-01  8  7  2.6887174111e+00  0.0 
108815 64qam  8  1.3772502623e-02  7.2983588889e-01  8  7  2.6887174111e+00  0.0 
108816 256qam  8  1.3772502623e-02  7.2983588889e-01  8  7  2.6887174111e+00  0.0 
108817 bpsk  19  1.2668027810e-02  2.1793180105e-01  10  9  4.1538009886e+00  0.0 
108818 qpsk  19  1.2668027810e-02  2.1793180105e-01  10  9  4.1538009886e+00  0.0 
108819 8psk  19  1.2668027810e-02  2.1793180105e-01  10  9  4.1538009886e+00  0.0 
108820 dqpsk  19  1.2668027810e-02  2.1793180105e-01  10  9  4.1538009886e+00  0.0 
108821 msk  19  1.2668027810e-02  2.1793180105e-01  10  9  4.1538009886e+00  0.0 
108822 16qam  19  1.2668027810e-02  2.1793180105e-01  10  9  4.1538009886e+00  0.0 
108823 64qam  19  1.2668027810e-02  2.1793180105e-01  10  9  4.1538009886e+00  0.0 
108824 256qam  19  1.2668027810e-02  2.1793180105e-01  10  9  4.1538009886e+00  0.0 
108825 bpsk  10  1.6147893340e-02  8.2320403059e-01  3  2  2.0711574917e+00  0.0 
108826 qpsk  10  1.6147893340e-02  8.2320403059e-01  3  2  2.0711574917e+00  0.0 
108827 8psk  10  1.6147893340e-02  8.2320403059e-01  3  2  2.0711574917e+00  0.0 
108828 dqpsk  10  1.6147893340e-02  8.2320403059e-01  3  2  2.0711574917e+00  0.0 
108829 msk  10  1.6147893340e-02  8.2320403059e-01  3  2  2.0711574917e+00  0.0 
108830 16qam  10  1.6147893340e-02  8.2320403059e-01  3  2  2.0711574917e+00  0.0 
108831 64qam  10  1.6147893340e-02  8.2320403059e-01  3  2  2.0711574917e+00  0.0 
108832 256qam  10  1.6147893340e-02  8.2320403059e-01  3  2  2.0711574917e+00  0.0 
108833 bpsk  17  1.2747814779e-02  9.6121990117e-01  6  5  1.0722963732e-01  0.0 
108834 qpsk  17  1.2747814779e-02  9.6121990117e-01  6  5  1.0722963732e-01  0.0 
108835 8psk  17  1.2747814779e-02  9.6121990117e-01  6  5  1.0722963732e-01  0.0 
108836 dqpsk  17  1.2747814779e-02  9.6121990117e-01  6  5  1.0722963732e-01  0.0 
108837 msk  17  1.2747814779e-02  9.6121990117e-01  6  5  1.0722963732e-01  0.0 
108838 16qam  17  1.2747814779e-02  9.6121990117e-01  6  5  1.0722963732e-01  0.0 
108839 64qam  17  1.2747814779e-02  9.6121990117e-01  6  5  1.0722963732e-01  0.0 
108840 256qam  17  1.2747814779e-02  9.6121990117e-01  6  5  1.0722963732e-01  0.0 
108841 bpsk  14  1.2384835175e-02  3.2181918114e-01  8  7  3.7457821888e-01  0.0 
108842 qpsk  14  1.2384835175e-02  3.2181918114e-01  8  7  3.7457821888e-01  0.0 
108843 8psk  14  1.2384835175e-02  3.2181918114e-01  8  7  3.7457821888e-01  0.0 
108844 dqpsk  14  1.2384835175e-02  3.2181918114e-01  8  7  3.7457821888e-01  0.0 
108845 msk  14  1.2384835175e-02  3.2181918114e-01  8  7  3.7457821888e-01  0.0 
108846 16qam  14  1.2384835175e-02  3.2181918114e-01  8  7  3.7457821888e-01  0.0 
108847 64qam  14  1.2384835175e-02  3.2181918114e-01  8  7  3.7457821888e-01  0.0 
108848 256qam  14  1.2384835175e-02  3.2181918114e-01  8  7  3.7457821888e-01  0.0 
108849 bpsk  9  1.9785678948e-02  2.0629367258e-01  9  8  1.2229861463e+00  0.0 
108850 qpsk  9  1.9785678948e-02  2.0629367258e-01  9  8  1.2229861463e+00  0.0 
108851 8psk  9  1.9785678948e-02  2.0629367258e-01  9  8  1.2229861463e+00  0.0 
108852 dqpsk  9  1.9785678948e-02  2.0629367258e-01  9  8  1.2229861463e+00  0.0 
108853 msk  9  1.9785678948e-02  2.0629367258e-01  9  8  1.2229861463e+00  0.0 
108854 16qam  9  1.9785678948e-02  2.0629367258e-01  9  8  1.2229861463e+00  0.0 
108855 64qam  9  1.9785678948e-02  2.0629367258e-01  9  8  1.2229861463e+00  0.0 
108856 256qam  9  1.9785678948e-02  2.0629367258e-01  9  8  1.2229861463e+00  0.0 
108857 bpsk  15  1.2103487995e-02  7.0233098868e-01  10  9  2.7164719783e+00  0.0 
108858 qpsk  15  1.2103487995e-02  7.0233098868e-01  10  9  2.7164719783e+00  0.0 
108859 8psk  15  1.2103487995e-02  7.0233098868e-01  10  9  2.7164719783e+00  0.0 
108860 dqpsk  15  1.2103487995e-02  7.0233098868e-01  10  9  2.7164719783e+00  0.0 
108861 msk  15  1.2103487995e-02  7.0233098868e-01  10  9  2.7164719783e+00  0.0 
108862 16qam  15  1.2103487995e-02  7.0233098868e-01  10  9  2.7164719783e+00  0.0 
108863 64qam  15  1.2103487995e-02  7.0233098868e-01  10  9  2.7164719783e+00  0.0 
108864 256qam  15  1.2103487995e-02  7.0233098868e-01  10  9  2.7164719783e+00  0.0 
108865 bpsk  3  1.5656430328e-02  9.0718566342e-01  4  3  3.0375244642e+00  0.0 
108866 qpsk  3  1.5656430328e-02  9.0718566342e-01  4  3  3.0375244642e+00  0.0 
108867 8psk  3  1.5656430328e-02  9.0718566342e-01  4  3  3.0375244642e+00  0.0 
108868 dqpsk  3  1.5656430328e-02  9.0718566342e-01  4  3  3.0375244642e+00  0.0 
108869 msk  3  1.5656430328e-02  9.0718566342e-01  4  3  3.0375244642e+00  0.0 
108870 16qam  3  1.5656430328e-02  9.0718566342e-01  4  3  3.0375244642e+00  0.0 
108871 64qam  3  1.5656430328e-02  9.0718566342e-01  4  3  3.0375244642e+00  0.0 
108872 256qam  3  1.5656430328e-02  9.0718566342e-01  4  3  3.0375244642e+00  0.0 
108873 bpsk  18  1.6606615854e-02  5.1284543701e-01  8  7  3.5613995910e+00  0.0 
108874 qpsk  18  1.6606615854e-02  5.1284543701e-01  8  7  3.5613995910e+00  0.0 
108875 8psk  18  1.6606615854e-02  5.1284543701e-01  8  7  3.5613995910e+00  0.0 
108876 dqpsk  18  1.6606615854e-02  5.1284543701e-01  8  7  3.5613995910e+00  0.0 
108877 msk  18  1.6606615854e-02  5.1284543701e-01  8  7  3.5613995910e+00  0.0 
108878 16qam  18  1.6606615854e-02  5.1284543701e-01  8  7  3.5613995910e+00  0.0 
108879 64qam  18  1.6606615854e-02  5.1284543701e-01  8  7  3.5613995910e+00  0.0 
108880 256qam  18  1.6606615854e-02  5.1284543701e-01  8  7  3.5613995910e+00  0.0 
108881 bpsk  17  1.0115841368e-02  2.3934167443e-01  1  1  1.1342999920e+00  0.0 
108882 qpsk  17  1.0115841368e-02  2.3934167443e-01  1  1  1.1342999920e+00  0.0 
108883 8psk  17  1.0115841368e-02  2.3934167443e-01  1  1  1.1342999920e+00  0.0 
108884 dqpsk  17  1.0115841368e-02  2.3934167443e-01  1  1  1.1342999920e+00  0.0 
108885 msk  17  1.0115841368e-02  2.3934167443e-01  1  1  1.1342999920e+00  0.0 
108886 16qam  17  1.0115841368e-02  2.3934167443e-01  1  1  1.1342999920e+00  0.0 
108887 64qam  17  1.0115841368e-02  2.3934167443e-01  1  1  1.1342999920e+00  0.0 
108888 256qam  17  1.0115841368e-02  2.3934167443e-01  1  1  1.1342999920e+00  0.0 
108889 bpsk  2  1.7204921567e-02  6.1708338378e-01  4  3  3.1592705503e+00  0.0 
108890 qpsk  2  1.7204921567e-02  6.1708338378e-01  4  3  3.1592705503e+00  0.0 
108891 8psk  2  1.7204921567e-02  6.1708338378e-01  4  3  3.1592705503e+00  0.0 
108892 dqpsk  2  1.7204921567e-02  6.1708338378e-01  4  3  3.1592705503e+00  0.0 
108893 msk  2  1.7204921567e-02  6.1708338378e-01  4  3  3.1592705503e+00  0.0 
108894 16qam  2  1.7204921567e-02  6.1708338378e-01  4  3  3.1592705503e+00  0.0 
108895 64qam  2  1.7204921567e-02  6.1708338378e-01  4  3  3.1592705503e+00  0.0 
108896 256qam  2  1.7204921567e-02  6.1708338378e-01  4  3  3.1592705503e+00  0.0 
108897 bpsk  5  1.3797465230e-02  6.1735641003e-01  8  7  0.0000000000e+00  0.0 
108898 qpsk  5  1.3797465230e-02  6.1735641003e-01  8  7  0.0000000000e+00  0.0 
108899 8psk  5  1.3797465230e-02  6.1735641003e-01  8  7  0.0000000000e+00  0.0 
108900 dqpsk  5  1.3797465230e-02  6.1735641003e-01  8  7  0.0000000000e+00  0.0 
108901 msk  5  1.3797465230e-02  6.1735641003e-01  8  7  0.0000000000e+00  0.0 
108902 16qam  5  1.3797465230e-02  6.1735641003e-01  8  7  0.0000000000e+00  0.0 
108903 64qam  5  1.3797465230e-02  6.1735641003e-01  8  7  0.0000000000e+00  0.0 
108904 256qam  5  1.3797465230e-02  6.1735641003e-01  8  7  0.0000000000e+00  0.0 
108905 bpsk  17  1.7172882450e-02  2.9378697893e-01  10  9  2.1305881401e+00  0.0 
108906 qpsk  17  1.7172882450e-02  2.9378697893e-01  10  9  2.1305881401e+00  0.0 
108907 8psk  17  1.7172882450e-02  2.9378697893e-01  10  9  2.1305881401e+00  0.0 
108908 dqpsk  17  1.7172882450e-02  2.9378697893e-01  10  9  2.1305881401e+00  0.0 
108909 msk  17  1.7172882450e-02  2.9378697893e-01  10  9  2.1305881401e+00  0.0 
108910 16qam  17  1.7172882450e-02  2.9378697893e-01  10  9  2.1305881401e+00  0.0 
108911 64qam  17  1.7172882450e-02  2.9378697893e-01  10  9  2.1305881401e+00  0.0 
108912 256qam  17  1.7172882450e-02  2.9378697893e-01  10  9  2.1305881401e+00  0.0 
108913 bpsk  9  1.3957999188e-02  3.4347014523e-01  9  8  4.6849669924e-01  0.0 
108914 qpsk  9  1.3957999188e-02  3.4347014523e-01  9  8  4.6849669924e-01  0.0 
108915 8psk  9  1.3957999188e-02  3.4347014523e-01  9  8  4.6849669924e-01  0.0 
108916 dqpsk  9  1.3957999188e-02  3.4347014523e-01  9  8  4.6849669924e-01  0.0 
108917 msk  9  1.3957999188e-02  3.4347014523e-01  9  8  4.6849669924e-01  0.0 
108918 16qam  9  1.3957999188e-02  3.4347014523e-01  9  8  4.6849669924e-01  0.0 
108919 64qam  9  1.3957999188e-02  3.4347014523e-01  9  8  4.6849669924e-01  0.0 
108920 256qam  9  1.3957999188e-02  3.4347014523e-01  9  8  4.6849669924e-01  0.0 
108921 bpsk  18  1.8826759631e-02  2.9846648230e-01  4  3  1.5895621685e+00  0.0 
108922 qpsk  18  1.8826759631e-02  2.9846648230e-01  4  3  1.5895621685e+00  0.0 
108923 8psk  18  1.8826759631e-02  2.9846648230e-01  4  3  1.5895621685e+00  0.0 
108924 dqpsk  18  1.8826759631e-02  2.9846648230e-01  4  3  1.5895621685e+00  0.0 
108925 msk  18  1.8826759631e-02  2.9846648230e-01  4  3  1.5895621685e+00  0.0 
108926 16qam  18  1.8826759631e-02  2.9846648230e-01  4  3  1.5895621685e+00  0.0 
108927 64qam  18  1.8826759631e-02  2.9846648230e-01  4  3  1.5895621685e+00  0.0 
108928 256qam  18  1.8826759631e-02  2.9846648230e-01  4  3  1.5895621685e+00  0.0 
108929 bpsk  17  1.2742242361e-02  7.0065079988e-01  1  1  5.1689880242e+00  0.0 
108930 qpsk  17  1.2742242361e-02  7.0065079988e-01  1  1  5.1689880242e+00  0.0 
108931 8psk  17  1.2742242361e-02  7.0065079988e-01  1  1  5.1689880242e+00  0.0 
108932 dqpsk  17  1.2742242361e-02  7.0065079988e-01  1  1  5.1689880242e+00  0.0 
108933 msk  17  1.2742242361e-02  7.0065079988e-01  1  1  5.1689880242e+00  0.0 
108934 16qam  17  1.2742242361e-02  7.0065079988e-01  1  1  5.1689880242e+00  0.0 
108935 64qam  17  1.2742242361e-02  7.0065079988e-01  1  1  5.1689880242e+00  0.0 
108936 256qam  17  1.2742242361e-02  7.0065079988e-01  1  1  5.1689880242e+00  0.0 
108937 bpsk  12  1.4369220274e-02  8.8458263534e-01  5  4  1.8203555908e+00  0.0 
108938 qpsk  12  1.4369220274e-02  8.8458263534e-01  5  4  1.8203555908e+00  0.0 
108939 8psk  12  1.4369220274e-02  8.8458263534e-01  5  4  1.8203555908e+00  0.0 
108940 dqpsk  12  1.4369220274e-02  8.8458263534e-01  5  4  1.8203555908e+00  0.0 
108941 msk  12  1.4369220274e-02  8.8458263534e-01  5  4  1.8203555908e+00  0.0 
108942 16qam  12  1.4369220274e-02  8.8458263534e-01  5  4  1.8203555908e+00  0.0 
108943 64qam  12  1.4369220274e-02  8.8458263534e-01  5  4  1.8203555908e+00  0.0 
108944 256qam  12  1.4369220274e-02  8.8458263534e-01  5  4  1.8203555908e+00  0.0 
108945 bpsk  5  1.3950212294e-02  3.4610145595e-01  4  3  2.4113054550e+00  0.0 
108946 qpsk  5  1.3950212294e-02  3.4610145595e-01  4  3  2.4113054550e+00  0.0 
108947 8psk  5  1.3950212294e-02  3.4610145595e-01  4  3  2.4113054550e+00  0.0 
108948 dqpsk  5  1.3950212294e-02  3.4610145595e-01  4  3  2.4113054550e+00  0.0 
108949 msk  5  1.3950212294e-02  3.4610145595e-01  4  3  2.4113054550e+00  0.0 
108950 16qam  5  1.3950212294e-02  3.4610145595e-01  4  3  2.4113054550e+00  0.0 
108951 64qam  5  1.3950212294e-02  3.4610145595e-01  4  3  2.4113054550e+00  0.0 
108952 256qam  5  1.3950212294e-02  3.4610145595e-01  4  3  2.4113054550e+00  0.0 
108953 bpsk  7  1.9680515275e-02  4.6843031472e-01  3  2  3.2460057583e+00  0.0 
108954 qpsk  7  1.9680515275e-02  4.6843031472e-01  3  2  3.2460057583e+00  0.0 
108955 8psk  7  1.9680515275e-02  4.6843031472e-01  3  2  3.2460057583e+00  0.0 
108956 dqpsk  7  1.9680515275e-02  4.6843031472e-01  3  2  3.2460057583e+00  0.0 
108957 msk  7  1.9680515275e-02  4.6843031472e-01  3  2  3.2460057583e+00  0.0 
108958 16qam  7  1.9680515275e-02  4.6843031472e-01  3  2  3.2460057583e+00  0.0 
108959 64qam  7  1.9680515275e-02  4.6843031472e-01  3  2  3.2460057583e+00  0.0 
108960 256qam  7  1.9680515275e-02  4.6843031472e-01  3  2  3.2460057583e+00  0.0 
108961 bpsk  17  1.2592951248e-02  5.1659267829e-01  1  1  1.1869620560e+00  0.0 
108962 qpsk  17  1.2592951248e-02  5.1659267829e-01  1  1  1.1869620560e+00  0.0 
108963 8psk  17  1.2592951248e-02  5.1659267829e-01  1  1  1.1869620560e+00  0.0 
108964 dqpsk  17  1.2592951248e-02  5.1659267829e-01  1  1  1.1869620560e+00  0.0 
108965 msk  17  1.2592951248e-02  5.1659267829e-01  1  1  1.1869620560e+00  0.0 
108966 16qam  17  1.2592951248e-02  5.1659267829e-01  1  1  1.1869620560e+00  0.0 
108967 64qam  17  1.2592951248e-02  5.1659267829e-01  1  1  1.1869620560e+00  0.0 
108968 256qam  17  1.2592951248e-02  5.1659267829e-01  1  1  1.1869620560e+00  0.0 
108969 bpsk  19  1.0711407387e-02  6.1100148503e-01  1  1  4.3409269751e+00  0.0 
108970 qpsk  19  1.0711407387e-02  6.1100148503e-01  1  1  4.3409269751e+00  0.0 
108971 8psk  19  1.0711407387e-02  6.1100148503e-01  1  1  4.3409269751e+00  0.0 
108972 dqpsk  19  1.0711407387e-02  6.1100148503e-01  1  1  4.3409269751e+00  0.0 
108973 msk  19  1.0711407387e-02  6.1100148503e-01  1  1  4.3409269751e+00  0.0 
108974 16qam  19  1.0711407387e-02  6.1100148503e-01  1  1  4.3409269751e+00  0.0 
108975 64qam  19  1.0711407387e-02  6.1100148503e-01  1  1  4.3409269751e+00  0.0 
108976 256qam  19  1.0711407387e-02  6.1100148503e-01  1  1  4.3409269751e+00  0.0 
108977 bpsk  8  1.5876464804e-02  3.6793982763e-01  8  7  2.3416016969e+00  0.0 
108978 qpsk  8  1.5876464804e-02  3.6793982763e-01  8  7  2.3416016969e+00  0.0 
108979 8psk  8  1.5876464804e-02  3.6793982763e-01  8  7  2.3416016969e+00  0.0 
108980 dqpsk  8  1.5876464804e-02  3.6793982763e-01  8  7  2.3416016969e+00  0.0 
108981 msk  8  1.5876464804e-02  3.6793982763e-01  8  7  2.3416016969e+00  0.0 
108982 16qam  8  1.5876464804e-02  3.6793982763e-01  8  7  2.3416016969e+00  0.0 
108983 64qam  8  1.5876464804e-02  3.6793982763e-01  8  7  2.3416016969e+00  0.0 
108984 256qam  8  1.5876464804e-02  3.6793982763e-01  8  7  2.3416016969e+00  0.0 
108985 bpsk  2  1.1605314754e-02  4.7103501329e-01  4  3  3.2943668316e+00  0.0 
108986 qpsk  2  1.1605314754e-02  4.7103501329e-01  4  3  3.2943668316e+00  0.0 
108987 8psk  2  1.1605314754e-02  4.7103501329e-01  4  3  3.2943668316e+00  0.0 
108988 dqpsk  2  1.1605314754e-02  4.7103501329e-01  4  3  3.2943668316e+00  0.0 
108989 msk  2  1.1605314754e-02  4.7103501329e-01  4  3  3.2943668316e+00  0.0 
108990 16qam  2  1.1605314754e-02  4.7103501329e-01  4  3  3.2943668316e+00  0.0 
108991 64qam  2  1.1605314754e-02  4.7103501329e-01  4  3  3.2943668316e+00  0.0 
108992 256qam  2  1.1605314754e-02  4.7103501329e-01  4  3  3.2943668316e+00  0.0 
108993 bpsk  19  1.2289295759e-02  8.4928617798e-01  8  7  2.8351623064e-01  0.0 
108994 qpsk  19  1.2289295759e-02  8.4928617798e-01  8  7  2.8351623064e-01  0.0 
108995 8psk  19  1.2289295759e-02  8.4928617798e-01  8  7  2.8351623064e-01  0.0 
108996 dqpsk  19  1.2289295759e-02  8.4928617798e-01  8  7  2.8351623064e-01  0.0 
108997 msk  19  1.2289295759e-02  8.4928617798e-01  8  7  2.8351623064e-01  0.0 
108998 16qam  19  1.2289295759e-02  8.4928617798e-01  8  7  2.8351623064e-01  0.0 
108999 64qam  19  1.2289295759e-02  8.4928617798e-01  8  7  2.8351623064e-01  0.0 
109000 256qam  19  1.2289295759e-02  8.4928617798e-01  8  7  2.8351623064e-01  0.0 
109001 bpsk  16  1.7407302535e-02  9.4905139091e-01  8  7  4.8490237168e+00  0.0 
109002 qpsk  16  1.7407302535e-02  9.4905139091e-01  8  7  4.8490237168e+00  0.0 
109003 8psk  16  1.7407302535e-02  9.4905139091e-01  8  7  4.8490237168e+00  0.0 
109004 dqpsk  16  1.7407302535e-02  9.4905139091e-01  8  7  4.8490237168e+00  0.0 
109005 msk  16  1.7407302535e-02  9.4905139091e-01  8  7  4.8490237168e+00  0.0 
109006 16qam  16  1.7407302535e-02  9.4905139091e-01  8  7  4.8490237168e+00  0.0 
109007 64qam  16  1.7407302535e-02  9.4905139091e-01  8  7  4.8490237168e+00  0.0 
109008 256qam  16  1.7407302535e-02  9.4905139091e-01  8  7  4.8490237168e+00  0.0 
109009 bpsk  2  1.9230206363e-02  7.6290167875e-01  10  9  2.0202616509e+00  0.0 
109010 qpsk  2  1.9230206363e-02  7.6290167875e-01  10  9  2.0202616509e+00  0.0 
109011 8psk  2  1.9230206363e-02  7.6290167875e-01  10  9  2.0202616509e+00  0.0 
109012 dqpsk  2  1.9230206363e-02  7.6290167875e-01  10  9  2.0202616509e+00  0.0 
109013 msk  2  1.9230206363e-02  7.6290167875e-01  10  9  2.0202616509e+00  0.0 
109014 16qam  2  1.9230206363e-02  7.6290167875e-01  10  9  2.0202616509e+00  0.0 
109015 64qam  2  1.9230206363e-02  7.6290167875e-01  10  9  2.0202616509e+00  0.0 
109016 256qam  2  1.9230206363e-02  7.6290167875e-01  10  9  2.0202616509e+00  0.0 
109017 bpsk  9  1.9098224619e-02  8.5706518309e-01  10  9  4.3302115909e+00  0.0 
109018 qpsk  9  1.9098224619e-02  8.5706518309e-01  10  9  4.3302115909e+00  0.0 
109019 8psk  9  1.9098224619e-02  8.5706518309e-01  10  9  4.3302115909e+00  0.0 
109020 dqpsk  9  1.9098224619e-02  8.5706518309e-01  10  9  4.3302115909e+00  0.0 
109021 msk  9  1.9098224619e-02  8.5706518309e-01  10  9  4.3302115909e+00  0.0 
109022 16qam  9  1.9098224619e-02  8.5706518309e-01  10  9  4.3302115909e+00  0.0 
109023 64qam  9  1.9098224619e-02  8.5706518309e-01  10  9  4.3302115909e+00  0.0 
109024 256qam  9  1.9098224619e-02  8.5706518309e-01  10  9  4.3302115909e+00  0.0 
109025 bpsk  18  1.3387984264e-02  4.9168467192e-01  8  7  4.3040746678e+00  0.0 
109026 qpsk  18  1.3387984264e-02  4.9168467192e-01  8  7  4.3040746678e+00  0.0 
109027 8psk  18  1.3387984264e-02  4.9168467192e-01  8  7  4.3040746678e+00  0.0 
109028 dqpsk  18  1.3387984264e-02  4.9168467192e-01  8  7  4.3040746678e+00  0.0 
109029 msk  18  1.3387984264e-02  4.9168467192e-01  8  7  4.3040746678e+00  0.0 
109030 16qam  18  1.3387984264e-02  4.9168467192e-01  8  7  4.3040746678e+00  0.0 
109031 64qam  18  1.3387984264e-02  4.9168467192e-01  8  7  4.3040746678e+00  0.0 
109032 256qam  18  1.3387984264e-02  4.9168467192e-01  8  7  4.3040746678e+00  0.0 
109033 bpsk  4  1.3946253567e-02  4.3067798895e-01  4  3  4.2165603041e+00  0.0 
109034 qpsk  4  1.3946253567e-02  4.3067798895e-01  4  3  4.2165603041e+00  0.0 
109035 8psk  4  1.3946253567e-02  4.3067798895e-01  4  3  4.2165603041e+00  0.0 
109036 dqpsk  4  1.3946253567e-02  4.3067798895e-01  4  3  4.2165603041e+00  0.0 
109037 msk  4  1.3946253567e-02  4.3067798895e-01  4  3  4.2165603041e+00  0.0 
109038 16qam  4  1.3946253567e-02  4.3067798895e-01  4  3  4.2165603041e+00  0.0 
109039 64qam  4  1.3946253567e-02  4.3067798895e-01  4  3  4.2165603041e+00  0.0 
109040 256qam  4  1.3946253567e-02  4.3067798895e-01  4  3  4.2165603041e+00  0.0 
109041 bpsk  8  1.1384437851e-02  5.1719887712e-01  4  3  3.5686168693e+00  0.0 
109042 qpsk  8  1.1384437851e-02  5.1719887712e-01  4  3  3.5686168693e+00  0.0 
109043 8psk  8  1.1384437851e-02  5.1719887712e-01  4  3  3.5686168693e+00  0.0 
109044 dqpsk  8  1.1384437851e-02  5.1719887712e-01  4  3  3.5686168693e+00  0.0 
109045 msk  8  1.1384437851e-02  5.1719887712e-01  4  3  3.5686168693e+00  0.0 
109046 16qam  8  1.1384437851e-02  5.1719887712e-01  4  3  3.5686168693e+00  0.0 
109047 64qam  8  1.1384437851e-02  5.1719887712e-01  4  3  3.5686168693e+00  0.0 
109048 256qam  8  1.1384437851e-02  5.1719887712e-01  4  3  3.5686168693e+00  0.0 
109049 bpsk  11  1.3738989014e-02  3.1785906932e-01  10  9  4.9003779752e+00  0.0 
109050 qpsk  11  1.3738989014e-02  3.1785906932e-01  10  9  4.9003779752e+00  0.0 
109051 8psk  11  1.3738989014e-02  3.1785906932e-01  10  9  4.9003779752e+00  0.0 
109052 dqpsk  11  1.3738989014e-02  3.1785906932e-01  10  9  4.9003779752e+00  0.0 
109053 msk  11  1.3738989014e-02  3.1785906932e-01  10  9  4.9003779752e+00  0.0 
109054 16qam  11  1.3738989014e-02  3.1785906932e-01  10  9  4.9003779752e+00  0.0 
109055 64qam  11  1.3738989014e-02  3.1785906932e-01  10  9  4.9003779752e+00  0.0 
109056 256qam  11  1.3738989014e-02  3.1785906932e-01  10  9  4.9003779752e+00  0.0 
109057 bpsk  18  1.4531086708e-02  7.2518782649e-01  7  6  4.3665037217e+00  0.0 
109058 qpsk  18  1.4531086708e-02  7.2518782649e-01  7  6  4.3665037217e+00  0.0 
109059 8psk  18  1.4531086708e-02  7.2518782649e-01  7  6  4.3665037217e+00  0.0 
109060 dqpsk  18  1.4531086708e-02  7.2518782649e-01  7  6  4.3665037217e+00  0.0 
109061 msk  18  1.4531086708e-02  7.2518782649e-01  7  6  4.3665037217e+00  0.0 
109062 16qam  18  1.4531086708e-02  7.2518782649e-01  7  6  4.3665037217e+00  0.0 
109063 64qam  18  1.4531086708e-02  7.2518782649e-01  7  6  4.3665037217e+00  0.0 
109064 256qam  18  1.4531086708e-02  7.2518782649e-01  7  6  4.3665037217e+00  0.0 
109065 bpsk  11  1.3359725561e-02  1.3830944167e-01  10  9  5.0093515682e+00  0.0 
109066 qpsk  11  1.3359725561e-02  1.3830944167e-01  10  9  5.0093515682e+00  0.0 
109067 8psk  11  1.3359725561e-02  1.3830944167e-01  10  9  5.0093515682e+00  0.0 
109068 dqpsk  11  1.3359725561e-02  1.3830944167e-01  10  9  5.0093515682e+00  0.0 
109069 msk  11  1.3359725561e-02  1.3830944167e-01  10  9  5.0093515682e+00  0.0 
109070 16qam  11  1.3359725561e-02  1.3830944167e-01  10  9  5.0093515682e+00  0.0 
109071 64qam  11  1.3359725561e-02  1.3830944167e-01  10  9  5.0093515682e+00  0.0 
109072 256qam  11  1.3359725561e-02  1.3830944167e-01  10  9  5.0093515682e+00  0.0 
109073 bpsk  2  1.5629364499e-02  2.7986920012e-01  1  1  2.5445073830e+00  0.0 
109074 qpsk  2  1.5629364499e-02  2.7986920012e-01  1  1  2.5445073830e+00  0.0 
109075 8psk  2  1.5629364499e-02  2.7986920012e-01  1  1  2.5445073830e+00  0.0 
109076 dqpsk  2  1.5629364499e-02  2.7986920012e-01  1  1  2.5445073830e+00  0.0 
109077 msk  2  1.5629364499e-02  2.7986920012e-01  1  1  2.5445073830e+00  0.0 
109078 16qam  2  1.5629364499e-02  2.7986920012e-01  1  1  2.5445073830e+00  0.0 
109079 64qam  2  1.5629364499e-02  2.7986920012e-01  1  1  2.5445073830e+00  0.0 
109080 256qam  2  1.5629364499e-02  2.7986920012e-01  1  1  2.5445073830e+00  0.0 
109081 bpsk  16  1.0506400677e-02  1.0000000354e-01  4  3  2.6516671533e+00  0.0 
109082 qpsk  16  1.0506400677e-02  1.0000000354e-01  4  3  2.6516671533e+00  0.0 
109083 8psk  16  1.0506400677e-02  1.0000000354e-01  4  3  2.6516671533e+00  0.0 
109084 dqpsk  16  1.0506400677e-02  1.0000000354e-01  4  3  2.6516671533e+00  0.0 
109085 msk  16  1.0506400677e-02  1.0000000354e-01  4  3  2.6516671533e+00  0.0 
109086 16qam  16  1.0506400677e-02  1.0000000354e-01  4  3  2.6516671533e+00  0.0 
109087 64qam  16  1.0506400677e-02  1.0000000354e-01  4  3  2.6516671533e+00  0.0 
109088 256qam  16  1.0506400677e-02  1.0000000354e-01  4  3  2.6516671533e+00  0.0 
109089 bpsk  11  1.3569992938e-02  4.3181680734e-01  7  6  4.3685890092e+00  0.0 
109090 qpsk  11  1.3569992938e-02  4.3181680734e-01  7  6  4.3685890092e+00  0.0 
109091 8psk  11  1.3569992938e-02  4.3181680734e-01  7  6  4.3685890092e+00  0.0 
109092 dqpsk  11  1.3569992938e-02  4.3181680734e-01  7  6  4.3685890092e+00  0.0 
109093 msk  11  1.3569992938e-02  4.3181680734e-01  7  6  4.3685890092e+00  0.0 
109094 16qam  11  1.3569992938e-02  4.3181680734e-01  7  6  4.3685890092e+00  0.0 
109095 64qam  11  1.3569992938e-02  4.3181680734e-01  7  6  4.3685890092e+00  0.0 
109096 256qam  11  1.3569992938e-02  4.3181680734e-01  7  6  4.3685890092e+00  0.0 
109097 bpsk  11  1.1900991629e-02  9.4500503584e-01  1  1  7.8966593566e-01  0.0 
109098 qpsk  11  1.1900991629e-02  9.4500503584e-01  1  1  7.8966593566e-01  0.0 
109099 8psk  11  1.1900991629e-02  9.4500503584e-01  1  1  7.8966593566e-01  0.0 
109100 dqpsk  11  1.1900991629e-02  9.4500503584e-01  1  1  7.8966593566e-01  0.0 
109101 msk  11  1.1900991629e-02  9.4500503584e-01  1  1  7.8966593566e-01  0.0 
109102 16qam  11  1.1900991629e-02  9.4500503584e-01  1  1  7.8966593566e-01  0.0 
109103 64qam  11  1.1900991629e-02  9.4500503584e-01  1  1  7.8966593566e-01  0.0 
109104 256qam  11  1.1900991629e-02  9.4500503584e-01  1  1  7.8966593566e-01  0.0 
109105 bpsk  7  1.7542627706e-02  8.4393414501e-01  5  4  7.9423842234e-01  0.0 
109106 qpsk  7  1.7542627706e-02  8.4393414501e-01  5  4  7.9423842234e-01  0.0 
109107 8psk  7  1.7542627706e-02  8.4393414501e-01  5  4  7.9423842234e-01  0.0 
109108 dqpsk  7  1.7542627706e-02  8.4393414501e-01  5  4  7.9423842234e-01  0.0 
109109 msk  7  1.7542627706e-02  8.4393414501e-01  5  4  7.9423842234e-01  0.0 
109110 16qam  7  1.7542627706e-02  8.4393414501e-01  5  4  7.9423842234e-01  0.0 
109111 64qam  7  1.7542627706e-02  8.4393414501e-01  5  4  7.9423842234e-01  0.0 
109112 256qam  7  1.7542627706e-02  8.4393414501e-01  5  4  7.9423842234e-01  0.0 
109113 bpsk  8  1.8286040914e-02  6.4718670453e-01  3  2  5.8982324830e+00  0.0 
109114 qpsk  8  1.8286040914e-02  6.4718670453e-01  3  2  5.8982324830e+00  0.0 
109115 8psk  8  1.8286040914e-02  6.4718670453e-01  3  2  5.8982324830e+00  0.0 
109116 dqpsk  8  1.8286040914e-02  6.4718670453e-01  3  2  5.8982324830e+00  0.0 
109117 msk  8  1.8286040914e-02  6.4718670453e-01  3  2  5.8982324830e+00  0.0 
109118 16qam  8  1.8286040914e-02  6.4718670453e-01  3  2  5.8982324830e+00  0.0 
109119 64qam  8  1.8286040914e-02  6.4718670453e-01  3  2  5.8982324830e+00  0.0 
109120 256qam  8  1.8286040914e-02  6.4718670453e-01  3  2  5.8982324830e+00  0.0 
109121 bpsk  12  1.1909426213e-02  3.4278299041e-01  6  5  6.6139403103e-01  0.0 
109122 qpsk  12  1.1909426213e-02  3.4278299041e-01  6  5  6.6139403103e-01  0.0 
109123 8psk  12  1.1909426213e-02  3.4278299041e-01  6  5  6.6139403103e-01  0.0 
109124 dqpsk  12  1.1909426213e-02  3.4278299041e-01  6  5  6.6139403103e-01  0.0 
109125 msk  12  1.1909426213e-02  3.4278299041e-01  6  5  6.6139403103e-01  0.0 
109126 16qam  12  1.1909426213e-02  3.4278299041e-01  6  5  6.6139403103e-01  0.0 
109127 64qam  12  1.1909426213e-02  3.4278299041e-01  6  5  6.6139403103e-01  0.0 
109128 256qam  12  1.1909426213e-02  3.4278299041e-01  6  5  6.6139403103e-01  0.0 
109129 bpsk  9  1.3338053941e-02  9.3267377911e-01  6  5  2.5016461675e+00  0.0 
109130 qpsk  9  1.3338053941e-02  9.3267377911e-01  6  5  2.5016461675e+00  0.0 
109131 8psk  9  1.3338053941e-02  9.3267377911e-01  6  5  2.5016461675e+00  0.0 
109132 dqpsk  9  1.3338053941e-02  9.3267377911e-01  6  5  2.5016461675e+00  0.0 
109133 msk  9  1.3338053941e-02  9.3267377911e-01  6  5  2.5016461675e+00  0.0 
109134 16qam  9  1.3338053941e-02  9.3267377911e-01  6  5  2.5016461675e+00  0.0 
109135 64qam  9  1.3338053941e-02  9.3267377911e-01  6  5  2.5016461675e+00  0.0 
109136 256qam  9  1.3338053941e-02  9.3267377911e-01  6  5  2.5016461675e+00  0.0 
109137 bpsk  7  1.8831823239e-02  4.7162867995e-01  5  4  5.2814979269e+00  0.0 
109138 qpsk  7  1.8831823239e-02  4.7162867995e-01  5  4  5.2814979269e+00  0.0 
109139 8psk  7  1.8831823239e-02  4.7162867995e-01  5  4  5.2814979269e+00  0.0 
109140 dqpsk  7  1.8831823239e-02  4.7162867995e-01  5  4  5.2814979269e+00  0.0 
109141 msk  7  1.8831823239e-02  4.7162867995e-01  5  4  5.2814979269e+00  0.0 
109142 16qam  7  1.8831823239e-02  4.7162867995e-01  5  4  5.2814979269e+00  0.0 
109143 64qam  7  1.8831823239e-02  4.7162867995e-01  5  4  5.2814979269e+00  0.0 
109144 256qam  7  1.8831823239e-02  4.7162867995e-01  5  4  5.2814979269e+00  0.0 
109145 bpsk  11  1.2773646940e-02  8.3854233799e-01  5  4  7.2064146693e-01  0.0 
109146 qpsk  11  1.2773646940e-02  8.3854233799e-01  5  4  7.2064146693e-01  0.0 
109147 8psk  11  1.2773646940e-02  8.3854233799e-01  5  4  7.2064146693e-01  0.0 
109148 dqpsk  11  1.2773646940e-02  8.3854233799e-01  5  4  7.2064146693e-01  0.0 
109149 msk  11  1.2773646940e-02  8.3854233799e-01  5  4  7.2064146693e-01  0.0 
109150 16qam  11  1.2773646940e-02  8.3854233799e-01  5  4  7.2064146693e-01  0.0 
109151 64qam  11  1.2773646940e-02  8.3854233799e-01  5  4  7.2064146693e-01  0.0 
109152 256qam  11  1.2773646940e-02  8.3854233799e-01  5  4  7.2064146693e-01  0.0 
109153 bpsk  6  1.2950679794e-02  4.1711974147e-01  7  6  2.0150562046e+00  0.0 
109154 qpsk  6  1.2950679794e-02  4.1711974147e-01  7  6  2.0150562046e+00  0.0 
109155 8psk  6  1.2950679794e-02  4.1711974147e-01  7  6  2.0150562046e+00  0.0 
109156 dqpsk  6  1.2950679794e-02  4.1711974147e-01  7  6  2.0150562046e+00  0.0 
109157 msk  6  1.2950679794e-02  4.1711974147e-01  7  6  2.0150562046e+00  0.0 
109158 16qam  6  1.2950679794e-02  4.1711974147e-01  7  6  2.0150562046e+00  0.0 
109159 64qam  6  1.2950679794e-02  4.1711974147e-01  7  6  2.0150562046e+00  0.0 
109160 256qam  6  1.2950679794e-02  4.1711974147e-01  7  6  2.0150562046e+00  0.0 
109161 bpsk  15  1.5547850626e-02  9.3489128190e-01  3  2  4.1240510716e+00  0.0 
109162 qpsk  15  1.5547850626e-02  9.3489128190e-01  3  2  4.1240510716e+00  0.0 
109163 8psk  15  1.5547850626e-02  9.3489128190e-01  3  2  4.1240510716e+00  0.0 
109164 dqpsk  15  1.5547850626e-02  9.3489128190e-01  3  2  4.1240510716e+00  0.0 
109165 msk  15  1.5547850626e-02  9.3489128190e-01  3  2  4.1240510716e+00  0.0 
109166 16qam  15  1.5547850626e-02  9.3489128190e-01  3  2  4.1240510716e+00  0.0 
109167 64qam  15  1.5547850626e-02  9.3489128190e-01  3  2  4.1240510716e+00  0.0 
109168 256qam  15  1.5547850626e-02  9.3489128190e-01  3  2  4.1240510716e+00  0.0 
109169 bpsk  15  1.4085995770e-02  1.7513347053e-01  10  9  7.6138462661e-01  0.0 
109170 qpsk  15  1.4085995770e-02  1.7513347053e-01  10  9  7.6138462661e-01  0.0 
109171 8psk  15  1.4085995770e-02  1.7513347053e-01  10  9  7.6138462661e-01  0.0 
109172 dqpsk  15  1.4085995770e-02  1.7513347053e-01  10  9  7.6138462661e-01  0.0 
109173 msk  15  1.4085995770e-02  1.7513347053e-01  10  9  7.6138462661e-01  0.0 
109174 16qam  15  1.4085995770e-02  1.7513347053e-01  10  9  7.6138462661e-01  0.0 
109175 64qam  15  1.4085995770e-02  1.7513347053e-01  10  9  7.6138462661e-01  0.0 
109176 256qam  15  1.4085995770e-02  1.7513347053e-01  10  9  7.6138462661e-01  0.0 
109177 bpsk  11  1.7000073283e-02  8.7725685484e-01  4  3  1.0608217786e+00  0.0 
109178 qpsk  11  1.7000073283e-02  8.7725685484e-01  4  3  1.0608217786e+00  0.0 
109179 8psk  11  1.7000073283e-02  8.7725685484e-01  4  3  1.0608217786e+00  0.0 
109180 dqpsk  11  1.7000073283e-02  8.7725685484e-01  4  3  1.0608217786e+00  0.0 
109181 msk  11  1.7000073283e-02  8.7725685484e-01  4  3  1.0608217786e+00  0.0 
109182 16qam  11  1.7000073283e-02  8.7725685484e-01  4  3  1.0608217786e+00  0.0 
109183 64qam  11  1.7000073283e-02  8.7725685484e-01  4  3  1.0608217786e+00  0.0 
109184 256qam  11  1.7000073283e-02  8.7725685484e-01  4  3  1.0608217786e+00  0.0 
109185 bpsk  12  1.0396599610e-02  8.7266791736e-01  7  6  3.6759243328e+00  0.0 
109186 qpsk  12  1.0396599610e-02  8.7266791736e-01  7  6  3.6759243328e+00  0.0 
109187 8psk  12  1.0396599610e-02  8.7266791736e-01  7  6  3.6759243328e+00  0.0 
109188 dqpsk  12  1.0396599610e-02  8.7266791736e-01  7  6  3.6759243328e+00  0.0 
109189 msk  12  1.0396599610e-02  8.7266791736e-01  7  6  3.6759243328e+00  0.0 
109190 16qam  12  1.0396599610e-02  8.7266791736e-01  7  6  3.6759243328e+00  0.0 
109191 64qam  12  1.0396599610e-02  8.7266791736e-01  7  6  3.6759243328e+00  0.0 
109192 256qam  12  1.0396599610e-02  8.7266791736e-01  7  6  3.6759243328e+00  0.0 
109193 bpsk  2  1.4900011217e-02  1.5276909407e-01  3  2  3.5860420162e+00  0.0 
109194 qpsk  2  1.4900011217e-02  1.5276909407e-01  3  2  3.5860420162e+00  0.0 
109195 8psk  2  1.4900011217e-02  1.5276909407e-01  3  2  3.5860420162e+00  0.0 
109196 dqpsk  2  1.4900011217e-02  1.5276909407e-01  3  2  3.5860420162e+00  0.0 
109197 msk  2  1.4900011217e-02  1.5276909407e-01  3  2  3.5860420162e+00  0.0 
109198 16qam  2  1.4900011217e-02  1.5276909407e-01  3  2  3.5860420162e+00  0.0 
109199 64qam  2  1.4900011217e-02  1.5276909407e-01  3  2  3.5860420162e+00  0.0 
109200 256qam  2  1.4900011217e-02  1.5276909407e-01  3  2  3.5860420162e+00  0.0 
109201 bpsk  6  1.1397392997e-02  7.7503144139e-01  9  8  2.1237936523e+00  0.0 
109202 qpsk  6  1.1397392997e-02  7.7503144139e-01  9  8  2.1237936523e+00  0.0 
109203 8psk  6  1.1397392997e-02  7.7503144139e-01  9  8  2.1237936523e+00  0.0 
109204 dqpsk  6  1.1397392997e-02  7.7503144139e-01  9  8  2.1237936523e+00  0.0 
109205 msk  6  1.1397392997e-02  7.7503144139e-01  9  8  2.1237936523e+00  0.0 
109206 16qam  6  1.1397392997e-02  7.7503144139e-01  9  8  2.1237936523e+00  0.0 
109207 64qam  6  1.1397392997e-02  7.7503144139e-01  9  8  2.1237936523e+00  0.0 
109208 256qam  6  1.1397392997e-02  7.7503144139e-01  9  8  2.1237936523e+00  0.0 
109209 bpsk  10  1.7667021576e-02  2.7659158392e-01  4  3  3.8893127680e+00  0.0 
109210 qpsk  10  1.7667021576e-02  2.7659158392e-01  4  3  3.8893127680e+00  0.0 
109211 8psk  10  1.7667021576e-02  2.7659158392e-01  4  3  3.8893127680e+00  0.0 
109212 dqpsk  10  1.7667021576e-02  2.7659158392e-01  4  3  3.8893127680e+00  0.0 
109213 msk  10  1.7667021576e-02  2.7659158392e-01  4  3  3.8893127680e+00  0.0 
109214 16qam  10  1.7667021576e-02  2.7659158392e-01  4  3  3.8893127680e+00  0.0 
109215 64qam  10  1.7667021576e-02  2.7659158392e-01  4  3  3.8893127680e+00  0.0 
109216 256qam  10  1.7667021576e-02  2.7659158392e-01  4  3  3.8893127680e+00  0.0 
109217 bpsk  2  1.3579026707e-02  8.7721302964e-01  7  6  5.5742762348e+00  0.0 
109218 qpsk  2  1.3579026707e-02  8.7721302964e-01  7  6  5.5742762348e+00  0.0 
109219 8psk  2  1.3579026707e-02  8.7721302964e-01  7  6  5.5742762348e+00  0.0 
109220 dqpsk  2  1.3579026707e-02  8.7721302964e-01  7  6  5.5742762348e+00  0.0 
109221 msk  2  1.3579026707e-02  8.7721302964e-01  7  6  5.5742762348e+00  0.0 
109222 16qam  2  1.3579026707e-02  8.7721302964e-01  7  6  5.5742762348e+00  0.0 
109223 64qam  2  1.3579026707e-02  8.7721302964e-01  7  6  5.5742762348e+00  0.0 
109224 256qam  2  1.3579026707e-02  8.7721302964e-01  7  6  5.5742762348e+00  0.0 
109225 bpsk  12  1.6107242891e-02  7.6579333421e-01  8  7  1.2052512485e-01  0.0 
109226 qpsk  12  1.6107242891e-02  7.6579333421e-01  8  7  1.2052512485e-01  0.0 
109227 8psk  12  1.6107242891e-02  7.6579333421e-01  8  7  1.2052512485e-01  0.0 
109228 dqpsk  12  1.6107242891e-02  7.6579333421e-01  8  7  1.2052512485e-01  0.0 
109229 msk  12  1.6107242891e-02  7.6579333421e-01  8  7  1.2052512485e-01  0.0 
109230 16qam  12  1.6107242891e-02  7.6579333421e-01  8  7  1.2052512485e-01  0.0 
109231 64qam  12  1.6107242891e-02  7.6579333421e-01  8  7  1.2052512485e-01  0.0 
109232 256qam  12  1.6107242891e-02  7.6579333421e-01  8  7  1.2052512485e-01  0.0 
109233 bpsk  13  1.8123805359e-02  1.6103584377e-01  6  5  4.8633889060e+00  0.0 
109234 qpsk  13  1.8123805359e-02  1.6103584377e-01  6  5  4.8633889060e+00  0.0 
109235 8psk  13  1.8123805359e-02  1.6103584377e-01  6  5  4.8633889060e+00  0.0 
109236 dqpsk  13  1.8123805359e-02  1.6103584377e-01  6  5  4.8633889060e+00  0.0 
109237 msk  13  1.8123805359e-02  1.6103584377e-01  6  5  4.8633889060e+00  0.0 
109238 16qam  13  1.8123805359e-02  1.6103584377e-01  6  5  4.8633889060e+00  0.0 
109239 64qam  13  1.8123805359e-02  1.6103584377e-01  6  5  4.8633889060e+00  0.0 
109240 256qam  13  1.8123805359e-02  1.6103584377e-01  6  5  4.8633889060e+00  0.0 
109241 bpsk  18  1.9594438233e-02  5.3547358328e-01  3  2  1.0501788941e+00  0.0 
109242 qpsk  18  1.9594438233e-02  5.3547358328e-01  3  2  1.0501788941e+00  0.0 
109243 8psk  18  1.9594438233e-02  5.3547358328e-01  3  2  1.0501788941e+00  0.0 
109244 dqpsk  18  1.9594438233e-02  5.3547358328e-01  3  2  1.0501788941e+00  0.0 
109245 msk  18  1.9594438233e-02  5.3547358328e-01  3  2  1.0501788941e+00  0.0 
109246 16qam  18  1.9594438233e-02  5.3547358328e-01  3  2  1.0501788941e+00  0.0 
109247 64qam  18  1.9594438233e-02  5.3547358328e-01  3  2  1.0501788941e+00  0.0 
109248 256qam  18  1.9594438233e-02  5.3547358328e-01  3  2  1.0501788941e+00  0.0 
109249 bpsk  3  1.3407312382e-02  6.9238335054e-01  9  8  1.9390382505e+00  0.0 
109250 qpsk  3  1.3407312382e-02  6.9238335054e-01  9  8  1.9390382505e+00  0.0 
109251 8psk  3  1.3407312382e-02  6.9238335054e-01  9  8  1.9390382505e+00  0.0 
109252 dqpsk  3  1.3407312382e-02  6.9238335054e-01  9  8  1.9390382505e+00  0.0 
109253 msk  3  1.3407312382e-02  6.9238335054e-01  9  8  1.9390382505e+00  0.0 
109254 16qam  3  1.3407312382e-02  6.9238335054e-01  9  8  1.9390382505e+00  0.0 
109255 64qam  3  1.3407312382e-02  6.9238335054e-01  9  8  1.9390382505e+00  0.0 
109256 256qam  3  1.3407312382e-02  6.9238335054e-01  9  8  1.9390382505e+00  0.0 
109257 bpsk  8  1.2303848181e-02  3.3515378555e-01  7  6  5.1424918915e+00  0.0 
109258 qpsk  8  1.2303848181e-02  3.3515378555e-01  7  6  5.1424918915e+00  0.0 
109259 8psk  8  1.2303848181e-02  3.3515378555e-01  7  6  5.1424918915e+00  0.0 
109260 dqpsk  8  1.2303848181e-02  3.3515378555e-01  7  6  5.1424918915e+00  0.0 
109261 msk  8  1.2303848181e-02  3.3515378555e-01  7  6  5.1424918915e+00  0.0 
109262 16qam  8  1.2303848181e-02  3.3515378555e-01  7  6  5.1424918915e+00  0.0 
109263 64qam  8  1.2303848181e-02  3.3515378555e-01  7  6  5.1424918915e+00  0.0 
109264 256qam  8  1.2303848181e-02  3.3515378555e-01  7  6  5.1424918915e+00  0.0 
109265 bpsk  3  1.1754922621e-02  7.7325175203e-01  10  9  1.2687028735e+00  0.0 
109266 qpsk  3  1.1754922621e-02  7.7325175203e-01  10  9  1.2687028735e+00  0.0 
109267 8psk  3  1.1754922621e-02  7.7325175203e-01  10  9  1.2687028735e+00  0.0 
109268 dqpsk  3  1.1754922621e-02  7.7325175203e-01  10  9  1.2687028735e+00  0.0 
109269 msk  3  1.1754922621e-02  7.7325175203e-01  10  9  1.2687028735e+00  0.0 
109270 16qam  3  1.1754922621e-02  7.7325175203e-01  10  9  1.2687028735e+00  0.0 
109271 64qam  3  1.1754922621e-02  7.7325175203e-01  10  9  1.2687028735e+00  0.0 
109272 256qam  3  1.1754922621e-02  7.7325175203e-01  10  9  1.2687028735e+00  0.0 
109273 bpsk  19  1.5276860979e-02  7.6501993677e-01  6  5  5.5566076724e+00  0.0 
109274 qpsk  19  1.5276860979e-02  7.6501993677e-01  6  5  5.5566076724e+00  0.0 
109275 8psk  19  1.5276860979e-02  7.6501993677e-01  6  5  5.5566076724e+00  0.0 
109276 dqpsk  19  1.5276860979e-02  7.6501993677e-01  6  5  5.5566076724e+00  0.0 
109277 msk  19  1.5276860979e-02  7.6501993677e-01  6  5  5.5566076724e+00  0.0 
109278 16qam  19  1.5276860979e-02  7.6501993677e-01  6  5  5.5566076724e+00  0.0 
109279 64qam  19  1.5276860979e-02  7.6501993677e-01  6  5  5.5566076724e+00  0.0 
109280 256qam  19  1.5276860979e-02  7.6501993677e-01  6  5  5.5566076724e+00  0.0 
109281 bpsk  17  1.4760645123e-02  9.9959815415e-01  10  9  3.5387901892e+00  0.0 
109282 qpsk  17  1.4760645123e-02  9.9959815415e-01  10  9  3.5387901892e+00  0.0 
109283 8psk  17  1.4760645123e-02  9.9959815415e-01  10  9  3.5387901892e+00  0.0 
109284 dqpsk  17  1.4760645123e-02  9.9959815415e-01  10  9  3.5387901892e+00  0.0 
109285 msk  17  1.4760645123e-02  9.9959815415e-01  10  9  3.5387901892e+00  0.0 
109286 16qam  17  1.4760645123e-02  9.9959815415e-01  10  9  3.5387901892e+00  0.0 
109287 64qam  17  1.4760645123e-02  9.9959815415e-01  10  9  3.5387901892e+00  0.0 
109288 256qam  17  1.4760645123e-02  9.9959815415e-01  10  9  3.5387901892e+00  0.0 
109289 bpsk  10  1.4977014487e-02  4.4386649013e-01  4  3  2.1154257564e+00  0.0 
109290 qpsk  10  1.4977014487e-02  4.4386649013e-01  4  3  2.1154257564e+00  0.0 
109291 8psk  10  1.4977014487e-02  4.4386649013e-01  4  3  2.1154257564e+00  0.0 
109292 dqpsk  10  1.4977014487e-02  4.4386649013e-01  4  3  2.1154257564e+00  0.0 
109293 msk  10  1.4977014487e-02  4.4386649013e-01  4  3  2.1154257564e+00  0.0 
109294 16qam  10  1.4977014487e-02  4.4386649013e-01  4  3  2.1154257564e+00  0.0 
109295 64qam  10  1.4977014487e-02  4.4386649013e-01  4  3  2.1154257564e+00  0.0 
109296 256qam  10  1.4977014487e-02  4.4386649013e-01  4  3  2.1154257564e+00  0.0 
109297 bpsk  13  1.1733641699e-02  1.8946448027e-01  4  3  3.9114976958e+00  0.0 
109298 qpsk  13  1.1733641699e-02  1.8946448027e-01  4  3  3.9114976958e+00  0.0 
109299 8psk  13  1.1733641699e-02  1.8946448027e-01  4  3  3.9114976958e+00  0.0 
109300 dqpsk  13  1.1733641699e-02  1.8946448027e-01  4  3  3.9114976958e+00  0.0 
109301 msk  13  1.1733641699e-02  1.8946448027e-01  4  3  3.9114976958e+00  0.0 
109302 16qam  13  1.1733641699e-02  1.8946448027e-01  4  3  3.9114976958e+00  0.0 
109303 64qam  13  1.1733641699e-02  1.8946448027e-01  4  3  3.9114976958e+00  0.0 
109304 256qam  13  1.1733641699e-02  1.8946448027e-01  4  3  3.9114976958e+00  0.0 
109305 bpsk  3  1.7605168018e-02  3.4348310600e-01  3  2  1.6884641013e-01  0.0 
109306 qpsk  3  1.7605168018e-02  3.4348310600e-01  3  2  1.6884641013e-01  0.0 
109307 8psk  3  1.7605168018e-02  3.4348310600e-01  3  2  1.6884641013e-01  0.0 
109308 dqpsk  3  1.7605168018e-02  3.4348310600e-01  3  2  1.6884641013e-01  0.0 
109309 msk  3  1.7605168018e-02  3.4348310600e-01  3  2  1.6884641013e-01  0.0 
109310 16qam  3  1.7605168018e-02  3.4348310600e-01  3  2  1.6884641013e-01  0.0 
109311 64qam  3  1.7605168018e-02  3.4348310600e-01  3  2  1.6884641013e-01  0.0 
109312 256qam  3  1.7605168018e-02  3.4348310600e-01  3  2  1.6884641013e-01  0.0 
109313 bpsk  18  1.3952316654e-02  4.9497702456e-01  9  8  3.0341110099e+00  0.0 
109314 qpsk  18  1.3952316654e-02  4.9497702456e-01  9  8  3.0341110099e+00  0.0 
109315 8psk  18  1.3952316654e-02  4.9497702456e-01  9  8  3.0341110099e+00  0.0 
109316 dqpsk  18  1.3952316654e-02  4.9497702456e-01  9  8  3.0341110099e+00  0.0 
109317 msk  18  1.3952316654e-02  4.9497702456e-01  9  8  3.0341110099e+00  0.0 
109318 16qam  18  1.3952316654e-02  4.9497702456e-01  9  8  3.0341110099e+00  0.0 
109319 64qam  18  1.3952316654e-02  4.9497702456e-01  9  8  3.0341110099e+00  0.0 
109320 256qam  18  1.3952316654e-02  4.9497702456e-01  9  8  3.0341110099e+00  0.0 
109321 bpsk  2  1.5471268410e-02  5.4272307183e-01  6  5  3.7556227175e+00  0.0 
109322 qpsk  2  1.5471268410e-02  5.4272307183e-01  6  5  3.7556227175e+00  0.0 
109323 8psk  2  1.5471268410e-02  5.4272307183e-01  6  5  3.7556227175e+00  0.0 
109324 dqpsk  2  1.5471268410e-02  5.4272307183e-01  6  5  3.7556227175e+00  0.0 
109325 msk  2  1.5471268410e-02  5.4272307183e-01  6  5  3.7556227175e+00  0.0 
109326 16qam  2  1.5471268410e-02  5.4272307183e-01  6  5  3.7556227175e+00  0.0 
109327 64qam  2  1.5471268410e-02  5.4272307183e-01  6  5  3.7556227175e+00  0.0 
109328 256qam  2  1.5471268410e-02  5.4272307183e-01  6  5  3.7556227175e+00  0.0 
109329 bpsk  18  1.8358224943e-02  9.8282452744e-01  3  2  5.3206994900e+00  0.0 
109330 qpsk  18  1.8358224943e-02  9.8282452744e-01  3  2  5.3206994900e+00  0.0 
109331 8psk  18  1.8358224943e-02  9.8282452744e-01  3  2  5.3206994900e+00  0.0 
109332 dqpsk  18  1.8358224943e-02  9.8282452744e-01  3  2  5.3206994900e+00  0.0 
109333 msk  18  1.8358224943e-02  9.8282452744e-01  3  2  5.3206994900e+00  0.0 
109334 16qam  18  1.8358224943e-02  9.8282452744e-01  3  2  5.3206994900e+00  0.0 
109335 64qam  18  1.8358224943e-02  9.8282452744e-01  3  2  5.3206994900e+00  0.0 
109336 256qam  18  1.8358224943e-02  9.8282452744e-01  3  2  5.3206994900e+00  0.0 
109337 bpsk  4  1.2328838945e-02  8.1573740013e-01  7  6  3.2685956813e+00  0.0 
109338 qpsk  4  1.2328838945e-02  8.1573740013e-01  7  6  3.2685956813e+00  0.0 
109339 8psk  4  1.2328838945e-02  8.1573740013e-01  7  6  3.2685956813e+00  0.0 
109340 dqpsk  4  1.2328838945e-02  8.1573740013e-01  7  6  3.2685956813e+00  0.0 
109341 msk  4  1.2328838945e-02  8.1573740013e-01  7  6  3.2685956813e+00  0.0 
109342 16qam  4  1.2328838945e-02  8.1573740013e-01  7  6  3.2685956813e+00  0.0 
109343 64qam  4  1.2328838945e-02  8.1573740013e-01  7  6  3.2685956813e+00  0.0 
109344 256qam  4  1.2328838945e-02  8.1573740013e-01  7  6  3.2685956813e+00  0.0 
109345 bpsk  19  1.4789874015e-02  4.7410790909e-01  10  9  4.4185675123e+00  0.0 
109346 qpsk  19  1.4789874015e-02  4.7410790909e-01  10  9  4.4185675123e+00  0.0 
109347 8psk  19  1.4789874015e-02  4.7410790909e-01  10  9  4.4185675123e+00  0.0 
109348 dqpsk  19  1.4789874015e-02  4.7410790909e-01  10  9  4.4185675123e+00  0.0 
109349 msk  19  1.4789874015e-02  4.7410790909e-01  10  9  4.4185675123e+00  0.0 
109350 16qam  19  1.4789874015e-02  4.7410790909e-01  10  9  4.4185675123e+00  0.0 
109351 64qam  19  1.4789874015e-02  4.7410790909e-01  10  9  4.4185675123e+00  0.0 
109352 256qam  19  1.4789874015e-02  4.7410790909e-01  10  9  4.4185675123e+00  0.0 
109353 bpsk  14  1.7950027887e-02  1.8393703589e-01  5  4  5.5716183110e+00  0.0 
109354 qpsk  14  1.7950027887e-02  1.8393703589e-01  5  4  5.5716183110e+00  0.0 
109355 8psk  14  1.7950027887e-02  1.8393703589e-01  5  4  5.5716183110e+00  0.0 
109356 dqpsk  14  1.7950027887e-02  1.8393703589e-01  5  4  5.5716183110e+00  0.0 
109357 msk  14  1.7950027887e-02  1.8393703589e-01  5  4  5.5716183110e+00  0.0 
109358 16qam  14  1.7950027887e-02  1.8393703589e-01  5  4  5.5716183110e+00  0.0 
109359 64qam  14  1.7950027887e-02  1.8393703589e-01  5  4  5.5716183110e+00  0.0 
109360 256qam  14  1.7950027887e-02  1.8393703589e-01  5  4  5.5716183110e+00  0.0 
109361 bpsk  2  1.0341177113e-02  2.6462274687e-01  4  3  4.3315559312e+00  0.0 
109362 qpsk  2  1.0341177113e-02  2.6462274687e-01  4  3  4.3315559312e+00  0.0 
109363 8psk  2  1.0341177113e-02  2.6462274687e-01  4  3  4.3315559312e+00  0.0 
109364 dqpsk  2  1.0341177113e-02  2.6462274687e-01  4  3  4.3315559312e+00  0.0 
109365 msk  2  1.0341177113e-02  2.6462274687e-01  4  3  4.3315559312e+00  0.0 
109366 16qam  2  1.0341177113e-02  2.6462274687e-01  4  3  4.3315559312e+00  0.0 
109367 64qam  2  1.0341177113e-02  2.6462274687e-01  4  3  4.3315559312e+00  0.0 
109368 256qam  2  1.0341177113e-02  2.6462274687e-01  4  3  4.3315559312e+00  0.0 
109369 bpsk  10  1.4020532539e-02  5.3611730334e-01  8  7  5.4528231387e+00  0.0 
109370 qpsk  10  1.4020532539e-02  5.3611730334e-01  8  7  5.4528231387e+00  0.0 
109371 8psk  10  1.4020532539e-02  5.3611730334e-01  8  7  5.4528231387e+00  0.0 
109372 dqpsk  10  1.4020532539e-02  5.3611730334e-01  8  7  5.4528231387e+00  0.0 
109373 msk  10  1.4020532539e-02  5.3611730334e-01  8  7  5.4528231387e+00  0.0 
109374 16qam  10  1.4020532539e-02  5.3611730334e-01  8  7  5.4528231387e+00  0.0 
109375 64qam  10  1.4020532539e-02  5.3611730334e-01  8  7  5.4528231387e+00  0.0 
109376 256qam  10  1.4020532539e-02  5.3611730334e-01  8  7  5.4528231387e+00  0.0 
109377 bpsk  5  1.1161697945e-02  3.8513564699e-01  3  2  4.9655037238e-01  0.0 
109378 qpsk  5  1.1161697945e-02  3.8513564699e-01  3  2  4.9655037238e-01  0.0 
109379 8psk  5  1.1161697945e-02  3.8513564699e-01  3  2  4.9655037238e-01  0.0 
109380 dqpsk  5  1.1161697945e-02  3.8513564699e-01  3  2  4.9655037238e-01  0.0 
109381 msk  5  1.1161697945e-02  3.8513564699e-01  3  2  4.9655037238e-01  0.0 
109382 16qam  5  1.1161697945e-02  3.8513564699e-01  3  2  4.9655037238e-01  0.0 
109383 64qam  5  1.1161697945e-02  3.8513564699e-01  3  2  4.9655037238e-01  0.0 
109384 256qam  5  1.1161697945e-02  3.8513564699e-01  3  2  4.9655037238e-01  0.0 
109385 bpsk  8  1.1535507661e-02  9.1906899604e-01  9  8  3.5949674452e+00  0.0 
109386 qpsk  8  1.1535507661e-02  9.1906899604e-01  9  8  3.5949674452e+00  0.0 
109387 8psk  8  1.1535507661e-02  9.1906899604e-01  9  8  3.5949674452e+00  0.0 
109388 dqpsk  8  1.1535507661e-02  9.1906899604e-01  9  8  3.5949674452e+00  0.0 
109389 msk  8  1.1535507661e-02  9.1906899604e-01  9  8  3.5949674452e+00  0.0 
109390 16qam  8  1.1535507661e-02  9.1906899604e-01  9  8  3.5949674452e+00  0.0 
109391 64qam  8  1.1535507661e-02  9.1906899604e-01  9  8  3.5949674452e+00  0.0 
109392 256qam  8  1.1535507661e-02  9.1906899604e-01  9  8  3.5949674452e+00  0.0 
109393 bpsk  7  1.4106952672e-02  9.6187520990e-01  4  3  1.4245514883e+00  0.0 
109394 qpsk  7  1.4106952672e-02  9.6187520990e-01  4  3  1.4245514883e+00  0.0 
109395 8psk  7  1.4106952672e-02  9.6187520990e-01  4  3  1.4245514883e+00  0.0 
109396 dqpsk  7  1.4106952672e-02  9.6187520990e-01  4  3  1.4245514883e+00  0.0 
109397 msk  7  1.4106952672e-02  9.6187520990e-01  4  3  1.4245514883e+00  0.0 
109398 16qam  7  1.4106952672e-02  9.6187520990e-01  4  3  1.4245514883e+00  0.0 
109399 64qam  7  1.4106952672e-02  9.6187520990e-01  4  3  1.4245514883e+00  0.0 
109400 256qam  7  1.4106952672e-02  9.6187520990e-01  4  3  1.4245514883e+00  0.0 
109401 bpsk  18  1.6461827383e-02  3.6624737368e-01  10  9  2.3372878442e+00  0.0 
109402 qpsk  18  1.6461827383e-02  3.6624737368e-01  10  9  2.3372878442e+00  0.0 
109403 8psk  18  1.6461827383e-02  3.6624737368e-01  10  9  2.3372878442e+00  0.0 
109404 dqpsk  18  1.6461827383e-02  3.6624737368e-01  10  9  2.3372878442e+00  0.0 
109405 msk  18  1.6461827383e-02  3.6624737368e-01  10  9  2.3372878442e+00  0.0 
109406 16qam  18  1.6461827383e-02  3.6624737368e-01  10  9  2.3372878442e+00  0.0 
109407 64qam  18  1.6461827383e-02  3.6624737368e-01  10  9  2.3372878442e+00  0.0 
109408 256qam  18  1.6461827383e-02  3.6624737368e-01  10  9  2.3372878442e+00  0.0 
109409 bpsk  10  1.1918214413e-02  9.1155878149e-01  7  6  4.5458670741e+00  0.0 
109410 qpsk  10  1.1918214413e-02  9.1155878149e-01  7  6  4.5458670741e+00  0.0 
109411 8psk  10  1.1918214413e-02  9.1155878149e-01  7  6  4.5458670741e+00  0.0 
109412 dqpsk  10  1.1918214413e-02  9.1155878149e-01  7  6  4.5458670741e+00  0.0 
109413 msk  10  1.1918214413e-02  9.1155878149e-01  7  6  4.5458670741e+00  0.0 
109414 16qam  10  1.1918214413e-02  9.1155878149e-01  7  6  4.5458670741e+00  0.0 
109415 64qam  10  1.1918214413e-02  9.1155878149e-01  7  6  4.5458670741e+00  0.0 
109416 256qam  10  1.1918214413e-02  9.1155878149e-01  7  6  4.5458670741e+00  0.0 
109417 bpsk  5  1.3539029683e-02  6.0298837389e-01  3  2  4.1058248407e+00  0.0 
109418 qpsk  5  1.3539029683e-02  6.0298837389e-01  3  2  4.1058248407e+00  0.0 
109419 8psk  5  1.3539029683e-02  6.0298837389e-01  3  2  4.1058248407e+00  0.0 
109420 dqpsk  5  1.3539029683e-02  6.0298837389e-01  3  2  4.1058248407e+00  0.0 
109421 msk  5  1.3539029683e-02  6.0298837389e-01  3  2  4.1058248407e+00  0.0 
109422 16qam  5  1.3539029683e-02  6.0298837389e-01  3  2  4.1058248407e+00  0.0 
109423 64qam  5  1.3539029683e-02  6.0298837389e-01  3  2  4.1058248407e+00  0.0 
109424 256qam  5  1.3539029683e-02  6.0298837389e-01  3  2  4.1058248407e+00  0.0 
109425 bpsk  13  1.7755407513e-02  4.3825843330e-01  3  2  4.0715252905e+00  0.0 
109426 qpsk  13  1.7755407513e-02  4.3825843330e-01  3  2  4.0715252905e+00  0.0 
109427 8psk  13  1.7755407513e-02  4.3825843330e-01  3  2  4.0715252905e+00  0.0 
109428 dqpsk  13  1.7755407513e-02  4.3825843330e-01  3  2  4.0715252905e+00  0.0 
109429 msk  13  1.7755407513e-02  4.3825843330e-01  3  2  4.0715252905e+00  0.0 
109430 16qam  13  1.7755407513e-02  4.3825843330e-01  3  2  4.0715252905e+00  0.0 
109431 64qam  13  1.7755407513e-02  4.3825843330e-01  3  2  4.0715252905e+00  0.0 
109432 256qam  13  1.7755407513e-02  4.3825843330e-01  3  2  4.0715252905e+00  0.0 
109433 bpsk  6  1.9322502431e-02  3.7933529817e-01  9  8  4.2977189778e+00  0.0 
109434 qpsk  6  1.9322502431e-02  3.7933529817e-01  9  8  4.2977189778e+00  0.0 
109435 8psk  6  1.9322502431e-02  3.7933529817e-01  9  8  4.2977189778e+00  0.0 
109436 dqpsk  6  1.9322502431e-02  3.7933529817e-01  9  8  4.2977189778e+00  0.0 
109437 msk  6  1.9322502431e-02  3.7933529817e-01  9  8  4.2977189778e+00  0.0 
109438 16qam  6  1.9322502431e-02  3.7933529817e-01  9  8  4.2977189778e+00  0.0 
109439 64qam  6  1.9322502431e-02  3.7933529817e-01  9  8  4.2977189778e+00  0.0 
109440 256qam  6  1.9322502431e-02  3.7933529817e-01  9  8  4.2977189778e+00  0.0 
109441 bpsk  5  1.7033584841e-02  1.4687279385e-01  1  1  1.1304926830e+00  0.0 
109442 qpsk  5  1.7033584841e-02  1.4687279385e-01  1  1  1.1304926830e+00  0.0 
109443 8psk  5  1.7033584841e-02  1.4687279385e-01  1  1  1.1304926830e+00  0.0 
109444 dqpsk  5  1.7033584841e-02  1.4687279385e-01  1  1  1.1304926830e+00  0.0 
109445 msk  5  1.7033584841e-02  1.4687279385e-01  1  1  1.1304926830e+00  0.0 
109446 16qam  5  1.7033584841e-02  1.4687279385e-01  1  1  1.1304926830e+00  0.0 
109447 64qam  5  1.7033584841e-02  1.4687279385e-01  1  1  1.1304926830e+00  0.0 
109448 256qam  5  1.7033584841e-02  1.4687279385e-01  1  1  1.1304926830e+00  0.0 
109449 bpsk  2  1.9804813431e-02  4.3503424066e-01  8  7  1.1344693073e-03  0.0 
109450 qpsk  2  1.9804813431e-02  4.3503424066e-01  8  7  1.1344693073e-03  0.0 
109451 8psk  2  1.9804813431e-02  4.3503424066e-01  8  7  1.1344693073e-03  0.0 
109452 dqpsk  2  1.9804813431e-02  4.3503424066e-01  8  7  1.1344693073e-03  0.0 
109453 msk  2  1.9804813431e-02  4.3503424066e-01  8  7  1.1344693073e-03  0.0 
109454 16qam  2  1.9804813431e-02  4.3503424066e-01  8  7  1.1344693073e-03  0.0 
109455 64qam  2  1.9804813431e-02  4.3503424066e-01  8  7  1.1344693073e-03  0.0 
109456 256qam  2  1.9804813431e-02  4.3503424066e-01  8  7  1.1344693073e-03  0.0 
109457 bpsk  12  1.5789299719e-02  6.4071917423e-01  5  4  2.4559841138e+00  0.0 
109458 qpsk  12  1.5789299719e-02  6.4071917423e-01  5  4  2.4559841138e+00  0.0 
109459 8psk  12  1.5789299719e-02  6.4071917423e-01  5  4  2.4559841138e+00  0.0 
109460 dqpsk  12  1.5789299719e-02  6.4071917423e-01  5  4  2.4559841138e+00  0.0 
109461 msk  12  1.5789299719e-02  6.4071917423e-01  5  4  2.4559841138e+00  0.0 
109462 16qam  12  1.5789299719e-02  6.4071917423e-01  5  4  2.4559841138e+00  0.0 
109463 64qam  12  1.5789299719e-02  6.4071917423e-01  5  4  2.4559841138e+00  0.0 
109464 256qam  12  1.5789299719e-02  6.4071917423e-01  5  4  2.4559841138e+00  0.0 
109465 bpsk  11  1.2579020196e-02  1.0131758264e-01  3  2  1.2379089181e+00  0.0 
109466 qpsk  11  1.2579020196e-02  1.0131758264e-01  3  2  1.2379089181e+00  0.0 
109467 8psk  11  1.2579020196e-02  1.0131758264e-01  3  2  1.2379089181e+00  0.0 
109468 dqpsk  11  1.2579020196e-02  1.0131758264e-01  3  2  1.2379089181e+00  0.0 
109469 msk  11  1.2579020196e-02  1.0131758264e-01  3  2  1.2379089181e+00  0.0 
109470 16qam  11  1.2579020196e-02  1.0131758264e-01  3  2  1.2379089181e+00  0.0 
109471 64qam  11  1.2579020196e-02  1.0131758264e-01  3  2  1.2379089181e+00  0.0 
109472 256qam  11  1.2579020196e-02  1.0131758264e-01  3  2  1.2379089181e+00  0.0 
109473 bpsk  10  1.0403518027e-02  9.5579305465e-01  8  7  6.0622290128e-01  0.0 
109474 qpsk  10  1.0403518027e-02  9.5579305465e-01  8  7  6.0622290128e-01  0.0 
109475 8psk  10  1.0403518027e-02  9.5579305465e-01  8  7  6.0622290128e-01  0.0 
109476 dqpsk  10  1.0403518027e-02  9.5579305465e-01  8  7  6.0622290128e-01  0.0 
109477 msk  10  1.0403518027e-02  9.5579305465e-01  8  7  6.0622290128e-01  0.0 
109478 16qam  10  1.0403518027e-02  9.5579305465e-01  8  7  6.0622290128e-01  0.0 
109479 64qam  10  1.0403518027e-02  9.5579305465e-01  8  7  6.0622290128e-01  0.0 
109480 256qam  10  1.0403518027e-02  9.5579305465e-01  8  7  6.0622290128e-01  0.0 
109481 bpsk  9  1.7320167381e-02  9.2183035403e-01  10  9  9.6338787742e-01  0.0 
109482 qpsk  9  1.7320167381e-02  9.2183035403e-01  10  9  9.6338787742e-01  0.0 
109483 8psk  9  1.7320167381e-02  9.2183035403e-01  10  9  9.6338787742e-01  0.0 
109484 dqpsk  9  1.7320167381e-02  9.2183035403e-01  10  9  9.6338787742e-01  0.0 
109485 msk  9  1.7320167381e-02  9.2183035403e-01  10  9  9.6338787742e-01  0.0 
109486 16qam  9  1.7320167381e-02  9.2183035403e-01  10  9  9.6338787742e-01  0.0 
109487 64qam  9  1.7320167381e-02  9.2183035403e-01  10  9  9.6338787742e-01  0.0 
109488 256qam  9  1.7320167381e-02  9.2183035403e-01  10  9  9.6338787742e-01  0.0 
109489 bpsk  5  1.1149984243e-02  8.7880814747e-01  1  1  1.6262973595e+00  0.0 
109490 qpsk  5  1.1149984243e-02  8.7880814747e-01  1  1  1.6262973595e+00  0.0 
109491 8psk  5  1.1149984243e-02  8.7880814747e-01  1  1  1.6262973595e+00  0.0 
109492 dqpsk  5  1.1149984243e-02  8.7880814747e-01  1  1  1.6262973595e+00  0.0 
109493 msk  5  1.1149984243e-02  8.7880814747e-01  1  1  1.6262973595e+00  0.0 
109494 16qam  5  1.1149984243e-02  8.7880814747e-01  1  1  1.6262973595e+00  0.0 
109495 64qam  5  1.1149984243e-02  8.7880814747e-01  1  1  1.6262973595e+00  0.0 
109496 256qam  5  1.1149984243e-02  8.7880814747e-01  1  1  1.6262973595e+00  0.0 
109497 bpsk  15  1.7045517043e-02  5.7234529845e-01  3  2  1.7279346934e+00  0.0 
109498 qpsk  15  1.7045517043e-02  5.7234529845e-01  3  2  1.7279346934e+00  0.0 
109499 8psk  15  1.7045517043e-02  5.7234529845e-01  3  2  1.7279346934e+00  0.0 
109500 dqpsk  15  1.7045517043e-02  5.7234529845e-01  3  2  1.7279346934e+00  0.0 
109501 msk  15  1.7045517043e-02  5.7234529845e-01  3  2  1.7279346934e+00  0.0 
109502 16qam  15  1.7045517043e-02  5.7234529845e-01  3  2  1.7279346934e+00  0.0 
109503 64qam  15  1.7045517043e-02  5.7234529845e-01  3  2  1.7279346934e+00  0.0 
109504 256qam  15  1.7045517043e-02  5.7234529845e-01  3  2  1.7279346934e+00  0.0 
109505 bpsk  17  1.3340888622e-02  4.8884030191e-01  7  6  1.3309559887e+00  0.0 
109506 qpsk  17  1.3340888622e-02  4.8884030191e-01  7  6  1.3309559887e+00  0.0 
109507 8psk  17  1.3340888622e-02  4.8884030191e-01  7  6  1.3309559887e+00  0.0 
109508 dqpsk  17  1.3340888622e-02  4.8884030191e-01  7  6  1.3309559887e+00  0.0 
109509 msk  17  1.3340888622e-02  4.8884030191e-01  7  6  1.3309559887e+00  0.0 
109510 16qam  17  1.3340888622e-02  4.8884030191e-01  7  6  1.3309559887e+00  0.0 
109511 64qam  17  1.3340888622e-02  4.8884030191e-01  7  6  1.3309559887e+00  0.0 
109512 256qam  17  1.3340888622e-02  4.8884030191e-01  7  6  1.3309559887e+00  0.0 
109513 bpsk  13  1.9199367927e-02  5.4658593304e-01  7  6  1.8226053753e+00  0.0 
109514 qpsk  13  1.9199367927e-02  5.4658593304e-01  7  6  1.8226053753e+00  0.0 
109515 8psk  13  1.9199367927e-02  5.4658593304e-01  7  6  1.8226053753e+00  0.0 
109516 dqpsk  13  1.9199367927e-02  5.4658593304e-01  7  6  1.8226053753e+00  0.0 
109517 msk  13  1.9199367927e-02  5.4658593304e-01  7  6  1.8226053753e+00  0.0 
109518 16qam  13  1.9199367927e-02  5.4658593304e-01  7  6  1.8226053753e+00  0.0 
109519 64qam  13  1.9199367927e-02  5.4658593304e-01  7  6  1.8226053753e+00  0.0 
109520 256qam  13  1.9199367927e-02  5.4658593304e-01  7  6  1.8226053753e+00  0.0 
109521 bpsk  14  1.3290337936e-02  7.0685490891e-01  8  7  4.8788364671e+00  0.0 
109522 qpsk  14  1.3290337936e-02  7.0685490891e-01  8  7  4.8788364671e+00  0.0 
109523 8psk  14  1.3290337936e-02  7.0685490891e-01  8  7  4.8788364671e+00  0.0 
109524 dqpsk  14  1.3290337936e-02  7.0685490891e-01  8  7  4.8788364671e+00  0.0 
109525 msk  14  1.3290337936e-02  7.0685490891e-01  8  7  4.8788364671e+00  0.0 
109526 16qam  14  1.3290337936e-02  7.0685490891e-01  8  7  4.8788364671e+00  0.0 
109527 64qam  14  1.3290337936e-02  7.0685490891e-01  8  7  4.8788364671e+00  0.0 
109528 256qam  14  1.3290337936e-02  7.0685490891e-01  8  7  4.8788364671e+00  0.0 
109529 bpsk  11  1.2797651544e-02  9.2626698946e-01  6  5  3.9272637903e+00  0.0 
109530 qpsk  11  1.2797651544e-02  9.2626698946e-01  6  5  3.9272637903e+00  0.0 
109531 8psk  11  1.2797651544e-02  9.2626698946e-01  6  5  3.9272637903e+00  0.0 
109532 dqpsk  11  1.2797651544e-02  9.2626698946e-01  6  5  3.9272637903e+00  0.0 
109533 msk  11  1.2797651544e-02  9.2626698946e-01  6  5  3.9272637903e+00  0.0 
109534 16qam  11  1.2797651544e-02  9.2626698946e-01  6  5  3.9272637903e+00  0.0 
109535 64qam  11  1.2797651544e-02  9.2626698946e-01  6  5  3.9272637903e+00  0.0 
109536 256qam  11  1.2797651544e-02  9.2626698946e-01  6  5  3.9272637903e+00  0.0 
109537 bpsk  3  1.0055031496e-02  3.0296971188e-01  1  1  3.7932024490e+00  0.0 
109538 qpsk  3  1.0055031496e-02  3.0296971188e-01  1  1  3.7932024490e+00  0.0 
109539 8psk  3  1.0055031496e-02  3.0296971188e-01  1  1  3.7932024490e+00  0.0 
109540 dqpsk  3  1.0055031496e-02  3.0296971188e-01  1  1  3.7932024490e+00  0.0 
109541 msk  3  1.0055031496e-02  3.0296971188e-01  1  1  3.7932024490e+00  0.0 
109542 16qam  3  1.0055031496e-02  3.0296971188e-01  1  1  3.7932024490e+00  0.0 
109543 64qam  3  1.0055031496e-02  3.0296971188e-01  1  1  3.7932024490e+00  0.0 
109544 256qam  3  1.0055031496e-02  3.0296971188e-01  1  1  3.7932024490e+00  0.0 
109545 bpsk  9  1.1474402025e-02  6.2796649261e-01  8  7  3.1958306226e-01  0.0 
109546 qpsk  9  1.1474402025e-02  6.2796649261e-01  8  7  3.1958306226e-01  0.0 
109547 8psk  9  1.1474402025e-02  6.2796649261e-01  8  7  3.1958306226e-01  0.0 
109548 dqpsk  9  1.1474402025e-02  6.2796649261e-01  8  7  3.1958306226e-01  0.0 
109549 msk  9  1.1474402025e-02  6.2796649261e-01  8  7  3.1958306226e-01  0.0 
109550 16qam  9  1.1474402025e-02  6.2796649261e-01  8  7  3.1958306226e-01  0.0 
109551 64qam  9  1.1474402025e-02  6.2796649261e-01  8  7  3.1958306226e-01  0.0 
109552 256qam  9  1.1474402025e-02  6.2796649261e-01  8  7  3.1958306226e-01  0.0 
109553 bpsk  8  1.9958886892e-02  8.0015103732e-01  7  6  1.1656677647e+00  0.0 
109554 qpsk  8  1.9958886892e-02  8.0015103732e-01  7  6  1.1656677647e+00  0.0 
109555 8psk  8  1.9958886892e-02  8.0015103732e-01  7  6  1.1656677647e+00  0.0 
109556 dqpsk  8  1.9958886892e-02  8.0015103732e-01  7  6  1.1656677647e+00  0.0 
109557 msk  8  1.9958886892e-02  8.0015103732e-01  7  6  1.1656677647e+00  0.0 
109558 16qam  8  1.9958886892e-02  8.0015103732e-01  7  6  1.1656677647e+00  0.0 
109559 64qam  8  1.9958886892e-02  8.0015103732e-01  7  6  1.1656677647e+00  0.0 
109560 256qam  8  1.9958886892e-02  8.0015103732e-01  7  6  1.1656677647e+00  0.0 
109561 bpsk  8  1.9363665598e-02  7.8408322626e-01  7  6  2.2452216802e+00  0.0 
109562 qpsk  8  1.9363665598e-02  7.8408322626e-01  7  6  2.2452216802e+00  0.0 
109563 8psk  8  1.9363665598e-02  7.8408322626e-01  7  6  2.2452216802e+00  0.0 
109564 dqpsk  8  1.9363665598e-02  7.8408322626e-01  7  6  2.2452216802e+00  0.0 
109565 msk  8  1.9363665598e-02  7.8408322626e-01  7  6  2.2452216802e+00  0.0 
109566 16qam  8  1.9363665598e-02  7.8408322626e-01  7  6  2.2452216802e+00  0.0 
109567 64qam  8  1.9363665598e-02  7.8408322626e-01  7  6  2.2452216802e+00  0.0 
109568 256qam  8  1.9363665598e-02  7.8408322626e-01  7  6  2.2452216802e+00  0.0 
109569 bpsk  18  1.4434222175e-02  1.5272480430e-01  9  8  1.3413145484e+00  0.0 
109570 qpsk  18  1.4434222175e-02  1.5272480430e-01  9  8  1.3413145484e+00  0.0 
109571 8psk  18  1.4434222175e-02  1.5272480430e-01  9  8  1.3413145484e+00  0.0 
109572 dqpsk  18  1.4434222175e-02  1.5272480430e-01  9  8  1.3413145484e+00  0.0 
109573 msk  18  1.4434222175e-02  1.5272480430e-01  9  8  1.3413145484e+00  0.0 
109574 16qam  18  1.4434222175e-02  1.5272480430e-01  9  8  1.3413145484e+00  0.0 
109575 64qam  18  1.4434222175e-02  1.5272480430e-01  9  8  1.3413145484e+00  0.0 
109576 256qam  18  1.4434222175e-02  1.5272480430e-01  9  8  1.3413145484e+00  0.0 
109577 bpsk  15  1.6230490143e-02  1.3965972108e-01  6  5  3.5540479818e+00  0.0 
109578 qpsk  15  1.6230490143e-02  1.3965972108e-01  6  5  3.5540479818e+00  0.0 
109579 8psk  15  1.6230490143e-02  1.3965972108e-01  6  5  3.5540479818e+00  0.0 
109580 dqpsk  15  1.6230490143e-02  1.3965972108e-01  6  5  3.5540479818e+00  0.0 
109581 msk  15  1.6230490143e-02  1.3965972108e-01  6  5  3.5540479818e+00  0.0 
109582 16qam  15  1.6230490143e-02  1.3965972108e-01  6  5  3.5540479818e+00  0.0 
109583 64qam  15  1.6230490143e-02  1.3965972108e-01  6  5  3.5540479818e+00  0.0 
109584 256qam  15  1.6230490143e-02  1.3965972108e-01  6  5  3.5540479818e+00  0.0 
109585 bpsk  4  1.0773302121e-02  4.7907140725e-01  7  6  5.0502999321e+00  0.0 
109586 qpsk  4  1.0773302121e-02  4.7907140725e-01  7  6  5.0502999321e+00  0.0 
109587 8psk  4  1.0773302121e-02  4.7907140725e-01  7  6  5.0502999321e+00  0.0 
109588 dqpsk  4  1.0773302121e-02  4.7907140725e-01  7  6  5.0502999321e+00  0.0 
109589 msk  4  1.0773302121e-02  4.7907140725e-01  7  6  5.0502999321e+00  0.0 
109590 16qam  4  1.0773302121e-02  4.7907140725e-01  7  6  5.0502999321e+00  0.0 
109591 64qam  4  1.0773302121e-02  4.7907140725e-01  7  6  5.0502999321e+00  0.0 
109592 256qam  4  1.0773302121e-02  4.7907140725e-01  7  6  5.0502999321e+00  0.0 
109593 bpsk  13  1.5816962217e-02  9.1410925330e-01  8  7  2.8709429435e+00  0.0 
109594 qpsk  13  1.5816962217e-02  9.1410925330e-01  8  7  2.8709429435e+00  0.0 
109595 8psk  13  1.5816962217e-02  9.1410925330e-01  8  7  2.8709429435e+00  0.0 
109596 dqpsk  13  1.5816962217e-02  9.1410925330e-01  8  7  2.8709429435e+00  0.0 
109597 msk  13  1.5816962217e-02  9.1410925330e-01  8  7  2.8709429435e+00  0.0 
109598 16qam  13  1.5816962217e-02  9.1410925330e-01  8  7  2.8709429435e+00  0.0 
109599 64qam  13  1.5816962217e-02  9.1410925330e-01  8  7  2.8709429435e+00  0.0 
109600 256qam  13  1.5816962217e-02  9.1410925330e-01  8  7  2.8709429435e+00  0.0 
109601 bpsk  4  1.2759796844e-02  1.3743821620e-01  3  2  1.3382675642e+00  0.0 
109602 qpsk  4  1.2759796844e-02  1.3743821620e-01  3  2  1.3382675642e+00  0.0 
109603 8psk  4  1.2759796844e-02  1.3743821620e-01  3  2  1.3382675642e+00  0.0 
109604 dqpsk  4  1.2759796844e-02  1.3743821620e-01  3  2  1.3382675642e+00  0.0 
109605 msk  4  1.2759796844e-02  1.3743821620e-01  3  2  1.3382675642e+00  0.0 
109606 16qam  4  1.2759796844e-02  1.3743821620e-01  3  2  1.3382675642e+00  0.0 
109607 64qam  4  1.2759796844e-02  1.3743821620e-01  3  2  1.3382675642e+00  0.0 
109608 256qam  4  1.2759796844e-02  1.3743821620e-01  3  2  1.3382675642e+00  0.0 
109609 bpsk  14  1.4674532516e-02  4.5795637220e-01  8  7  4.7576874214e+00  0.0 
109610 qpsk  14  1.4674532516e-02  4.5795637220e-01  8  7  4.7576874214e+00  0.0 
109611 8psk  14  1.4674532516e-02  4.5795637220e-01  8  7  4.7576874214e+00  0.0 
109612 dqpsk  14  1.4674532516e-02  4.5795637220e-01  8  7  4.7576874214e+00  0.0 
109613 msk  14  1.4674532516e-02  4.5795637220e-01  8  7  4.7576874214e+00  0.0 
109614 16qam  14  1.4674532516e-02  4.5795637220e-01  8  7  4.7576874214e+00  0.0 
109615 64qam  14  1.4674532516e-02  4.5795637220e-01  8  7  4.7576874214e+00  0.0 
109616 256qam  14  1.4674532516e-02  4.5795637220e-01  8  7  4.7576874214e+00  0.0 
109617 bpsk  13  1.7728175049e-02  7.5878709869e-01  10  9  2.4169872554e-01  0.0 
109618 qpsk  13  1.7728175049e-02  7.5878709869e-01  10  9  2.4169872554e-01  0.0 
109619 8psk  13  1.7728175049e-02  7.5878709869e-01  10  9  2.4169872554e-01  0.0 
109620 dqpsk  13  1.7728175049e-02  7.5878709869e-01  10  9  2.4169872554e-01  0.0 
109621 msk  13  1.7728175049e-02  7.5878709869e-01  10  9  2.4169872554e-01  0.0 
109622 16qam  13  1.7728175049e-02  7.5878709869e-01  10  9  2.4169872554e-01  0.0 
109623 64qam  13  1.7728175049e-02  7.5878709869e-01  10  9  2.4169872554e-01  0.0 
109624 256qam  13  1.7728175049e-02  7.5878709869e-01  10  9  2.4169872554e-01  0.0 
109625 bpsk  13  1.8309842732e-02  2.3180487826e-01  9  8  3.0600110274e+00  0.0 
109626 qpsk  13  1.8309842732e-02  2.3180487826e-01  9  8  3.0600110274e+00  0.0 
109627 8psk  13  1.8309842732e-02  2.3180487826e-01  9  8  3.0600110274e+00  0.0 
109628 dqpsk  13  1.8309842732e-02  2.3180487826e-01  9  8  3.0600110274e+00  0.0 
109629 msk  13  1.8309842732e-02  2.3180487826e-01  9  8  3.0600110274e+00  0.0 
109630 16qam  13  1.8309842732e-02  2.3180487826e-01  9  8  3.0600110274e+00  0.0 
109631 64qam  13  1.8309842732e-02  2.3180487826e-01  9  8  3.0600110274e+00  0.0 
109632 256qam  13  1.8309842732e-02  2.3180487826e-01  9  8  3.0600110274e+00  0.0 
109633 bpsk  4  1.9557964413e-02  8.4240074360e-01  3  2  3.6836022936e+00  0.0 
109634 qpsk  4  1.9557964413e-02  8.4240074360e-01  3  2  3.6836022936e+00  0.0 
109635 8psk  4  1.9557964413e-02  8.4240074360e-01  3  2  3.6836022936e+00  0.0 
109636 dqpsk  4  1.9557964413e-02  8.4240074360e-01  3  2  3.6836022936e+00  0.0 
109637 msk  4  1.9557964413e-02  8.4240074360e-01  3  2  3.6836022936e+00  0.0 
109638 16qam  4  1.9557964413e-02  8.4240074360e-01  3  2  3.6836022936e+00  0.0 
109639 64qam  4  1.9557964413e-02  8.4240074360e-01  3  2  3.6836022936e+00  0.0 
109640 256qam  4  1.9557964413e-02  8.4240074360e-01  3  2  3.6836022936e+00  0.0 
109641 bpsk  2  1.6870428681e-02  4.5892262145e-01  1  1  3.7467634857e+00  0.0 
109642 qpsk  2  1.6870428681e-02  4.5892262145e-01  1  1  3.7467634857e+00  0.0 
109643 8psk  2  1.6870428681e-02  4.5892262145e-01  1  1  3.7467634857e+00  0.0 
109644 dqpsk  2  1.6870428681e-02  4.5892262145e-01  1  1  3.7467634857e+00  0.0 
109645 msk  2  1.6870428681e-02  4.5892262145e-01  1  1  3.7467634857e+00  0.0 
109646 16qam  2  1.6870428681e-02  4.5892262145e-01  1  1  3.7467634857e+00  0.0 
109647 64qam  2  1.6870428681e-02  4.5892262145e-01  1  1  3.7467634857e+00  0.0 
109648 256qam  2  1.6870428681e-02  4.5892262145e-01  1  1  3.7467634857e+00  0.0 
109649 bpsk  5  1.2832187436e-02  9.4291578648e-01  8  7  5.1007496302e+00  0.0 
109650 qpsk  5  1.2832187436e-02  9.4291578648e-01  8  7  5.1007496302e+00  0.0 
109651 8psk  5  1.2832187436e-02  9.4291578648e-01  8  7  5.1007496302e+00  0.0 
109652 dqpsk  5  1.2832187436e-02  9.4291578648e-01  8  7  5.1007496302e+00  0.0 
109653 msk  5  1.2832187436e-02  9.4291578648e-01  8  7  5.1007496302e+00  0.0 
109654 16qam  5  1.2832187436e-02  9.4291578648e-01  8  7  5.1007496302e+00  0.0 
109655 64qam  5  1.2832187436e-02  9.4291578648e-01  8  7  5.1007496302e+00  0.0 
109656 256qam  5  1.2832187436e-02  9.4291578648e-01  8  7  5.1007496302e+00  0.0 
109657 bpsk  8  1.6940678431e-02  8.7691315898e-01  7  6  4.5569735985e+00  0.0 
109658 qpsk  8  1.6940678431e-02  8.7691315898e-01  7  6  4.5569735985e+00  0.0 
109659 8psk  8  1.6940678431e-02  8.7691315898e-01  7  6  4.5569735985e+00  0.0 
109660 dqpsk  8  1.6940678431e-02  8.7691315898e-01  7  6  4.5569735985e+00  0.0 
109661 msk  8  1.6940678431e-02  8.7691315898e-01  7  6  4.5569735985e+00  0.0 
109662 16qam  8  1.6940678431e-02  8.7691315898e-01  7  6  4.5569735985e+00  0.0 
109663 64qam  8  1.6940678431e-02  8.7691315898e-01  7  6  4.5569735985e+00  0.0 
109664 256qam  8  1.6940678431e-02  8.7691315898e-01  7  6  4.5569735985e+00  0.0 
109665 bpsk  18  1.0502001522e-02  2.3298858026e-01  6  5  3.2986315346e+00  0.0 
109666 qpsk  18  1.0502001522e-02  2.3298858026e-01  6  5  3.2986315346e+00  0.0 
109667 8psk  18  1.0502001522e-02  2.3298858026e-01  6  5  3.2986315346e+00  0.0 
109668 dqpsk  18  1.0502001522e-02  2.3298858026e-01  6  5  3.2986315346e+00  0.0 
109669 msk  18  1.0502001522e-02  2.3298858026e-01  6  5  3.2986315346e+00  0.0 
109670 16qam  18  1.0502001522e-02  2.3298858026e-01  6  5  3.2986315346e+00  0.0 
109671 64qam  18  1.0502001522e-02  2.3298858026e-01  6  5  3.2986315346e+00  0.0 
109672 256qam  18  1.0502001522e-02  2.3298858026e-01  6  5  3.2986315346e+00  0.0 
109673 bpsk  17  9.9999995099e-03  9.4492433003e-01  7  6  1.9433250846e+00  0.0 
109674 qpsk  17  9.9999995099e-03  9.4492433003e-01  7  6  1.9433250846e+00  0.0 
109675 8psk  17  9.9999995099e-03  9.4492433003e-01  7  6  1.9433250846e+00  0.0 
109676 dqpsk  17  9.9999995099e-03  9.4492433003e-01  7  6  1.9433250846e+00  0.0 
109677 msk  17  9.9999995099e-03  9.4492433003e-01  7  6  1.9433250846e+00  0.0 
109678 16qam  17  9.9999995099e-03  9.4492433003e-01  7  6  1.9433250846e+00  0.0 
109679 64qam  17  9.9999995099e-03  9.4492433003e-01  7  6  1.9433250846e+00  0.0 
109680 256qam  17  9.9999995099e-03  9.4492433003e-01  7  6  1.9433250846e+00  0.0 
109681 bpsk  14  1.7858853083e-02  7.7468994153e-01  1  1  5.0298361361e+00  0.0 
109682 qpsk  14  1.7858853083e-02  7.7468994153e-01  1  1  5.0298361361e+00  0.0 
109683 8psk  14  1.7858853083e-02  7.7468994153e-01  1  1  5.0298361361e+00  0.0 
109684 dqpsk  14  1.7858853083e-02  7.7468994153e-01  1  1  5.0298361361e+00  0.0 
109685 msk  14  1.7858853083e-02  7.7468994153e-01  1  1  5.0298361361e+00  0.0 
109686 16qam  14  1.7858853083e-02  7.7468994153e-01  1  1  5.0298361361e+00  0.0 
109687 64qam  14  1.7858853083e-02  7.7468994153e-01  1  1  5.0298361361e+00  0.0 
109688 256qam  14  1.7858853083e-02  7.7468994153e-01  1  1  5.0298361361e+00  0.0 
109689 bpsk  12  1.6552121333e-02  9.0687493449e-01  5  4  2.9245209978e+00  0.0 
109690 qpsk  12  1.6552121333e-02  9.0687493449e-01  5  4  2.9245209978e+00  0.0 
109691 8psk  12  1.6552121333e-02  9.0687493449e-01  5  4  2.9245209978e+00  0.0 
109692 dqpsk  12  1.6552121333e-02  9.0687493449e-01  5  4  2.9245209978e+00  0.0 
109693 msk  12  1.6552121333e-02  9.0687493449e-01  5  4  2.9245209978e+00  0.0 
109694 16qam  12  1.6552121333e-02  9.0687493449e-01  5  4  2.9245209978e+00  0.0 
109695 64qam  12  1.6552121333e-02  9.0687493449e-01  5  4  2.9245209978e+00  0.0 
109696 256qam  12  1.6552121333e-02  9.0687493449e-01  5  4  2.9245209978e+00  0.0 
109697 bpsk  12  1.3846041615e-02  4.6936830432e-01  1  1  3.9011426572e+00  0.0 
109698 qpsk  12  1.3846041615e-02  4.6936830432e-01  1  1  3.9011426572e+00  0.0 
109699 8psk  12  1.3846041615e-02  4.6936830432e-01  1  1  3.9011426572e+00  0.0 
109700 dqpsk  12  1.3846041615e-02  4.6936830432e-01  1  1  3.9011426572e+00  0.0 
109701 msk  12  1.3846041615e-02  4.6936830432e-01  1  1  3.9011426572e+00  0.0 
109702 16qam  12  1.3846041615e-02  4.6936830432e-01  1  1  3.9011426572e+00  0.0 
109703 64qam  12  1.3846041615e-02  4.6936830432e-01  1  1  3.9011426572e+00  0.0 
109704 256qam  12  1.3846041615e-02  4.6936830432e-01  1  1  3.9011426572e+00  0.0 
109705 bpsk  13  1.7011520025e-02  4.5405539001e-01  10  9  5.4390602066e+00  0.0 
109706 qpsk  13  1.7011520025e-02  4.5405539001e-01  10  9  5.4390602066e+00  0.0 
109707 8psk  13  1.7011520025e-02  4.5405539001e-01  10  9  5.4390602066e+00  0.0 
109708 dqpsk  13  1.7011520025e-02  4.5405539001e-01  10  9  5.4390602066e+00  0.0 
109709 msk  13  1.7011520025e-02  4.5405539001e-01  10  9  5.4390602066e+00  0.0 
109710 16qam  13  1.7011520025e-02  4.5405539001e-01  10  9  5.4390602066e+00  0.0 
109711 64qam  13  1.7011520025e-02  4.5405539001e-01  10  9  5.4390602066e+00  0.0 
109712 256qam  13  1.7011520025e-02  4.5405539001e-01  10  9  5.4390602066e+00  0.0 
109713 bpsk  18  1.3675543387e-02  1.9131795637e-01  1  1  3.8985881891e+00  0.0 
109714 qpsk  18  1.3675543387e-02  1.9131795637e-01  1  1  3.8985881891e+00  0.0 
109715 8psk  18  1.3675543387e-02  1.9131795637e-01  1  1  3.8985881891e+00  0.0 
109716 dqpsk  18  1.3675543387e-02  1.9131795637e-01  1  1  3.8985881891e+00  0.0 
109717 msk  18  1.3675543387e-02  1.9131795637e-01  1  1  3.8985881891e+00  0.0 
109718 16qam  18  1.3675543387e-02  1.9131795637e-01  1  1  3.8985881891e+00  0.0 
109719 64qam  18  1.3675543387e-02  1.9131795637e-01  1  1  3.8985881891e+00  0.0 
109720 256qam  18  1.3675543387e-02  1.9131795637e-01  1  1  3.8985881891e+00  0.0 
109721 bpsk  4  1.7632291704e-02  2.6450541105e-01  1  1  4.0395384753e+00  0.0 
109722 qpsk  4  1.7632291704e-02  2.6450541105e-01  1  1  4.0395384753e+00  0.0 
109723 8psk  4  1.7632291704e-02  2.6450541105e-01  1  1  4.0395384753e+00  0.0 
109724 dqpsk  4  1.7632291704e-02  2.6450541105e-01  1  1  4.0395384753e+00  0.0 
109725 msk  4  1.7632291704e-02  2.6450541105e-01  1  1  4.0395384753e+00  0.0 
109726 16qam  4  1.7632291704e-02  2.6450541105e-01  1  1  4.0395384753e+00  0.0 
109727 64qam  4  1.7632291704e-02  2.6450541105e-01  1  1  4.0395384753e+00  0.0 
109728 256qam  4  1.7632291704e-02  2.6450541105e-01  1  1  4.0395384753e+00  0.0 
109729 bpsk  10  1.1097948299e-02  1.6516610622e-01  1  1  5.2575844975e+00  0.0 
109730 qpsk  10  1.1097948299e-02  1.6516610622e-01  1  1  5.2575844975e+00  0.0 
109731 8psk  10  1.1097948299e-02  1.6516610622e-01  1  1  5.2575844975e+00  0.0 
109732 dqpsk  10  1.1097948299e-02  1.6516610622e-01  1  1  5.2575844975e+00  0.0 
109733 msk  10  1.1097948299e-02  1.6516610622e-01  1  1  5.2575844975e+00  0.0 
109734 16qam  10  1.1097948299e-02  1.6516610622e-01  1  1  5.2575844975e+00  0.0 
109735 64qam  10  1.1097948299e-02  1.6516610622e-01  1  1  5.2575844975e+00  0.0 
109736 256qam  10  1.1097948299e-02  1.6516610622e-01  1  1  5.2575844975e+00  0.0 
109737 bpsk  4  1.5760390245e-02  4.0668709789e-01  8  7  1.4151989496e+00  0.0 
109738 qpsk  4  1.5760390245e-02  4.0668709789e-01  8  7  1.4151989496e+00  0.0 
109739 8psk  4  1.5760390245e-02  4.0668709789e-01  8  7  1.4151989496e+00  0.0 
109740 dqpsk  4  1.5760390245e-02  4.0668709789e-01  8  7  1.4151989496e+00  0.0 
109741 msk  4  1.5760390245e-02  4.0668709789e-01  8  7  1.4151989496e+00  0.0 
109742 16qam  4  1.5760390245e-02  4.0668709789e-01  8  7  1.4151989496e+00  0.0 
109743 64qam  4  1.5760390245e-02  4.0668709789e-01  8  7  1.4151989496e+00  0.0 
109744 256qam  4  1.5760390245e-02  4.0668709789e-01  8  7  1.4151989496e+00  0.0 
109745 bpsk  10  1.3638115184e-02  6.6901360602e-01  1  1  2.5807302490e-01  0.0 
109746 qpsk  10  1.3638115184e-02  6.6901360602e-01  1  1  2.5807302490e-01  0.0 
109747 8psk  10  1.3638115184e-02  6.6901360602e-01  1  1  2.5807302490e-01  0.0 
109748 dqpsk  10  1.3638115184e-02  6.6901360602e-01  1  1  2.5807302490e-01  0.0 
109749 msk  10  1.3638115184e-02  6.6901360602e-01  1  1  2.5807302490e-01  0.0 
109750 16qam  10  1.3638115184e-02  6.6901360602e-01  1  1  2.5807302490e-01  0.0 
109751 64qam  10  1.3638115184e-02  6.6901360602e-01  1  1  2.5807302490e-01  0.0 
109752 256qam  10  1.3638115184e-02  6.6901360602e-01  1  1  2.5807302490e-01  0.0 
109753 bpsk  3  1.4488320152e-02  2.6217445157e-01  5  4  3.0376481636e+00  0.0 
109754 qpsk  3  1.4488320152e-02  2.6217445157e-01  5  4  3.0376481636e+00  0.0 
109755 8psk  3  1.4488320152e-02  2.6217445157e-01  5  4  3.0376481636e+00  0.0 
109756 dqpsk  3  1.4488320152e-02  2.6217445157e-01  5  4  3.0376481636e+00  0.0 
109757 msk  3  1.4488320152e-02  2.6217445157e-01  5  4  3.0376481636e+00  0.0 
109758 16qam  3  1.4488320152e-02  2.6217445157e-01  5  4  3.0376481636e+00  0.0 
109759 64qam  3  1.4488320152e-02  2.6217445157e-01  5  4  3.0376481636e+00  0.0 
109760 256qam  3  1.4488320152e-02  2.6217445157e-01  5  4  3.0376481636e+00  0.0 
109761 bpsk  6  1.1604043856e-02  4.7113166391e-01  5  4  5.8114879096e+00  0.0 
109762 qpsk  6  1.1604043856e-02  4.7113166391e-01  5  4  5.8114879096e+00  0.0 
109763 8psk  6  1.1604043856e-02  4.7113166391e-01  5  4  5.8114879096e+00  0.0 
109764 dqpsk  6  1.1604043856e-02  4.7113166391e-01  5  4  5.8114879096e+00  0.0 
109765 msk  6  1.1604043856e-02  4.7113166391e-01  5  4  5.8114879096e+00  0.0 
109766 16qam  6  1.1604043856e-02  4.7113166391e-01  5  4  5.8114879096e+00  0.0 
109767 64qam  6  1.1604043856e-02  4.7113166391e-01  5  4  5.8114879096e+00  0.0 
109768 256qam  6  1.1604043856e-02  4.7113166391e-01  5  4  5.8114879096e+00  0.0 
109769 bpsk  19  1.4660692056e-02  1.3352247813e-01  10  9  5.1730780110e-01  0.0 
109770 qpsk  19  1.4660692056e-02  1.3352247813e-01  10  9  5.1730780110e-01  0.0 
109771 8psk  19  1.4660692056e-02  1.3352247813e-01  10  9  5.1730780110e-01  0.0 
109772 dqpsk  19  1.4660692056e-02  1.3352247813e-01  10  9  5.1730780110e-01  0.0 
109773 msk  19  1.4660692056e-02  1.3352247813e-01  10  9  5.1730780110e-01  0.0 
109774 16qam  19  1.4660692056e-02  1.3352247813e-01  10  9  5.1730780110e-01  0.0 
109775 64qam  19  1.4660692056e-02  1.3352247813e-01  10  9  5.1730780110e-01  0.0 
109776 256qam  19  1.4660692056e-02  1.3352247813e-01  10  9  5.1730780110e-01  0.0 
109777 bpsk  15  1.4278437854e-02  5.8661957778e-01  5  4  3.6050358571e+00  0.0 
109778 qpsk  15  1.4278437854e-02  5.8661957778e-01  5  4  3.6050358571e+00  0.0 
109779 8psk  15  1.4278437854e-02  5.8661957778e-01  5  4  3.6050358571e+00  0.0 
109780 dqpsk  15  1.4278437854e-02  5.8661957778e-01  5  4  3.6050358571e+00  0.0 
109781 msk  15  1.4278437854e-02  5.8661957778e-01  5  4  3.6050358571e+00  0.0 
109782 16qam  15  1.4278437854e-02  5.8661957778e-01  5  4  3.6050358571e+00  0.0 
109783 64qam  15  1.4278437854e-02  5.8661957778e-01  5  4  3.6050358571e+00  0.0 
109784 256qam  15  1.4278437854e-02  5.8661957778e-01  5  4  3.6050358571e+00  0.0 
109785 bpsk  10  1.4240213287e-02  1.8296957441e-01  7  6  4.8540563393e+00  0.0 
109786 qpsk  10  1.4240213287e-02  1.8296957441e-01  7  6  4.8540563393e+00  0.0 
109787 8psk  10  1.4240213287e-02  1.8296957441e-01  7  6  4.8540563393e+00  0.0 
109788 dqpsk  10  1.4240213287e-02  1.8296957441e-01  7  6  4.8540563393e+00  0.0 
109789 msk  10  1.4240213287e-02  1.8296957441e-01  7  6  4.8540563393e+00  0.0 
109790 16qam  10  1.4240213287e-02  1.8296957441e-01  7  6  4.8540563393e+00  0.0 
109791 64qam  10  1.4240213287e-02  1.8296957441e-01  7  6  4.8540563393e+00  0.0 
109792 256qam  10  1.4240213287e-02  1.8296957441e-01  7  6  4.8540563393e+00  0.0 
109793 bpsk  18  1.3636014626e-02  7.8463367133e-01  9  8  2.1580336560e+00  0.0 
109794 qpsk  18  1.3636014626e-02  7.8463367133e-01  9  8  2.1580336560e+00  0.0 
109795 8psk  18  1.3636014626e-02  7.8463367133e-01  9  8  2.1580336560e+00  0.0 
109796 dqpsk  18  1.3636014626e-02  7.8463367133e-01  9  8  2.1580336560e+00  0.0 
109797 msk  18  1.3636014626e-02  7.8463367133e-01  9  8  2.1580336560e+00  0.0 
109798 16qam  18  1.3636014626e-02  7.8463367133e-01  9  8  2.1580336560e+00  0.0 
109799 64qam  18  1.3636014626e-02  7.8463367133e-01  9  8  2.1580336560e+00  0.0 
109800 256qam  18  1.3636014626e-02  7.8463367133e-01  9  8  2.1580336560e+00  0.0 
109801 bpsk  16  1.5786890390e-02  1.7675610009e-01  10  9  4.3767781595e+00  0.0 
109802 qpsk  16  1.5786890390e-02  1.7675610009e-01  10  9  4.3767781595e+00  0.0 
109803 8psk  16  1.5786890390e-02  1.7675610009e-01  10  9  4.3767781595e+00  0.0 
109804 dqpsk  16  1.5786890390e-02  1.7675610009e-01  10  9  4.3767781595e+00  0.0 
109805 msk  16  1.5786890390e-02  1.7675610009e-01  10  9  4.3767781595e+00  0.0 
109806 16qam  16  1.5786890390e-02  1.7675610009e-01  10  9  4.3767781595e+00  0.0 
109807 64qam  16  1.5786890390e-02  1.7675610009e-01  10  9  4.3767781595e+00  0.0 
109808 256qam  16  1.5786890390e-02  1.7675610009e-01  10  9  4.3767781595e+00  0.0 
109809 bpsk  18  1.1659981472e-02  3.8498073703e-01  10  9  4.0059222249e+00  0.0 
109810 qpsk  18  1.1659981472e-02  3.8498073703e-01  10  9  4.0059222249e+00  0.0 
109811 8psk  18  1.1659981472e-02  3.8498073703e-01  10  9  4.0059222249e+00  0.0 
109812 dqpsk  18  1.1659981472e-02  3.8498073703e-01  10  9  4.0059222249e+00  0.0 
109813 msk  18  1.1659981472e-02  3.8498073703e-01  10  9  4.0059222249e+00  0.0 
109814 16qam  18  1.1659981472e-02  3.8498073703e-01  10  9  4.0059222249e+00  0.0 
109815 64qam  18  1.1659981472e-02  3.8498073703e-01  10  9  4.0059222249e+00  0.0 
109816 256qam  18  1.1659981472e-02  3.8498073703e-01  10  9  4.0059222249e+00  0.0 
109817 bpsk  9  1.4783369919e-02  7.9226871654e-01  4  3  9.0798553814e-01  0.0 
109818 qpsk  9  1.4783369919e-02  7.9226871654e-01  4  3  9.0798553814e-01  0.0 
109819 8psk  9  1.4783369919e-02  7.9226871654e-01  4  3  9.0798553814e-01  0.0 
109820 dqpsk  9  1.4783369919e-02  7.9226871654e-01  4  3  9.0798553814e-01  0.0 
109821 msk  9  1.4783369919e-02  7.9226871654e-01  4  3  9.0798553814e-01  0.0 
109822 16qam  9  1.4783369919e-02  7.9226871654e-01  4  3  9.0798553814e-01  0.0 
109823 64qam  9  1.4783369919e-02  7.9226871654e-01  4  3  9.0798553814e-01  0.0 
109824 256qam  9  1.4783369919e-02  7.9226871654e-01  4  3  9.0798553814e-01  0.0 
109825 bpsk  19  1.3563845851e-02  7.0299416490e-01  7  6  3.3871273160e+00  0.0 
109826 qpsk  19  1.3563845851e-02  7.0299416490e-01  7  6  3.3871273160e+00  0.0 
109827 8psk  19  1.3563845851e-02  7.0299416490e-01  7  6  3.3871273160e+00  0.0 
109828 dqpsk  19  1.3563845851e-02  7.0299416490e-01  7  6  3.3871273160e+00  0.0 
109829 msk  19  1.3563845851e-02  7.0299416490e-01  7  6  3.3871273160e+00  0.0 
109830 16qam  19  1.3563845851e-02  7.0299416490e-01  7  6  3.3871273160e+00  0.0 
109831 64qam  19  1.3563845851e-02  7.0299416490e-01  7  6  3.3871273160e+00  0.0 
109832 256qam  19  1.3563845851e-02  7.0299416490e-01  7  6  3.3871273160e+00  0.0 
109833 bpsk  3  1.2772590845e-02  7.8609057959e-01  9  8  4.4193196276e+00  0.0 
109834 qpsk  3  1.2772590845e-02  7.8609057959e-01  9  8  4.4193196276e+00  0.0 
109835 8psk  3  1.2772590845e-02  7.8609057959e-01  9  8  4.4193196276e+00  0.0 
109836 dqpsk  3  1.2772590845e-02  7.8609057959e-01  9  8  4.4193196276e+00  0.0 
109837 msk  3  1.2772590845e-02  7.8609057959e-01  9  8  4.4193196276e+00  0.0 
109838 16qam  3  1.2772590845e-02  7.8609057959e-01  9  8  4.4193196276e+00  0.0 
109839 64qam  3  1.2772590845e-02  7.8609057959e-01  9  8  4.4193196276e+00  0.0 
109840 256qam  3  1.2772590845e-02  7.8609057959e-01  9  8  4.4193196276e+00  0.0 
109841 bpsk  19  1.2795712681e-02  4.9052929461e-01  7  6  3.9709434155e+00  0.0 
109842 qpsk  19  1.2795712681e-02  4.9052929461e-01  7  6  3.9709434155e+00  0.0 
109843 8psk  19  1.2795712681e-02  4.9052929461e-01  7  6  3.9709434155e+00  0.0 
109844 dqpsk  19  1.2795712681e-02  4.9052929461e-01  7  6  3.9709434155e+00  0.0 
109845 msk  19  1.2795712681e-02  4.9052929461e-01  7  6  3.9709434155e+00  0.0 
109846 16qam  19  1.2795712681e-02  4.9052929461e-01  7  6  3.9709434155e+00  0.0 
109847 64qam  19  1.2795712681e-02  4.9052929461e-01  7  6  3.9709434155e+00  0.0 
109848 256qam  19  1.2795712681e-02  4.9052929461e-01  7  6  3.9709434155e+00  0.0 
109849 bpsk  16  1.9315328506e-02  4.3077099915e-01  1  1  1.5838561282e+00  0.0 
109850 qpsk  16  1.9315328506e-02  4.3077099915e-01  1  1  1.5838561282e+00  0.0 
109851 8psk  16  1.9315328506e-02  4.3077099915e-01  1  1  1.5838561282e+00  0.0 
109852 dqpsk  16  1.9315328506e-02  4.3077099915e-01  1  1  1.5838561282e+00  0.0 
109853 msk  16  1.9315328506e-02  4.3077099915e-01  1  1  1.5838561282e+00  0.0 
109854 16qam  16  1.9315328506e-02  4.3077099915e-01  1  1  1.5838561282e+00  0.0 
109855 64qam  16  1.9315328506e-02  4.3077099915e-01  1  1  1.5838561282e+00  0.0 
109856 256qam  16  1.9315328506e-02  4.3077099915e-01  1  1  1.5838561282e+00  0.0 
109857 bpsk  12  1.9229370924e-02  4.8122808109e-01  4  3  0.0000000000e+00  0.0 
109858 qpsk  12  1.9229370924e-02  4.8122808109e-01  4  3  0.0000000000e+00  0.0 
109859 8psk  12  1.9229370924e-02  4.8122808109e-01  4  3  0.0000000000e+00  0.0 
109860 dqpsk  12  1.9229370924e-02  4.8122808109e-01  4  3  0.0000000000e+00  0.0 
109861 msk  12  1.9229370924e-02  4.8122808109e-01  4  3  0.0000000000e+00  0.0 
109862 16qam  12  1.9229370924e-02  4.8122808109e-01  4  3  0.0000000000e+00  0.0 
109863 64qam  12  1.9229370924e-02  4.8122808109e-01  4  3  0.0000000000e+00  0.0 
109864 256qam  12  1.9229370924e-02  4.8122808109e-01  4  3  0.0000000000e+00  0.0 
109865 bpsk  12  1.2654101787e-02  3.0545306007e-01  4  3  5.6468382031e+00  0.0 
109866 qpsk  12  1.2654101787e-02  3.0545306007e-01  4  3  5.6468382031e+00  0.0 
109867 8psk  12  1.2654101787e-02  3.0545306007e-01  4  3  5.6468382031e+00  0.0 
109868 dqpsk  12  1.2654101787e-02  3.0545306007e-01  4  3  5.6468382031e+00  0.0 
109869 msk  12  1.2654101787e-02  3.0545306007e-01  4  3  5.6468382031e+00  0.0 
109870 16qam  12  1.2654101787e-02  3.0545306007e-01  4  3  5.6468382031e+00  0.0 
109871 64qam  12  1.2654101787e-02  3.0545306007e-01  4  3  5.6468382031e+00  0.0 
109872 256qam  12  1.2654101787e-02  3.0545306007e-01  4  3  5.6468382031e+00  0.0 
109873 bpsk  5  1.2735097013e-02  5.4340915520e-01  4  3  1.0023812315e+00  0.0 
109874 qpsk  5  1.2735097013e-02  5.4340915520e-01  4  3  1.0023812315e+00  0.0 
109875 8psk  5  1.2735097013e-02  5.4340915520e-01  4  3  1.0023812315e+00  0.0 
109876 dqpsk  5  1.2735097013e-02  5.4340915520e-01  4  3  1.0023812315e+00  0.0 
109877 msk  5  1.2735097013e-02  5.4340915520e-01  4  3  1.0023812315e+00  0.0 
109878 16qam  5  1.2735097013e-02  5.4340915520e-01  4  3  1.0023812315e+00  0.0 
109879 64qam  5  1.2735097013e-02  5.4340915520e-01  4  3  1.0023812315e+00  0.0 
109880 256qam  5  1.2735097013e-02  5.4340915520e-01  4  3  1.0023812315e+00  0.0 
109881 bpsk  6  1.0076061594e-02  1.8465382337e-01  6  5  6.7249307370e-01  0.0 
109882 qpsk  6  1.0076061594e-02  1.8465382337e-01  6  5  6.7249307370e-01  0.0 
109883 8psk  6  1.0076061594e-02  1.8465382337e-01  6  5  6.7249307370e-01  0.0 
109884 dqpsk  6  1.0076061594e-02  1.8465382337e-01  6  5  6.7249307370e-01  0.0 
109885 msk  6  1.0076061594e-02  1.8465382337e-01  6  5  6.7249307370e-01  0.0 
109886 16qam  6  1.0076061594e-02  1.8465382337e-01  6  5  6.7249307370e-01  0.0 
109887 64qam  6  1.0076061594e-02  1.8465382337e-01  6  5  6.7249307370e-01  0.0 
109888 256qam  6  1.0076061594e-02  1.8465382337e-01  6  5  6.7249307370e-01  0.0 
109889 bpsk  12  1.1018591766e-02  5.3558716515e-01  7  6  7.6024559570e-01  0.0 
109890 qpsk  12  1.1018591766e-02  5.3558716515e-01  7  6  7.6024559570e-01  0.0 
109891 8psk  12  1.1018591766e-02  5.3558716515e-01  7  6  7.6024559570e-01  0.0 
109892 dqpsk  12  1.1018591766e-02  5.3558716515e-01  7  6  7.6024559570e-01  0.0 
109893 msk  12  1.1018591766e-02  5.3558716515e-01  7  6  7.6024559570e-01  0.0 
109894 16qam  12  1.1018591766e-02  5.3558716515e-01  7  6  7.6024559570e-01  0.0 
109895 64qam  12  1.1018591766e-02  5.3558716515e-01  7  6  7.6024559570e-01  0.0 
109896 256qam  12  1.1018591766e-02  5.3558716515e-01  7  6  7.6024559570e-01  0.0 
109897 bpsk  15  1.4937987727e-02  1.8451896841e-01  1  1  1.1118719450e+00  0.0 
109898 qpsk  15  1.4937987727e-02  1.8451896841e-01  1  1  1.1118719450e+00  0.0 
109899 8psk  15  1.4937987727e-02  1.8451896841e-01  1  1  1.1118719450e+00  0.0 
109900 dqpsk  15  1.4937987727e-02  1.8451896841e-01  1  1  1.1118719450e+00  0.0 
109901 msk  15  1.4937987727e-02  1.8451896841e-01  1  1  1.1118719450e+00  0.0 
109902 16qam  15  1.4937987727e-02  1.8451896841e-01  1  1  1.1118719450e+00  0.0 
109903 64qam  15  1.4937987727e-02  1.8451896841e-01  1  1  1.1118719450e+00  0.0 
109904 256qam  15  1.4937987727e-02  1.8451896841e-01  1  1  1.1118719450e+00  0.0 
109905 bpsk  16  9.9999998737e-03  4.0691043283e-01  3  2  5.5692262594e+00  0.0 
109906 qpsk  16  9.9999998737e-03  4.0691043283e-01  3  2  5.5692262594e+00  0.0 
109907 8psk  16  9.9999998737e-03  4.0691043283e-01  3  2  5.5692262594e+00  0.0 
109908 dqpsk  16  9.9999998737e-03  4.0691043283e-01  3  2  5.5692262594e+00  0.0 
109909 msk  16  9.9999998737e-03  4.0691043283e-01  3  2  5.5692262594e+00  0.0 
109910 16qam  16  9.9999998737e-03  4.0691043283e-01  3  2  5.5692262594e+00  0.0 
109911 64qam  16  9.9999998737e-03  4.0691043283e-01  3  2  5.5692262594e+00  0.0 
109912 256qam  16  9.9999998737e-03  4.0691043283e-01  3  2  5.5692262594e+00  0.0 
109913 bpsk  14  1.6193694976e-02  6.0336780898e-01  4  3  2.9986200338e+00  0.0 
109914 qpsk  14  1.6193694976e-02  6.0336780898e-01  4  3  2.9986200338e+00  0.0 
109915 8psk  14  1.6193694976e-02  6.0336780898e-01  4  3  2.9986200338e+00  0.0 
109916 dqpsk  14  1.6193694976e-02  6.0336780898e-01  4  3  2.9986200338e+00  0.0 
109917 msk  14  1.6193694976e-02  6.0336780898e-01  4  3  2.9986200338e+00  0.0 
109918 16qam  14  1.6193694976e-02  6.0336780898e-01  4  3  2.9986200338e+00  0.0 
109919 64qam  14  1.6193694976e-02  6.0336780898e-01  4  3  2.9986200338e+00  0.0 
109920 256qam  14  1.6193694976e-02  6.0336780898e-01  4  3  2.9986200338e+00  0.0 
109921 bpsk  9  1.4061446552e-02  8.7777847838e-01  10  9  3.4877748880e+00  0.0 
109922 qpsk  9  1.4061446552e-02  8.7777847838e-01  10  9  3.4877748880e+00  0.0 
109923 8psk  9  1.4061446552e-02  8.7777847838e-01  10  9  3.4877748880e+00  0.0 
109924 dqpsk  9  1.4061446552e-02  8.7777847838e-01  10  9  3.4877748880e+00  0.0 
109925 msk  9  1.4061446552e-02  8.7777847838e-01  10  9  3.4877748880e+00  0.0 
109926 16qam  9  1.4061446552e-02  8.7777847838e-01  10  9  3.4877748880e+00  0.0 
109927 64qam  9  1.4061446552e-02  8.7777847838e-01  10  9  3.4877748880e+00  0.0 
109928 256qam  9  1.4061446552e-02  8.7777847838e-01  10  9  3.4877748880e+00  0.0 
109929 bpsk  6  1.7377372625e-02  2.3468977930e-01  4  3  1.4988468824e+00  0.0 
109930 qpsk  6  1.7377372625e-02  2.3468977930e-01  4  3  1.4988468824e+00  0.0 
109931 8psk  6  1.7377372625e-02  2.3468977930e-01  4  3  1.4988468824e+00  0.0 
109932 dqpsk  6  1.7377372625e-02  2.3468977930e-01  4  3  1.4988468824e+00  0.0 
109933 msk  6  1.7377372625e-02  2.3468977930e-01  4  3  1.4988468824e+00  0.0 
109934 16qam  6  1.7377372625e-02  2.3468977930e-01  4  3  1.4988468824e+00  0.0 
109935 64qam  6  1.7377372625e-02  2.3468977930e-01  4  3  1.4988468824e+00  0.0 
109936 256qam  6  1.7377372625e-02  2.3468977930e-01  4  3  1.4988468824e+00  0.0 
109937 bpsk  5  1.1681325580e-02  6.6412521515e-01  1  1  1.5784893890e-01  0.0 
109938 qpsk  5  1.1681325580e-02  6.6412521515e-01  1  1  1.5784893890e-01  0.0 
109939 8psk  5  1.1681325580e-02  6.6412521515e-01  1  1  1.5784893890e-01  0.0 
109940 dqpsk  5  1.1681325580e-02  6.6412521515e-01  1  1  1.5784893890e-01  0.0 
109941 msk  5  1.1681325580e-02  6.6412521515e-01  1  1  1.5784893890e-01  0.0 
109942 16qam  5  1.1681325580e-02  6.6412521515e-01  1  1  1.5784893890e-01  0.0 
109943 64qam  5  1.1681325580e-02  6.6412521515e-01  1  1  1.5784893890e-01  0.0 
109944 256qam  5  1.1681325580e-02  6.6412521515e-01  1  1  1.5784893890e-01  0.0 
109945 bpsk  13  1.3957153655e-02  3.8270228609e-01  8  7  2.0189537536e+00  0.0 
109946 qpsk  13  1.3957153655e-02  3.8270228609e-01  8  7  2.0189537536e+00  0.0 
109947 8psk  13  1.3957153655e-02  3.8270228609e-01  8  7  2.0189537536e+00  0.0 
109948 dqpsk  13  1.3957153655e-02  3.8270228609e-01  8  7  2.0189537536e+00  0.0 
109949 msk  13  1.3957153655e-02  3.8270228609e-01  8  7  2.0189537536e+00  0.0 
109950 16qam  13  1.3957153655e-02  3.8270228609e-01  8  7  2.0189537536e+00  0.0 
109951 64qam  13  1.3957153655e-02  3.8270228609e-01  8  7  2.0189537536e+00  0.0 
109952 256qam  13  1.3957153655e-02  3.8270228609e-01  8  7  2.0189537536e+00  0.0 
109953 bpsk  15  1.0746935518e-02  4.4232362600e-01  9  8  1.6946115759e+00  0.0 
109954 qpsk  15  1.0746935518e-02  4.4232362600e-01  9  8  1.6946115759e+00  0.0 
109955 8psk  15  1.0746935518e-02  4.4232362600e-01  9  8  1.6946115759e+00  0.0 
109956 dqpsk  15  1.0746935518e-02  4.4232362600e-01  9  8  1.6946115759e+00  0.0 
109957 msk  15  1.0746935518e-02  4.4232362600e-01  9  8  1.6946115759e+00  0.0 
109958 16qam  15  1.0746935518e-02  4.4232362600e-01  9  8  1.6946115759e+00  0.0 
109959 64qam  15  1.0746935518e-02  4.4232362600e-01  9  8  1.6946115759e+00  0.0 
109960 256qam  15  1.0746935518e-02  4.4232362600e-01  9  8  1.6946115759e+00  0.0 
109961 bpsk  13  1.3212184567e-02  6.4523690638e-01  1  1  6.6527484854e-01  0.0 
109962 qpsk  13  1.3212184567e-02  6.4523690638e-01  1  1  6.6527484854e-01  0.0 
109963 8psk  13  1.3212184567e-02  6.4523690638e-01  1  1  6.6527484854e-01  0.0 
109964 dqpsk  13  1.3212184567e-02  6.4523690638e-01  1  1  6.6527484854e-01  0.0 
109965 msk  13  1.3212184567e-02  6.4523690638e-01  1  1  6.6527484854e-01  0.0 
109966 16qam  13  1.3212184567e-02  6.4523690638e-01  1  1  6.6527484854e-01  0.0 
109967 64qam  13  1.3212184567e-02  6.4523690638e-01  1  1  6.6527484854e-01  0.0 
109968 256qam  13  1.3212184567e-02  6.4523690638e-01  1  1  6.6527484854e-01  0.0 
109969 bpsk  17  1.0298936605e-02  4.0783861303e-01  10  9  3.3198546330e+00  0.0 
109970 qpsk  17  1.0298936605e-02  4.0783861303e-01  10  9  3.3198546330e+00  0.0 
109971 8psk  17  1.0298936605e-02  4.0783861303e-01  10  9  3.3198546330e+00  0.0 
109972 dqpsk  17  1.0298936605e-02  4.0783861303e-01  10  9  3.3198546330e+00  0.0 
109973 msk  17  1.0298936605e-02  4.0783861303e-01  10  9  3.3198546330e+00  0.0 
109974 16qam  17  1.0298936605e-02  4.0783861303e-01  10  9  3.3198546330e+00  0.0 
109975 64qam  17  1.0298936605e-02  4.0783861303e-01  10  9  3.3198546330e+00  0.0 
109976 256qam  17  1.0298936605e-02  4.0783861303e-01  10  9  3.3198546330e+00  0.0 
109977 bpsk  8  1.4055572379e-02  7.8343436996e-01  9  8  5.7131256629e+00  0.0 
109978 qpsk  8  1.4055572379e-02  7.8343436996e-01  9  8  5.7131256629e+00  0.0 
109979 8psk  8  1.4055572379e-02  7.8343436996e-01  9  8  5.7131256629e+00  0.0 
109980 dqpsk  8  1.4055572379e-02  7.8343436996e-01  9  8  5.7131256629e+00  0.0 
109981 msk  8  1.4055572379e-02  7.8343436996e-01  9  8  5.7131256629e+00  0.0 
109982 16qam  8  1.4055572379e-02  7.8343436996e-01  9  8  5.7131256629e+00  0.0 
109983 64qam  8  1.4055572379e-02  7.8343436996e-01  9  8  5.7131256629e+00  0.0 
109984 256qam  8  1.4055572379e-02  7.8343436996e-01  9  8  5.7131256629e+00  0.0 
109985 bpsk  8  1.5686305114e-02  3.0335181245e-01  5  4  4.1953436426e+00  0.0 
109986 qpsk  8  1.5686305114e-02  3.0335181245e-01  5  4  4.1953436426e+00  0.0 
109987 8psk  8  1.5686305114e-02  3.0335181245e-01  5  4  4.1953436426e+00  0.0 
109988 dqpsk  8  1.5686305114e-02  3.0335181245e-01  5  4  4.1953436426e+00  0.0 
109989 msk  8  1.5686305114e-02  3.0335181245e-01  5  4  4.1953436426e+00  0.0 
109990 16qam  8  1.5686305114e-02  3.0335181245e-01  5  4  4.1953436426e+00  0.0 
109991 64qam  8  1.5686305114e-02  3.0335181245e-01  5  4  4.1953436426e+00  0.0 
109992 256qam  8  1.5686305114e-02  3.0335181245e-01  5  4  4.1953436426e+00  0.0 
109993 bpsk  9  1.1681652583e-02  9.7561593530e-01  4  3  3.0691827535e+00  0.0 
109994 qpsk  9  1.1681652583e-02  9.7561593530e-01  4  3  3.0691827535e+00  0.0 
109995 8psk  9  1.1681652583e-02  9.7561593530e-01  4  3  3.0691827535e+00  0.0 
109996 dqpsk  9  1.1681652583e-02  9.7561593530e-01  4  3  3.0691827535e+00  0.0 
109997 msk  9  1.1681652583e-02  9.7561593530e-01  4  3  3.0691827535e+00  0.0 
109998 16qam  9  1.1681652583e-02  9.7561593530e-01  4  3  3.0691827535e+00  0.0 
109999 64qam  9  1.1681652583e-02  9.7561593530e-01  4  3  3.0691827535e+00  0.0 
110000 256qam  9  1.1681652583e-02  9.7561593530e-01  4  3  3.0691827535e+00  0.0 
110001 bpsk  6  1.9293170743e-02  9.8463866321e-01  7  6  3.0265345126e+00  0.0 
110002 qpsk  6  1.9293170743e-02  9.8463866321e-01  7  6  3.0265345126e+00  0.0 
110003 8psk  6  1.9293170743e-02  9.8463866321e-01  7  6  3.0265345126e+00  0.0 
110004 dqpsk  6  1.9293170743e-02  9.8463866321e-01  7  6  3.0265345126e+00  0.0 
110005 msk  6  1.9293170743e-02  9.8463866321e-01  7  6  3.0265345126e+00  0.0 
110006 16qam  6  1.9293170743e-02  9.8463866321e-01  7  6  3.0265345126e+00  0.0 
110007 64qam  6  1.9293170743e-02  9.8463866321e-01  7  6  3.0265345126e+00  0.0 
110008 256qam  6  1.9293170743e-02  9.8463866321e-01  7  6  3.0265345126e+00  0.0 
110009 bpsk  9  1.4085530878e-02  4.9779608901e-01  1  1  2.7916426492e+00  0.0 
110010 qpsk  9  1.4085530878e-02  4.9779608901e-01  1  1  2.7916426492e+00  0.0 
110011 8psk  9  1.4085530878e-02  4.9779608901e-01  1  1  2.7916426492e+00  0.0 
110012 dqpsk  9  1.4085530878e-02  4.9779608901e-01  1  1  2.7916426492e+00  0.0 
110013 msk  9  1.4085530878e-02  4.9779608901e-01  1  1  2.7916426492e+00  0.0 
110014 16qam  9  1.4085530878e-02  4.9779608901e-01  1  1  2.7916426492e+00  0.0 
110015 64qam  9  1.4085530878e-02  4.9779608901e-01  1  1  2.7916426492e+00  0.0 
110016 256qam  9  1.4085530878e-02  4.9779608901e-01  1  1  2.7916426492e+00  0.0 
110017 bpsk  12  1.1558163199e-02  5.3137732831e-01  5  4  4.8617563576e+00  0.0 
110018 qpsk  12  1.1558163199e-02  5.3137732831e-01  5  4  4.8617563576e+00  0.0 
110019 8psk  12  1.1558163199e-02  5.3137732831e-01  5  4  4.8617563576e+00  0.0 
110020 dqpsk  12  1.1558163199e-02  5.3137732831e-01  5  4  4.8617563576e+00  0.0 
110021 msk  12  1.1558163199e-02  5.3137732831e-01  5  4  4.8617563576e+00  0.0 
110022 16qam  12  1.1558163199e-02  5.3137732831e-01  5  4  4.8617563576e+00  0.0 
110023 64qam  12  1.1558163199e-02  5.3137732831e-01  5  4  4.8617563576e+00  0.0 
110024 256qam  12  1.1558163199e-02  5.3137732831e-01  5  4  4.8617563576e+00  0.0 
110025 bpsk  8  1.1796972727e-02  6.6661840999e-01  10  9  4.4672908935e+00  0.0 
110026 qpsk  8  1.1796972727e-02  6.6661840999e-01  10  9  4.4672908935e+00  0.0 
110027 8psk  8  1.1796972727e-02  6.6661840999e-01  10  9  4.4672908935e+00  0.0 
110028 dqpsk  8  1.1796972727e-02  6.6661840999e-01  10  9  4.4672908935e+00  0.0 
110029 msk  8  1.1796972727e-02  6.6661840999e-01  10  9  4.4672908935e+00  0.0 
110030 16qam  8  1.1796972727e-02  6.6661840999e-01  10  9  4.4672908935e+00  0.0 
110031 64qam  8  1.1796972727e-02  6.6661840999e-01  10  9  4.4672908935e+00  0.0 
110032 256qam  8  1.1796972727e-02  6.6661840999e-01  10  9  4.4672908935e+00  0.0 
110033 bpsk  11  1.5267567494e-02  6.2105560186e-01  3  2  2.2207185850e+00  0.0 
110034 qpsk  11  1.5267567494e-02  6.2105560186e-01  3  2  2.2207185850e+00  0.0 
110035 8psk  11  1.5267567494e-02  6.2105560186e-01  3  2  2.2207185850e+00  0.0 
110036 dqpsk  11  1.5267567494e-02  6.2105560186e-01  3  2  2.2207185850e+00  0.0 
110037 msk  11  1.5267567494e-02  6.2105560186e-01  3  2  2.2207185850e+00  0.0 
110038 16qam  11  1.5267567494e-02  6.2105560186e-01  3  2  2.2207185850e+00  0.0 
110039 64qam  11  1.5267567494e-02  6.2105560186e-01  3  2  2.2207185850e+00  0.0 
110040 256qam  11  1.5267567494e-02  6.2105560186e-01  3  2  2.2207185850e+00  0.0 
110041 bpsk  13  1.4200124362e-02  1.1248786748e-01  10  9  1.3691505943e+00  0.0 
110042 qpsk  13  1.4200124362e-02  1.1248786748e-01  10  9  1.3691505943e+00  0.0 
110043 8psk  13  1.4200124362e-02  1.1248786748e-01  10  9  1.3691505943e+00  0.0 
110044 dqpsk  13  1.4200124362e-02  1.1248786748e-01  10  9  1.3691505943e+00  0.0 
110045 msk  13  1.4200124362e-02  1.1248786748e-01  10  9  1.3691505943e+00  0.0 
110046 16qam  13  1.4200124362e-02  1.1248786748e-01  10  9  1.3691505943e+00  0.0 
110047 64qam  13  1.4200124362e-02  1.1248786748e-01  10  9  1.3691505943e+00  0.0 
110048 256qam  13  1.4200124362e-02  1.1248786748e-01  10  9  1.3691505943e+00  0.0 
110049 bpsk  16  1.2527630767e-02  1.8675411400e-01  9  8  4.0152284523e-01  0.0 
110050 qpsk  16  1.2527630767e-02  1.8675411400e-01  9  8  4.0152284523e-01  0.0 
110051 8psk  16  1.2527630767e-02  1.8675411400e-01  9  8  4.0152284523e-01  0.0 
110052 dqpsk  16  1.2527630767e-02  1.8675411400e-01  9  8  4.0152284523e-01  0.0 
110053 msk  16  1.2527630767e-02  1.8675411400e-01  9  8  4.0152284523e-01  0.0 
110054 16qam  16  1.2527630767e-02  1.8675411400e-01  9  8  4.0152284523e-01  0.0 
110055 64qam  16  1.2527630767e-02  1.8675411400e-01  9  8  4.0152284523e-01  0.0 
110056 256qam  16  1.2527630767e-02  1.8675411400e-01  9  8  4.0152284523e-01  0.0 
110057 bpsk  6  1.1539174226e-02  6.2883570969e-01  5  4  9.0590483571e-01  0.0 
110058 qpsk  6  1.1539174226e-02  6.2883570969e-01  5  4  9.0590483571e-01  0.0 
110059 8psk  6  1.1539174226e-02  6.2883570969e-01  5  4  9.0590483571e-01  0.0 
110060 dqpsk  6  1.1539174226e-02  6.2883570969e-01  5  4  9.0590483571e-01  0.0 
110061 msk  6  1.1539174226e-02  6.2883570969e-01  5  4  9.0590483571e-01  0.0 
110062 16qam  6  1.1539174226e-02  6.2883570969e-01  5  4  9.0590483571e-01  0.0 
110063 64qam  6  1.1539174226e-02  6.2883570969e-01  5  4  9.0590483571e-01  0.0 
110064 256qam  6  1.1539174226e-02  6.2883570969e-01  5  4  9.0590483571e-01  0.0 
110065 bpsk  13  1.1005581767e-02  8.5560126127e-01  8  7  2.3938275994e+00  0.0 
110066 qpsk  13  1.1005581767e-02  8.5560126127e-01  8  7  2.3938275994e+00  0.0 
110067 8psk  13  1.1005581767e-02  8.5560126127e-01  8  7  2.3938275994e+00  0.0 
110068 dqpsk  13  1.1005581767e-02  8.5560126127e-01  8  7  2.3938275994e+00  0.0 
110069 msk  13  1.1005581767e-02  8.5560126127e-01  8  7  2.3938275994e+00  0.0 
110070 16qam  13  1.1005581767e-02  8.5560126127e-01  8  7  2.3938275994e+00  0.0 
110071 64qam  13  1.1005581767e-02  8.5560126127e-01  8  7  2.3938275994e+00  0.0 
110072 256qam  13  1.1005581767e-02  8.5560126127e-01  8  7  2.3938275994e+00  0.0 
110073 bpsk  17  1.0577039113e-02  7.4751509846e-01  8  7  1.3093296089e+00  0.0 
110074 qpsk  17  1.0577039113e-02  7.4751509846e-01  8  7  1.3093296089e+00  0.0 
110075 8psk  17  1.0577039113e-02  7.4751509846e-01  8  7  1.3093296089e+00  0.0 
110076 dqpsk  17  1.0577039113e-02  7.4751509846e-01  8  7  1.3093296089e+00  0.0 
110077 msk  17  1.0577039113e-02  7.4751509846e-01  8  7  1.3093296089e+00  0.0 
110078 16qam  17  1.0577039113e-02  7.4751509846e-01  8  7  1.3093296089e+00  0.0 
110079 64qam  17  1.0577039113e-02  7.4751509846e-01  8  7  1.3093296089e+00  0.0 
110080 256qam  17  1.0577039113e-02  7.4751509846e-01  8  7  1.3093296089e+00  0.0 
110081 bpsk  19  1.8339276822e-02  9.2022006958e-01  4  3  4.8526505926e+00  0.0 
110082 qpsk  19  1.8339276822e-02  9.2022006958e-01  4  3  4.8526505926e+00  0.0 
110083 8psk  19  1.8339276822e-02  9.2022006958e-01  4  3  4.8526505926e+00  0.0 
110084 dqpsk  19  1.8339276822e-02  9.2022006958e-01  4  3  4.8526505926e+00  0.0 
110085 msk  19  1.8339276822e-02  9.2022006958e-01  4  3  4.8526505926e+00  0.0 
110086 16qam  19  1.8339276822e-02  9.2022006958e-01  4  3  4.8526505926e+00  0.0 
110087 64qam  19  1.8339276822e-02  9.2022006958e-01  4  3  4.8526505926e+00  0.0 
110088 256qam  19  1.8339276822e-02  9.2022006958e-01  4  3  4.8526505926e+00  0.0 
110089 bpsk  15  1.8240126458e-02  1.8386169928e-01  4  3  1.0122963571e-01  0.0 
110090 qpsk  15  1.8240126458e-02  1.8386169928e-01  4  3  1.0122963571e-01  0.0 
110091 8psk  15  1.8240126458e-02  1.8386169928e-01  4  3  1.0122963571e-01  0.0 
110092 dqpsk  15  1.8240126458e-02  1.8386169928e-01  4  3  1.0122963571e-01  0.0 
110093 msk  15  1.8240126458e-02  1.8386169928e-01  4  3  1.0122963571e-01  0.0 
110094 16qam  15  1.8240126458e-02  1.8386169928e-01  4  3  1.0122963571e-01  0.0 
110095 64qam  15  1.8240126458e-02  1.8386169928e-01  4  3  1.0122963571e-01  0.0 
110096 256qam  15  1.8240126458e-02  1.8386169928e-01  4  3  1.0122963571e-01  0.0 
110097 bpsk  13  1.1509090217e-02  5.0529171233e-01  5  4  1.0394186112e+00  0.0 
110098 qpsk  13  1.1509090217e-02  5.0529171233e-01  5  4  1.0394186112e+00  0.0 
110099 8psk  13  1.1509090217e-02  5.0529171233e-01  5  4  1.0394186112e+00  0.0 
110100 dqpsk  13  1.1509090217e-02  5.0529171233e-01  5  4  1.0394186112e+00  0.0 
110101 msk  13  1.1509090217e-02  5.0529171233e-01  5  4  1.0394186112e+00  0.0 
110102 16qam  13  1.1509090217e-02  5.0529171233e-01  5  4  1.0394186112e+00  0.0 
110103 64qam  13  1.1509090217e-02  5.0529171233e-01  5  4  1.0394186112e+00  0.0 
110104 256qam  13  1.1509090217e-02  5.0529171233e-01  5  4  1.0394186112e+00  0.0 
110105 bpsk  9  1.8599767570e-02  1.5020853637e-01  6  5  4.9600575545e+00  0.0 
110106 qpsk  9  1.8599767570e-02  1.5020853637e-01  6  5  4.9600575545e+00  0.0 
110107 8psk  9  1.8599767570e-02  1.5020853637e-01  6  5  4.9600575545e+00  0.0 
110108 dqpsk  9  1.8599767570e-02  1.5020853637e-01  6  5  4.9600575545e+00  0.0 
110109 msk  9  1.8599767570e-02  1.5020853637e-01  6  5  4.9600575545e+00  0.0 
110110 16qam  9  1.8599767570e-02  1.5020853637e-01  6  5  4.9600575545e+00  0.0 
110111 64qam  9  1.8599767570e-02  1.5020853637e-01  6  5  4.9600575545e+00  0.0 
110112 256qam  9  1.8599767570e-02  1.5020853637e-01  6  5  4.9600575545e+00  0.0 
110113 bpsk  18  1.7144437850e-02  5.6830840521e-01  10  9  2.7912909317e+00  0.0 
110114 qpsk  18  1.7144437850e-02  5.6830840521e-01  10  9  2.7912909317e+00  0.0 
110115 8psk  18  1.7144437850e-02  5.6830840521e-01  10  9  2.7912909317e+00  0.0 
110116 dqpsk  18  1.7144437850e-02  5.6830840521e-01  10  9  2.7912909317e+00  0.0 
110117 msk  18  1.7144437850e-02  5.6830840521e-01  10  9  2.7912909317e+00  0.0 
110118 16qam  18  1.7144437850e-02  5.6830840521e-01  10  9  2.7912909317e+00  0.0 
110119 64qam  18  1.7144437850e-02  5.6830840521e-01  10  9  2.7912909317e+00  0.0 
110120 256qam  18  1.7144437850e-02  5.6830840521e-01  10  9  2.7912909317e+00  0.0 
110121 bpsk  19  1.4151061566e-02  8.5857721925e-01  9  8  2.4569736104e+00  0.0 
110122 qpsk  19  1.4151061566e-02  8.5857721925e-01  9  8  2.4569736104e+00  0.0 
110123 8psk  19  1.4151061566e-02  8.5857721925e-01  9  8  2.4569736104e+00  0.0 
110124 dqpsk  19  1.4151061566e-02  8.5857721925e-01  9  8  2.4569736104e+00  0.0 
110125 msk  19  1.4151061566e-02  8.5857721925e-01  9  8  2.4569736104e+00  0.0 
110126 16qam  19  1.4151061566e-02  8.5857721925e-01  9  8  2.4569736104e+00  0.0 
110127 64qam  19  1.4151061566e-02  8.5857721925e-01  9  8  2.4569736104e+00  0.0 
110128 256qam  19  1.4151061566e-02  8.5857721925e-01  9  8  2.4569736104e+00  0.0 
110129 bpsk  2  1.7557524491e-02  5.6132214463e-01  4  3  5.5276355033e+00  0.0 
110130 qpsk  2  1.7557524491e-02  5.6132214463e-01  4  3  5.5276355033e+00  0.0 
110131 8psk  2  1.7557524491e-02  5.6132214463e-01  4  3  5.5276355033e+00  0.0 
110132 dqpsk  2  1.7557524491e-02  5.6132214463e-01  4  3  5.5276355033e+00  0.0 
110133 msk  2  1.7557524491e-02  5.6132214463e-01  4  3  5.5276355033e+00  0.0 
110134 16qam  2  1.7557524491e-02  5.6132214463e-01  4  3  5.5276355033e+00  0.0 
110135 64qam  2  1.7557524491e-02  5.6132214463e-01  4  3  5.5276355033e+00  0.0 
110136 256qam  2  1.7557524491e-02  5.6132214463e-01  4  3  5.5276355033e+00  0.0 
110137 bpsk  8  1.7860457409e-02  9.6469173701e-01  5  4  1.4380091719e+00  0.0 
110138 qpsk  8  1.7860457409e-02  9.6469173701e-01  5  4  1.4380091719e+00  0.0 
110139 8psk  8  1.7860457409e-02  9.6469173701e-01  5  4  1.4380091719e+00  0.0 
110140 dqpsk  8  1.7860457409e-02  9.6469173701e-01  5  4  1.4380091719e+00  0.0 
110141 msk  8  1.7860457409e-02  9.6469173701e-01  5  4  1.4380091719e+00  0.0 
110142 16qam  8  1.7860457409e-02  9.6469173701e-01  5  4  1.4380091719e+00  0.0 
110143 64qam  8  1.7860457409e-02  9.6469173701e-01  5  4  1.4380091719e+00  0.0 
110144 256qam  8  1.7860457409e-02  9.6469173701e-01  5  4  1.4380091719e+00  0.0 
110145 bpsk  13  1.6345387095e-02  8.1451792654e-01  6  5  2.0088358249e+00  0.0 
110146 qpsk  13  1.6345387095e-02  8.1451792654e-01  6  5  2.0088358249e+00  0.0 
110147 8psk  13  1.6345387095e-02  8.1451792654e-01  6  5  2.0088358249e+00  0.0 
110148 dqpsk  13  1.6345387095e-02  8.1451792654e-01  6  5  2.0088358249e+00  0.0 
110149 msk  13  1.6345387095e-02  8.1451792654e-01  6  5  2.0088358249e+00  0.0 
110150 16qam  13  1.6345387095e-02  8.1451792654e-01  6  5  2.0088358249e+00  0.0 
110151 64qam  13  1.6345387095e-02  8.1451792654e-01  6  5  2.0088358249e+00  0.0 
110152 256qam  13  1.6345387095e-02  8.1451792654e-01  6  5  2.0088358249e+00  0.0 
110153 bpsk  10  1.6347665154e-02  4.7520712114e-01  4  3  2.6025636139e+00  0.0 
110154 qpsk  10  1.6347665154e-02  4.7520712114e-01  4  3  2.6025636139e+00  0.0 
110155 8psk  10  1.6347665154e-02  4.7520712114e-01  4  3  2.6025636139e+00  0.0 
110156 dqpsk  10  1.6347665154e-02  4.7520712114e-01  4  3  2.6025636139e+00  0.0 
110157 msk  10  1.6347665154e-02  4.7520712114e-01  4  3  2.6025636139e+00  0.0 
110158 16qam  10  1.6347665154e-02  4.7520712114e-01  4  3  2.6025636139e+00  0.0 
110159 64qam  10  1.6347665154e-02  4.7520712114e-01  4  3  2.6025636139e+00  0.0 
110160 256qam  10  1.6347665154e-02  4.7520712114e-01  4  3  2.6025636139e+00  0.0 
110161 bpsk  9  1.9049465312e-02  8.6246994353e-01  1  1  4.0565301313e+00  0.0 
110162 qpsk  9  1.9049465312e-02  8.6246994353e-01  1  1  4.0565301313e+00  0.0 
110163 8psk  9  1.9049465312e-02  8.6246994353e-01  1  1  4.0565301313e+00  0.0 
110164 dqpsk  9  1.9049465312e-02  8.6246994353e-01  1  1  4.0565301313e+00  0.0 
110165 msk  9  1.9049465312e-02  8.6246994353e-01  1  1  4.0565301313e+00  0.0 
110166 16qam  9  1.9049465312e-02  8.6246994353e-01  1  1  4.0565301313e+00  0.0 
110167 64qam  9  1.9049465312e-02  8.6246994353e-01  1  1  4.0565301313e+00  0.0 
110168 256qam  9  1.9049465312e-02  8.6246994353e-01  1  1  4.0565301313e+00  0.0 
110169 bpsk  12  1.6416345695e-02  8.3778060511e-01  9  8  3.2972251381e+00  0.0 
110170 qpsk  12  1.6416345695e-02  8.3778060511e-01  9  8  3.2972251381e+00  0.0 
110171 8psk  12  1.6416345695e-02  8.3778060511e-01  9  8  3.2972251381e+00  0.0 
110172 dqpsk  12  1.6416345695e-02  8.3778060511e-01  9  8  3.2972251381e+00  0.0 
110173 msk  12  1.6416345695e-02  8.3778060511e-01  9  8  3.2972251381e+00  0.0 
110174 16qam  12  1.6416345695e-02  8.3778060511e-01  9  8  3.2972251381e+00  0.0 
110175 64qam  12  1.6416345695e-02  8.3778060511e-01  9  8  3.2972251381e+00  0.0 
110176 256qam  12  1.6416345695e-02  8.3778060511e-01  9  8  3.2972251381e+00  0.0 
110177 bpsk  11  1.3842227608e-02  5.9964983179e-01  5  4  2.0655250329e+00  0.0 
110178 qpsk  11  1.3842227608e-02  5.9964983179e-01  5  4  2.0655250329e+00  0.0 
110179 8psk  11  1.3842227608e-02  5.9964983179e-01  5  4  2.0655250329e+00  0.0 
110180 dqpsk  11  1.3842227608e-02  5.9964983179e-01  5  4  2.0655250329e+00  0.0 
110181 msk  11  1.3842227608e-02  5.9964983179e-01  5  4  2.0655250329e+00  0.0 
110182 16qam  11  1.3842227608e-02  5.9964983179e-01  5  4  2.0655250329e+00  0.0 
110183 64qam  11  1.3842227608e-02  5.9964983179e-01  5  4  2.0655250329e+00  0.0 
110184 256qam  11  1.3842227608e-02  5.9964983179e-01  5  4  2.0655250329e+00  0.0 
110185 bpsk  3  1.7347981618e-02  5.7745998384e-01  6  5  3.0951128183e+00  0.0 
110186 qpsk  3  1.7347981618e-02  5.7745998384e-01  6  5  3.0951128183e+00  0.0 
110187 8psk  3  1.7347981618e-02  5.7745998384e-01  6  5  3.0951128183e+00  0.0 
110188 dqpsk  3  1.7347981618e-02  5.7745998384e-01  6  5  3.0951128183e+00  0.0 
110189 msk  3  1.7347981618e-02  5.7745998384e-01  6  5  3.0951128183e+00  0.0 
110190 16qam  3  1.7347981618e-02  5.7745998384e-01  6  5  3.0951128183e+00  0.0 
110191 64qam  3  1.7347981618e-02  5.7745998384e-01  6  5  3.0951128183e+00  0.0 
110192 256qam  3  1.7347981618e-02  5.7745998384e-01  6  5  3.0951128183e+00  0.0 
110193 bpsk  19  1.0206472222e-02  4.2222453578e-01  3  2  9.4116157106e-01  0.0 
110194 qpsk  19  1.0206472222e-02  4.2222453578e-01  3  2  9.4116157106e-01  0.0 
110195 8psk  19  1.0206472222e-02  4.2222453578e-01  3  2  9.4116157106e-01  0.0 
110196 dqpsk  19  1.0206472222e-02  4.2222453578e-01  3  2  9.4116157106e-01  0.0 
110197 msk  19  1.0206472222e-02  4.2222453578e-01  3  2  9.4116157106e-01  0.0 
110198 16qam  19  1.0206472222e-02  4.2222453578e-01  3  2  9.4116157106e-01  0.0 
110199 64qam  19  1.0206472222e-02  4.2222453578e-01  3  2  9.4116157106e-01  0.0 
110200 256qam  19  1.0206472222e-02  4.2222453578e-01  3  2  9.4116157106e-01  0.0 
110201 bpsk  19  1.4149295304e-02  8.6916301570e-01  6  5  1.1642398859e-01  0.0 
110202 qpsk  19  1.4149295304e-02  8.6916301570e-01  6  5  1.1642398859e-01  0.0 
110203 8psk  19  1.4149295304e-02  8.6916301570e-01  6  5  1.1642398859e-01  0.0 
110204 dqpsk  19  1.4149295304e-02  8.6916301570e-01  6  5  1.1642398859e-01  0.0 
110205 msk  19  1.4149295304e-02  8.6916301570e-01  6  5  1.1642398859e-01  0.0 
110206 16qam  19  1.4149295304e-02  8.6916301570e-01  6  5  1.1642398859e-01  0.0 
110207 64qam  19  1.4149295304e-02  8.6916301570e-01  6  5  1.1642398859e-01  0.0 
110208 256qam  19  1.4149295304e-02  8.6916301570e-01  6  5  1.1642398859e-01  0.0 
110209 bpsk  13  1.4767731749e-02  2.8857255345e-01  10  9  9.1361460349e-01  0.0 
110210 qpsk  13  1.4767731749e-02  2.8857255345e-01  10  9  9.1361460349e-01  0.0 
110211 8psk  13  1.4767731749e-02  2.8857255345e-01  10  9  9.1361460349e-01  0.0 
110212 dqpsk  13  1.4767731749e-02  2.8857255345e-01  10  9  9.1361460349e-01  0.0 
110213 msk  13  1.4767731749e-02  2.8857255345e-01  10  9  9.1361460349e-01  0.0 
110214 16qam  13  1.4767731749e-02  2.8857255345e-01  10  9  9.1361460349e-01  0.0 
110215 64qam  13  1.4767731749e-02  2.8857255345e-01  10  9  9.1361460349e-01  0.0 
110216 256qam  13  1.4767731749e-02  2.8857255345e-01  10  9  9.1361460349e-01  0.0 
110217 bpsk  2  1.2562143302e-02  3.1360875370e-01  7  6  5.7754061469e+00  0.0 
110218 qpsk  2  1.2562143302e-02  3.1360875370e-01  7  6  5.7754061469e+00  0.0 
110219 8psk  2  1.2562143302e-02  3.1360875370e-01  7  6  5.7754061469e+00  0.0 
110220 dqpsk  2  1.2562143302e-02  3.1360875370e-01  7  6  5.7754061469e+00  0.0 
110221 msk  2  1.2562143302e-02  3.1360875370e-01  7  6  5.7754061469e+00  0.0 
110222 16qam  2  1.2562143302e-02  3.1360875370e-01  7  6  5.7754061469e+00  0.0 
110223 64qam  2  1.2562143302e-02  3.1360875370e-01  7  6  5.7754061469e+00  0.0 
110224 256qam  2  1.2562143302e-02  3.1360875370e-01  7  6  5.7754061469e+00  0.0 
110225 bpsk  4  1.1759271326e-02  5.8010186041e-01  4  3  4.3349493877e+00  0.0 
110226 qpsk  4  1.1759271326e-02  5.8010186041e-01  4  3  4.3349493877e+00  0.0 
110227 8psk  4  1.1759271326e-02  5.8010186041e-01  4  3  4.3349493877e+00  0.0 
110228 dqpsk  4  1.1759271326e-02  5.8010186041e-01  4  3  4.3349493877e+00  0.0 
110229 msk  4  1.1759271326e-02  5.8010186041e-01  4  3  4.3349493877e+00  0.0 
110230 16qam  4  1.1759271326e-02  5.8010186041e-01  4  3  4.3349493877e+00  0.0 
110231 64qam  4  1.1759271326e-02  5.8010186041e-01  4  3  4.3349493877e+00  0.0 
110232 256qam  4  1.1759271326e-02  5.8010186041e-01  4  3  4.3349493877e+00  0.0 
110233 bpsk  18  1.3428936709e-02  2.9745755009e-01  4  3  1.6731102916e+00  0.0 
110234 qpsk  18  1.3428936709e-02  2.9745755009e-01  4  3  1.6731102916e+00  0.0 
110235 8psk  18  1.3428936709e-02  2.9745755009e-01  4  3  1.6731102916e+00  0.0 
110236 dqpsk  18  1.3428936709e-02  2.9745755009e-01  4  3  1.6731102916e+00  0.0 
110237 msk  18  1.3428936709e-02  2.9745755009e-01  4  3  1.6731102916e+00  0.0 
110238 16qam  18  1.3428936709e-02  2.9745755009e-01  4  3  1.6731102916e+00  0.0 
110239 64qam  18  1.3428936709e-02  2.9745755009e-01  4  3  1.6731102916e+00  0.0 
110240 256qam  18  1.3428936709e-02  2.9745755009e-01  4  3  1.6731102916e+00  0.0 
110241 bpsk  4  1.1089051345e-02  3.6828477737e-01  7  6  4.1716900617e+00  0.0 
110242 qpsk  4  1.1089051345e-02  3.6828477737e-01  7  6  4.1716900617e+00  0.0 
110243 8psk  4  1.1089051345e-02  3.6828477737e-01  7  6  4.1716900617e+00  0.0 
110244 dqpsk  4  1.1089051345e-02  3.6828477737e-01  7  6  4.1716900617e+00  0.0 
110245 msk  4  1.1089051345e-02  3.6828477737e-01  7  6  4.1716900617e+00  0.0 
110246 16qam  4  1.1089051345e-02  3.6828477737e-01  7  6  4.1716900617e+00  0.0 
110247 64qam  4  1.1089051345e-02  3.6828477737e-01  7  6  4.1716900617e+00  0.0 
110248 256qam  4  1.1089051345e-02  3.6828477737e-01  7  6  4.1716900617e+00  0.0 
110249 bpsk  13  1.9073549652e-02  8.1130218244e-01  7  6  2.5667443655e-01  0.0 
110250 qpsk  13  1.9073549652e-02  8.1130218244e-01  7  6  2.5667443655e-01  0.0 
110251 8psk  13  1.9073549652e-02  8.1130218244e-01  7  6  2.5667443655e-01  0.0 
110252 dqpsk  13  1.9073549652e-02  8.1130218244e-01  7  6  2.5667443655e-01  0.0 
110253 msk  13  1.9073549652e-02  8.1130218244e-01  7  6  2.5667443655e-01  0.0 
110254 16qam  13  1.9073549652e-02  8.1130218244e-01  7  6  2.5667443655e-01  0.0 
110255 64qam  13  1.9073549652e-02  8.1130218244e-01  7  6  2.5667443655e-01  0.0 
110256 256qam  13  1.9073549652e-02  8.1130218244e-01  7  6  2.5667443655e-01  0.0 
110257 bpsk  10  1.6552424639e-02  6.2190134098e-01  4  3  3.1360867482e+00  0.0 
110258 qpsk  10  1.6552424639e-02  6.2190134098e-01  4  3  3.1360867482e+00  0.0 
110259 8psk  10  1.6552424639e-02  6.2190134098e-01  4  3  3.1360867482e+00  0.0 
110260 dqpsk  10  1.6552424639e-02  6.2190134098e-01  4  3  3.1360867482e+00  0.0 
110261 msk  10  1.6552424639e-02  6.2190134098e-01  4  3  3.1360867482e+00  0.0 
110262 16qam  10  1.6552424639e-02  6.2190134098e-01  4  3  3.1360867482e+00  0.0 
110263 64qam  10  1.6552424639e-02  6.2190134098e-01  4  3  3.1360867482e+00  0.0 
110264 256qam  10  1.6552424639e-02  6.2190134098e-01  4  3  3.1360867482e+00  0.0 
110265 bpsk  19  1.6854449780e-02  2.1137614031e-01  8  7  1.8767690578e+00  0.0 
110266 qpsk  19  1.6854449780e-02  2.1137614031e-01  8  7  1.8767690578e+00  0.0 
110267 8psk  19  1.6854449780e-02  2.1137614031e-01  8  7  1.8767690578e+00  0.0 
110268 dqpsk  19  1.6854449780e-02  2.1137614031e-01  8  7  1.8767690578e+00  0.0 
110269 msk  19  1.6854449780e-02  2.1137614031e-01  8  7  1.8767690578e+00  0.0 
110270 16qam  19  1.6854449780e-02  2.1137614031e-01  8  7  1.8767690578e+00  0.0 
110271 64qam  19  1.6854449780e-02  2.1137614031e-01  8  7  1.8767690578e+00  0.0 
110272 256qam  19  1.6854449780e-02  2.1137614031e-01  8  7  1.8767690578e+00  0.0 
110273 bpsk  19  1.8048861077e-02  2.6241398038e-01  6  5  3.1672872805e+00  0.0 
110274 qpsk  19  1.8048861077e-02  2.6241398038e-01  6  5  3.1672872805e+00  0.0 
110275 8psk  19  1.8048861077e-02  2.6241398038e-01  6  5  3.1672872805e+00  0.0 
110276 dqpsk  19  1.8048861077e-02  2.6241398038e-01  6  5  3.1672872805e+00  0.0 
110277 msk  19  1.8048861077e-02  2.6241398038e-01  6  5  3.1672872805e+00  0.0 
110278 16qam  19  1.8048861077e-02  2.6241398038e-01  6  5  3.1672872805e+00  0.0 
110279 64qam  19  1.8048861077e-02  2.6241398038e-01  6  5  3.1672872805e+00  0.0 
110280 256qam  19  1.8048861077e-02  2.6241398038e-01  6  5  3.1672872805e+00  0.0 
110281 bpsk  5  1.1156451780e-02  6.8641158125e-01  3  2  1.8203123035e+00  0.0 
110282 qpsk  5  1.1156451780e-02  6.8641158125e-01  3  2  1.8203123035e+00  0.0 
110283 8psk  5  1.1156451780e-02  6.8641158125e-01  3  2  1.8203123035e+00  0.0 
110284 dqpsk  5  1.1156451780e-02  6.8641158125e-01  3  2  1.8203123035e+00  0.0 
110285 msk  5  1.1156451780e-02  6.8641158125e-01  3  2  1.8203123035e+00  0.0 
110286 16qam  5  1.1156451780e-02  6.8641158125e-01  3  2  1.8203123035e+00  0.0 
110287 64qam  5  1.1156451780e-02  6.8641158125e-01  3  2  1.8203123035e+00  0.0 
110288 256qam  5  1.1156451780e-02  6.8641158125e-01  3  2  1.8203123035e+00  0.0 
110289 bpsk  13  1.0940891258e-02  3.2248722896e-01  5  4  1.0286232990e+00  0.0 
110290 qpsk  13  1.0940891258e-02  3.2248722896e-01  5  4  1.0286232990e+00  0.0 
110291 8psk  13  1.0940891258e-02  3.2248722896e-01  5  4  1.0286232990e+00  0.0 
110292 dqpsk  13  1.0940891258e-02  3.2248722896e-01  5  4  1.0286232990e+00  0.0 
110293 msk  13  1.0940891258e-02  3.2248722896e-01  5  4  1.0286232990e+00  0.0 
110294 16qam  13  1.0940891258e-02  3.2248722896e-01  5  4  1.0286232990e+00  0.0 
110295 64qam  13  1.0940891258e-02  3.2248722896e-01  5  4  1.0286232990e+00  0.0 
110296 256qam  13  1.0940891258e-02  3.2248722896e-01  5  4  1.0286232990e+00  0.0 
110297 bpsk  17  1.0717040126e-02  2.9442377533e-01  7  6  6.3485031737e-01  0.0 
110298 qpsk  17  1.0717040126e-02  2.9442377533e-01  7  6  6.3485031737e-01  0.0 
110299 8psk  17  1.0717040126e-02  2.9442377533e-01  7  6  6.3485031737e-01  0.0 
110300 dqpsk  17  1.0717040126e-02  2.9442377533e-01  7  6  6.3485031737e-01  0.0 
110301 msk  17  1.0717040126e-02  2.9442377533e-01  7  6  6.3485031737e-01  0.0 
110302 16qam  17  1.0717040126e-02  2.9442377533e-01  7  6  6.3485031737e-01  0.0 
110303 64qam  17  1.0717040126e-02  2.9442377533e-01  7  6  6.3485031737e-01  0.0 
110304 256qam  17  1.0717040126e-02  2.9442377533e-01  7  6  6.3485031737e-01  0.0 
110305 bpsk  17  1.3316972656e-02  6.8577621841e-01  3  2  3.6931504746e+00  0.0 
110306 qpsk  17  1.3316972656e-02  6.8577621841e-01  3  2  3.6931504746e+00  0.0 
110307 8psk  17  1.3316972656e-02  6.8577621841e-01  3  2  3.6931504746e+00  0.0 
110308 dqpsk  17  1.3316972656e-02  6.8577621841e-01  3  2  3.6931504746e+00  0.0 
110309 msk  17  1.3316972656e-02  6.8577621841e-01  3  2  3.6931504746e+00  0.0 
110310 16qam  17  1.3316972656e-02  6.8577621841e-01  3  2  3.6931504746e+00  0.0 
110311 64qam  17  1.3316972656e-02  6.8577621841e-01  3  2  3.6931504746e+00  0.0 
110312 256qam  17  1.3316972656e-02  6.8577621841e-01  3  2  3.6931504746e+00  0.0 
110313 bpsk  16  1.7324335811e-02  1.2637481283e-01  5  4  3.1606434375e-01  0.0 
110314 qpsk  16  1.7324335811e-02  1.2637481283e-01  5  4  3.1606434375e-01  0.0 
110315 8psk  16  1.7324335811e-02  1.2637481283e-01  5  4  3.1606434375e-01  0.0 
110316 dqpsk  16  1.7324335811e-02  1.2637481283e-01  5  4  3.1606434375e-01  0.0 
110317 msk  16  1.7324335811e-02  1.2637481283e-01  5  4  3.1606434375e-01  0.0 
110318 16qam  16  1.7324335811e-02  1.2637481283e-01  5  4  3.1606434375e-01  0.0 
110319 64qam  16  1.7324335811e-02  1.2637481283e-01  5  4  3.1606434375e-01  0.0 
110320 256qam  16  1.7324335811e-02  1.2637481283e-01  5  4  3.1606434375e-01  0.0 
110321 bpsk  10  1.0725157552e-02  1.0000000354e-01  7  6  5.6978082827e+00  0.0 
110322 qpsk  10  1.0725157552e-02  1.0000000354e-01  7  6  5.6978082827e+00  0.0 
110323 8psk  10  1.0725157552e-02  1.0000000354e-01  7  6  5.6978082827e+00  0.0 
110324 dqpsk  10  1.0725157552e-02  1.0000000354e-01  7  6  5.6978082827e+00  0.0 
110325 msk  10  1.0725157552e-02  1.0000000354e-01  7  6  5.6978082827e+00  0.0 
110326 16qam  10  1.0725157552e-02  1.0000000354e-01  7  6  5.6978082827e+00  0.0 
110327 64qam  10  1.0725157552e-02  1.0000000354e-01  7  6  5.6978082827e+00  0.0 
110328 256qam  10  1.0725157552e-02  1.0000000354e-01  7  6  5.6978082827e+00  0.0 
110329 bpsk  9  1.9339311250e-02  4.1355296039e-01  10  9  4.3023883751e+00  0.0 
110330 qpsk  9  1.9339311250e-02  4.1355296039e-01  10  9  4.3023883751e+00  0.0 
110331 8psk  9  1.9339311250e-02  4.1355296039e-01  10  9  4.3023883751e+00  0.0 
110332 dqpsk  9  1.9339311250e-02  4.1355296039e-01  10  9  4.3023883751e+00  0.0 
110333 msk  9  1.9339311250e-02  4.1355296039e-01  10  9  4.3023883751e+00  0.0 
110334 16qam  9  1.9339311250e-02  4.1355296039e-01  10  9  4.3023883751e+00  0.0 
110335 64qam  9  1.9339311250e-02  4.1355296039e-01  10  9  4.3023883751e+00  0.0 
110336 256qam  9  1.9339311250e-02  4.1355296039e-01  10  9  4.3023883751e+00  0.0 
110337 bpsk  4  1.0447762554e-02  2.9588281320e-01  6  5  2.2234650064e+00  0.0 
110338 qpsk  4  1.0447762554e-02  2.9588281320e-01  6  5  2.2234650064e+00  0.0 
110339 8psk  4  1.0447762554e-02  2.9588281320e-01  6  5  2.2234650064e+00  0.0 
110340 dqpsk  4  1.0447762554e-02  2.9588281320e-01  6  5  2.2234650064e+00  0.0 
110341 msk  4  1.0447762554e-02  2.9588281320e-01  6  5  2.2234650064e+00  0.0 
110342 16qam  4  1.0447762554e-02  2.9588281320e-01  6  5  2.2234650064e+00  0.0 
110343 64qam  4  1.0447762554e-02  2.9588281320e-01  6  5  2.2234650064e+00  0.0 
110344 256qam  4  1.0447762554e-02  2.9588281320e-01  6  5  2.2234650064e+00  0.0 
110345 bpsk  8  1.4212770077e-02  9.5195961669e-01  3  2  3.6221500081e-02  0.0 
110346 qpsk  8  1.4212770077e-02  9.5195961669e-01  3  2  3.6221500081e-02  0.0 
110347 8psk  8  1.4212770077e-02  9.5195961669e-01  3  2  3.6221500081e-02  0.0 
110348 dqpsk  8  1.4212770077e-02  9.5195961669e-01  3  2  3.6221500081e-02  0.0 
110349 msk  8  1.4212770077e-02  9.5195961669e-01  3  2  3.6221500081e-02  0.0 
110350 16qam  8  1.4212770077e-02  9.5195961669e-01  3  2  3.6221500081e-02  0.0 
110351 64qam  8  1.4212770077e-02  9.5195961669e-01  3  2  3.6221500081e-02  0.0 
110352 256qam  8  1.4212770077e-02  9.5195961669e-01  3  2  3.6221500081e-02  0.0 
110353 bpsk  5  1.6092375357e-02  5.5056455421e-01  1  1  5.2980082602e+00  0.0 
110354 qpsk  5  1.6092375357e-02  5.5056455421e-01  1  1  5.2980082602e+00  0.0 
110355 8psk  5  1.6092375357e-02  5.5056455421e-01  1  1  5.2980082602e+00  0.0 
110356 dqpsk  5  1.6092375357e-02  5.5056455421e-01  1  1  5.2980082602e+00  0.0 
110357 msk  5  1.6092375357e-02  5.5056455421e-01  1  1  5.2980082602e+00  0.0 
110358 16qam  5  1.6092375357e-02  5.5056455421e-01  1  1  5.2980082602e+00  0.0 
110359 64qam  5  1.6092375357e-02  5.5056455421e-01  1  1  5.2980082602e+00  0.0 
110360 256qam  5  1.6092375357e-02  5.5056455421e-01  1  1  5.2980082602e+00  0.0 
110361 bpsk  12  1.7107396818e-02  7.6618442728e-01  3  2  3.4519464199e-01  0.0 
110362 qpsk  12  1.7107396818e-02  7.6618442728e-01  3  2  3.4519464199e-01  0.0 
110363 8psk  12  1.7107396818e-02  7.6618442728e-01  3  2  3.4519464199e-01  0.0 
110364 dqpsk  12  1.7107396818e-02  7.6618442728e-01  3  2  3.4519464199e-01  0.0 
110365 msk  12  1.7107396818e-02  7.6618442728e-01  3  2  3.4519464199e-01  0.0 
110366 16qam  12  1.7107396818e-02  7.6618442728e-01  3  2  3.4519464199e-01  0.0 
110367 64qam  12  1.7107396818e-02  7.6618442728e-01  3  2  3.4519464199e-01  0.0 
110368 256qam  12  1.7107396818e-02  7.6618442728e-01  3  2  3.4519464199e-01  0.0 
110369 bpsk  7  1.7188094614e-02  1.3524500270e-01  3  2  0.0000000000e+00  0.0 
110370 qpsk  7  1.7188094614e-02  1.3524500270e-01  3  2  0.0000000000e+00  0.0 
110371 8psk  7  1.7188094614e-02  1.3524500270e-01  3  2  0.0000000000e+00  0.0 
110372 dqpsk  7  1.7188094614e-02  1.3524500270e-01  3  2  0.0000000000e+00  0.0 
110373 msk  7  1.7188094614e-02  1.3524500270e-01  3  2  0.0000000000e+00  0.0 
110374 16qam  7  1.7188094614e-02  1.3524500270e-01  3  2  0.0000000000e+00  0.0 
110375 64qam  7  1.7188094614e-02  1.3524500270e-01  3  2  0.0000000000e+00  0.0 
110376 256qam  7  1.7188094614e-02  1.3524500270e-01  3  2  0.0000000000e+00  0.0 
110377 bpsk  9  1.9816116059e-02  1.9167670780e-01  8  7  2.0540105734e-01  0.0 
110378 qpsk  9  1.9816116059e-02  1.9167670780e-01  8  7  2.0540105734e-01  0.0 
110379 8psk  9  1.9816116059e-02  1.9167670780e-01  8  7  2.0540105734e-01  0.0 
110380 dqpsk  9  1.9816116059e-02  1.9167670780e-01  8  7  2.0540105734e-01  0.0 
110381 msk  9  1.9816116059e-02  1.9167670780e-01  8  7  2.0540105734e-01  0.0 
110382 16qam  9  1.9816116059e-02  1.9167670780e-01  8  7  2.0540105734e-01  0.0 
110383 64qam  9  1.9816116059e-02  1.9167670780e-01  8  7  2.0540105734e-01  0.0 
110384 256qam  9  1.9816116059e-02  1.9167670780e-01  8  7  2.0540105734e-01  0.0 
110385 bpsk  19  1.2601233892e-02  8.9469111984e-01  3  2  1.6544324871e+00  0.0 
110386 qpsk  19  1.2601233892e-02  8.9469111984e-01  3  2  1.6544324871e+00  0.0 
110387 8psk  19  1.2601233892e-02  8.9469111984e-01  3  2  1.6544324871e+00  0.0 
110388 dqpsk  19  1.2601233892e-02  8.9469111984e-01  3  2  1.6544324871e+00  0.0 
110389 msk  19  1.2601233892e-02  8.9469111984e-01  3  2  1.6544324871e+00  0.0 
110390 16qam  19  1.2601233892e-02  8.9469111984e-01  3  2  1.6544324871e+00  0.0 
110391 64qam  19  1.2601233892e-02  8.9469111984e-01  3  2  1.6544324871e+00  0.0 
110392 256qam  19  1.2601233892e-02  8.9469111984e-01  3  2  1.6544324871e+00  0.0 
110393 bpsk  15  1.1544026503e-02  8.0302375719e-01  6  5  3.7549018611e-01  0.0 
110394 qpsk  15  1.1544026503e-02  8.0302375719e-01  6  5  3.7549018611e-01  0.0 
110395 8psk  15  1.1544026503e-02  8.0302375719e-01  6  5  3.7549018611e-01  0.0 
110396 dqpsk  15  1.1544026503e-02  8.0302375719e-01  6  5  3.7549018611e-01  0.0 
110397 msk  15  1.1544026503e-02  8.0302375719e-01  6  5  3.7549018611e-01  0.0 
110398 16qam  15  1.1544026503e-02  8.0302375719e-01  6  5  3.7549018611e-01  0.0 
110399 64qam  15  1.1544026503e-02  8.0302375719e-01  6  5  3.7549018611e-01  0.0 
110400 256qam  15  1.1544026503e-02  8.0302375719e-01  6  5  3.7549018611e-01  0.0 
110401 bpsk  3  1.3829879142e-02  1.2181168816e-01  7  6  1.2438070428e+00  0.0 
110402 qpsk  3  1.3829879142e-02  1.2181168816e-01  7  6  1.2438070428e+00  0.0 
110403 8psk  3  1.3829879142e-02  1.2181168816e-01  7  6  1.2438070428e+00  0.0 
110404 dqpsk  3  1.3829879142e-02  1.2181168816e-01  7  6  1.2438070428e+00  0.0 
110405 msk  3  1.3829879142e-02  1.2181168816e-01  7  6  1.2438070428e+00  0.0 
110406 16qam  3  1.3829879142e-02  1.2181168816e-01  7  6  1.2438070428e+00  0.0 
110407 64qam  3  1.3829879142e-02  1.2181168816e-01  7  6  1.2438070428e+00  0.0 
110408 256qam  3  1.3829879142e-02  1.2181168816e-01  7  6  1.2438070428e+00  0.0 
110409 bpsk  8  1.9679091865e-02  1.2247029578e-01  5  4  3.5840611421e+00  0.0 
110410 qpsk  8  1.9679091865e-02  1.2247029578e-01  5  4  3.5840611421e+00  0.0 
110411 8psk  8  1.9679091865e-02  1.2247029578e-01  5  4  3.5840611421e+00  0.0 
110412 dqpsk  8  1.9679091865e-02  1.2247029578e-01  5  4  3.5840611421e+00  0.0 
110413 msk  8  1.9679091865e-02  1.2247029578e-01  5  4  3.5840611421e+00  0.0 
110414 16qam  8  1.9679091865e-02  1.2247029578e-01  5  4  3.5840611421e+00  0.0 
110415 64qam  8  1.9679091865e-02  1.2247029578e-01  5  4  3.5840611421e+00  0.0 
110416 256qam  8  1.9679091865e-02  1.2247029578e-01  5  4  3.5840611421e+00  0.0 
110417 bpsk  15  1.9852664610e-02  5.5065954501e-01  9  8  5.1972292928e+00  0.0 
110418 qpsk  15  1.9852664610e-02  5.5065954501e-01  9  8  5.1972292928e+00  0.0 
110419 8psk  15  1.9852664610e-02  5.5065954501e-01  9  8  5.1972292928e+00  0.0 
110420 dqpsk  15  1.9852664610e-02  5.5065954501e-01  9  8  5.1972292928e+00  0.0 
110421 msk  15  1.9852664610e-02  5.5065954501e-01  9  8  5.1972292928e+00  0.0 
110422 16qam  15  1.9852664610e-02  5.5065954501e-01  9  8  5.1972292928e+00  0.0 
110423 64qam  15  1.9852664610e-02  5.5065954501e-01  9  8  5.1972292928e+00  0.0 
110424 256qam  15  1.9852664610e-02  5.5065954501e-01  9  8  5.1972292928e+00  0.0 
110425 bpsk  9  1.5064435114e-02  3.1298463912e-01  4  3  2.2400933565e+00  0.0 
110426 qpsk  9  1.5064435114e-02  3.1298463912e-01  4  3  2.2400933565e+00  0.0 
110427 8psk  9  1.5064435114e-02  3.1298463912e-01  4  3  2.2400933565e+00  0.0 
110428 dqpsk  9  1.5064435114e-02  3.1298463912e-01  4  3  2.2400933565e+00  0.0 
110429 msk  9  1.5064435114e-02  3.1298463912e-01  4  3  2.2400933565e+00  0.0 
110430 16qam  9  1.5064435114e-02  3.1298463912e-01  4  3  2.2400933565e+00  0.0 
110431 64qam  9  1.5064435114e-02  3.1298463912e-01  4  3  2.2400933565e+00  0.0 
110432 256qam  9  1.5064435114e-02  3.1298463912e-01  4  3  2.2400933565e+00  0.0 
110433 bpsk  7  1.4569510976e-02  3.5448119512e-01  3  2  4.0173281609e+00  0.0 
110434 qpsk  7  1.4569510976e-02  3.5448119512e-01  3  2  4.0173281609e+00  0.0 
110435 8psk  7  1.4569510976e-02  3.5448119512e-01  3  2  4.0173281609e+00  0.0 
110436 dqpsk  7  1.4569510976e-02  3.5448119512e-01  3  2  4.0173281609e+00  0.0 
110437 msk  7  1.4569510976e-02  3.5448119512e-01  3  2  4.0173281609e+00  0.0 
110438 16qam  7  1.4569510976e-02  3.5448119512e-01  3  2  4.0173281609e+00  0.0 
110439 64qam  7  1.4569510976e-02  3.5448119512e-01  3  2  4.0173281609e+00  0.0 
110440 256qam  7  1.4569510976e-02  3.5448119512e-01  3  2  4.0173281609e+00  0.0 
110441 bpsk  11  1.8687953118e-02  2.3176800890e-01  4  3  1.7046422937e+00  0.0 
110442 qpsk  11  1.8687953118e-02  2.3176800890e-01  4  3  1.7046422937e+00  0.0 
110443 8psk  11  1.8687953118e-02  2.3176800890e-01  4  3  1.7046422937e+00  0.0 
110444 dqpsk  11  1.8687953118e-02  2.3176800890e-01  4  3  1.7046422937e+00  0.0 
110445 msk  11  1.8687953118e-02  2.3176800890e-01  4  3  1.7046422937e+00  0.0 
110446 16qam  11  1.8687953118e-02  2.3176800890e-01  4  3  1.7046422937e+00  0.0 
110447 64qam  11  1.8687953118e-02  2.3176800890e-01  4  3  1.7046422937e+00  0.0 
110448 256qam  11  1.8687953118e-02  2.3176800890e-01  4  3  1.7046422937e+00  0.0 
110449 bpsk  4  1.7927084467e-02  8.1249479145e-01  3  2  4.8509009950e+00  0.0 
110450 qpsk  4  1.7927084467e-02  8.1249479145e-01  3  2  4.8509009950e+00  0.0 
110451 8psk  4  1.7927084467e-02  8.1249479145e-01  3  2  4.8509009950e+00  0.0 
110452 dqpsk  4  1.7927084467e-02  8.1249479145e-01  3  2  4.8509009950e+00  0.0 
110453 msk  4  1.7927084467e-02  8.1249479145e-01  3  2  4.8509009950e+00  0.0 
110454 16qam  4  1.7927084467e-02  8.1249479145e-01  3  2  4.8509009950e+00  0.0 
110455 64qam  4  1.7927084467e-02  8.1249479145e-01  3  2  4.8509009950e+00  0.0 
110456 256qam  4  1.7927084467e-02  8.1249479145e-01  3  2  4.8509009950e+00  0.0 
110457 bpsk  3  1.4544824387e-02  9.9559086092e-01  1  1  2.0358559839e+00  0.0 
110458 qpsk  3  1.4544824387e-02  9.9559086092e-01  1  1  2.0358559839e+00  0.0 
110459 8psk  3  1.4544824387e-02  9.9559086092e-01  1  1  2.0358559839e+00  0.0 
110460 dqpsk  3  1.4544824387e-02  9.9559086092e-01  1  1  2.0358559839e+00  0.0 
110461 msk  3  1.4544824387e-02  9.9559086092e-01  1  1  2.0358559839e+00  0.0 
110462 16qam  3  1.4544824387e-02  9.9559086092e-01  1  1  2.0358559839e+00  0.0 
110463 64qam  3  1.4544824387e-02  9.9559086092e-01  1  1  2.0358559839e+00  0.0 
110464 256qam  3  1.4544824387e-02  9.9559086092e-01  1  1  2.0358559839e+00  0.0 
110465 bpsk  14  1.6932502286e-02  5.1027598356e-01  4  3  1.6472135221e+00  0.0 
110466 qpsk  14  1.6932502286e-02  5.1027598356e-01  4  3  1.6472135221e+00  0.0 
110467 8psk  14  1.6932502286e-02  5.1027598356e-01  4  3  1.6472135221e+00  0.0 
110468 dqpsk  14  1.6932502286e-02  5.1027598356e-01  4  3  1.6472135221e+00  0.0 
110469 msk  14  1.6932502286e-02  5.1027598356e-01  4  3  1.6472135221e+00  0.0 
110470 16qam  14  1.6932502286e-02  5.1027598356e-01  4  3  1.6472135221e+00  0.0 
110471 64qam  14  1.6932502286e-02  5.1027598356e-01  4  3  1.6472135221e+00  0.0 
110472 256qam  14  1.6932502286e-02  5.1027598356e-01  4  3  1.6472135221e+00  0.0 
110473 bpsk  6  1.2643127405e-02  4.8027129109e-01  4  3  3.8127198703e+00  0.0 
110474 qpsk  6  1.2643127405e-02  4.8027129109e-01  4  3  3.8127198703e+00  0.0 
110475 8psk  6  1.2643127405e-02  4.8027129109e-01  4  3  3.8127198703e+00  0.0 
110476 dqpsk  6  1.2643127405e-02  4.8027129109e-01  4  3  3.8127198703e+00  0.0 
110477 msk  6  1.2643127405e-02  4.8027129109e-01  4  3  3.8127198703e+00  0.0 
110478 16qam  6  1.2643127405e-02  4.8027129109e-01  4  3  3.8127198703e+00  0.0 
110479 64qam  6  1.2643127405e-02  4.8027129109e-01  4  3  3.8127198703e+00  0.0 
110480 256qam  6  1.2643127405e-02  4.8027129109e-01  4  3  3.8127198703e+00  0.0 
110481 bpsk  5  1.3947482150e-02  5.4745558846e-01  5  4  4.7617499935e+00  0.0 
110482 qpsk  5  1.3947482150e-02  5.4745558846e-01  5  4  4.7617499935e+00  0.0 
110483 8psk  5  1.3947482150e-02  5.4745558846e-01  5  4  4.7617499935e+00  0.0 
110484 dqpsk  5  1.3947482150e-02  5.4745558846e-01  5  4  4.7617499935e+00  0.0 
110485 msk  5  1.3947482150e-02  5.4745558846e-01  5  4  4.7617499935e+00  0.0 
110486 16qam  5  1.3947482150e-02  5.4745558846e-01  5  4  4.7617499935e+00  0.0 
110487 64qam  5  1.3947482150e-02  5.4745558846e-01  5  4  4.7617499935e+00  0.0 
110488 256qam  5  1.3947482150e-02  5.4745558846e-01  5  4  4.7617499935e+00  0.0 
110489 bpsk  15  1.7870795301e-02  4.9495334661e-01  10  9  2.2435152064e+00  0.0 
110490 qpsk  15  1.7870795301e-02  4.9495334661e-01  10  9  2.2435152064e+00  0.0 
110491 8psk  15  1.7870795301e-02  4.9495334661e-01  10  9  2.2435152064e+00  0.0 
110492 dqpsk  15  1.7870795301e-02  4.9495334661e-01  10  9  2.2435152064e+00  0.0 
110493 msk  15  1.7870795301e-02  4.9495334661e-01  10  9  2.2435152064e+00  0.0 
110494 16qam  15  1.7870795301e-02  4.9495334661e-01  10  9  2.2435152064e+00  0.0 
110495 64qam  15  1.7870795301e-02  4.9495334661e-01  10  9  2.2435152064e+00  0.0 
110496 256qam  15  1.7870795301e-02  4.9495334661e-01  10  9  2.2435152064e+00  0.0 
110497 bpsk  2  1.5290453481e-02  6.2290802368e-01  9  8  1.2677806816e+00  0.0 
110498 qpsk  2  1.5290453481e-02  6.2290802368e-01  9  8  1.2677806816e+00  0.0 
110499 8psk  2  1.5290453481e-02  6.2290802368e-01  9  8  1.2677806816e+00  0.0 
110500 dqpsk  2  1.5290453481e-02  6.2290802368e-01  9  8  1.2677806816e+00  0.0 
110501 msk  2  1.5290453481e-02  6.2290802368e-01  9  8  1.2677806816e+00  0.0 
110502 16qam  2  1.5290453481e-02  6.2290802368e-01  9  8  1.2677806816e+00  0.0 
110503 64qam  2  1.5290453481e-02  6.2290802368e-01  9  8  1.2677806816e+00  0.0 
110504 256qam  2  1.5290453481e-02  6.2290802368e-01  9  8  1.2677806816e+00  0.0 
110505 bpsk  17  1.1848697795e-02  2.0190131705e-01  1  1  2.0249993177e-01  0.0 
110506 qpsk  17  1.1848697795e-02  2.0190131705e-01  1  1  2.0249993177e-01  0.0 
110507 8psk  17  1.1848697795e-02  2.0190131705e-01  1  1  2.0249993177e-01  0.0 
110508 dqpsk  17  1.1848697795e-02  2.0190131705e-01  1  1  2.0249993177e-01  0.0 
110509 msk  17  1.1848697795e-02  2.0190131705e-01  1  1  2.0249993177e-01  0.0 
110510 16qam  17  1.1848697795e-02  2.0190131705e-01  1  1  2.0249993177e-01  0.0 
110511 64qam  17  1.1848697795e-02  2.0190131705e-01  1  1  2.0249993177e-01  0.0 
110512 256qam  17  1.1848697795e-02  2.0190131705e-01  1  1  2.0249993177e-01  0.0 
110513 bpsk  5  1.7805418125e-02  7.5508981410e-01  1  1  1.9101114404e+00  0.0 
110514 qpsk  5  1.7805418125e-02  7.5508981410e-01  1  1  1.9101114404e+00  0.0 
110515 8psk  5  1.7805418125e-02  7.5508981410e-01  1  1  1.9101114404e+00  0.0 
110516 dqpsk  5  1.7805418125e-02  7.5508981410e-01  1  1  1.9101114404e+00  0.0 
110517 msk  5  1.7805418125e-02  7.5508981410e-01  1  1  1.9101114404e+00  0.0 
110518 16qam  5  1.7805418125e-02  7.5508981410e-01  1  1  1.9101114404e+00  0.0 
110519 64qam  5  1.7805418125e-02  7.5508981410e-01  1  1  1.9101114404e+00  0.0 
110520 256qam  5  1.7805418125e-02  7.5508981410e-01  1  1  1.9101114404e+00  0.0 
110521 bpsk  14  1.6159962637e-02  1.9574663550e-01  6  5  1.7751862227e+00  0.0 
110522 qpsk  14  1.6159962637e-02  1.9574663550e-01  6  5  1.7751862227e+00  0.0 
110523 8psk  14  1.6159962637e-02  1.9574663550e-01  6  5  1.7751862227e+00  0.0 
110524 dqpsk  14  1.6159962637e-02  1.9574663550e-01  6  5  1.7751862227e+00  0.0 
110525 msk  14  1.6159962637e-02  1.9574663550e-01  6  5  1.7751862227e+00  0.0 
110526 16qam  14  1.6159962637e-02  1.9574663550e-01  6  5  1.7751862227e+00  0.0 
110527 64qam  14  1.6159962637e-02  1.9574663550e-01  6  5  1.7751862227e+00  0.0 
110528 256qam  14  1.6159962637e-02  1.9574663550e-01  6  5  1.7751862227e+00  0.0 
110529 bpsk  7  1.9100197209e-02  1.9641106643e-01  7  6  5.2992163241e+00  0.0 
110530 qpsk  7  1.9100197209e-02  1.9641106643e-01  7  6  5.2992163241e+00  0.0 
110531 8psk  7  1.9100197209e-02  1.9641106643e-01  7  6  5.2992163241e+00  0.0 
110532 dqpsk  7  1.9100197209e-02  1.9641106643e-01  7  6  5.2992163241e+00  0.0 
110533 msk  7  1.9100197209e-02  1.9641106643e-01  7  6  5.2992163241e+00  0.0 
110534 16qam  7  1.9100197209e-02  1.9641106643e-01  7  6  5.2992163241e+00  0.0 
110535 64qam  7  1.9100197209e-02  1.9641106643e-01  7  6  5.2992163241e+00  0.0 
110536 256qam  7  1.9100197209e-02  1.9641106643e-01  7  6  5.2992163241e+00  0.0 
110537 bpsk  3  1.4077040280e-02  4.6286641633e-01  9  8  2.5952960083e+00  0.0 
110538 qpsk  3  1.4077040280e-02  4.6286641633e-01  9  8  2.5952960083e+00  0.0 
110539 8psk  3  1.4077040280e-02  4.6286641633e-01  9  8  2.5952960083e+00  0.0 
110540 dqpsk  3  1.4077040280e-02  4.6286641633e-01  9  8  2.5952960083e+00  0.0 
110541 msk  3  1.4077040280e-02  4.6286641633e-01  9  8  2.5952960083e+00  0.0 
110542 16qam  3  1.4077040280e-02  4.6286641633e-01  9  8  2.5952960083e+00  0.0 
110543 64qam  3  1.4077040280e-02  4.6286641633e-01  9  8  2.5952960083e+00  0.0 
110544 256qam  3  1.4077040280e-02  4.6286641633e-01  9  8  2.5952960083e+00  0.0 
110545 bpsk  4  1.4717020971e-02  7.5775783381e-01  4  3  4.3511048766e+00  0.0 
110546 qpsk  4  1.4717020971e-02  7.5775783381e-01  4  3  4.3511048766e+00  0.0 
110547 8psk  4  1.4717020971e-02  7.5775783381e-01  4  3  4.3511048766e+00  0.0 
110548 dqpsk  4  1.4717020971e-02  7.5775783381e-01  4  3  4.3511048766e+00  0.0 
110549 msk  4  1.4717020971e-02  7.5775783381e-01  4  3  4.3511048766e+00  0.0 
110550 16qam  4  1.4717020971e-02  7.5775783381e-01  4  3  4.3511048766e+00  0.0 
110551 64qam  4  1.4717020971e-02  7.5775783381e-01  4  3  4.3511048766e+00  0.0 
110552 256qam  4  1.4717020971e-02  7.5775783381e-01  4  3  4.3511048766e+00  0.0 
110553 bpsk  17  1.3816260542e-02  1.0000000354e-01  1  1  2.8205544323e-01  0.0 
110554 qpsk  17  1.3816260542e-02  1.0000000354e-01  1  1  2.8205544323e-01  0.0 
110555 8psk  17  1.3816260542e-02  1.0000000354e-01  1  1  2.8205544323e-01  0.0 
110556 dqpsk  17  1.3816260542e-02  1.0000000354e-01  1  1  2.8205544323e-01  0.0 
110557 msk  17  1.3816260542e-02  1.0000000354e-01  1  1  2.8205544323e-01  0.0 
110558 16qam  17  1.3816260542e-02  1.0000000354e-01  1  1  2.8205544323e-01  0.0 
110559 64qam  17  1.3816260542e-02  1.0000000354e-01  1  1  2.8205544323e-01  0.0 
110560 256qam  17  1.3816260542e-02  1.0000000354e-01  1  1  2.8205544323e-01  0.0 
110561 bpsk  3  1.0805815989e-02  1.4303879585e-01  4  3  5.9545284830e+00  0.0 
110562 qpsk  3  1.0805815989e-02  1.4303879585e-01  4  3  5.9545284830e+00  0.0 
110563 8psk  3  1.0805815989e-02  1.4303879585e-01  4  3  5.9545284830e+00  0.0 
110564 dqpsk  3  1.0805815989e-02  1.4303879585e-01  4  3  5.9545284830e+00  0.0 
110565 msk  3  1.0805815989e-02  1.4303879585e-01  4  3  5.9545284830e+00  0.0 
110566 16qam  3  1.0805815989e-02  1.4303879585e-01  4  3  5.9545284830e+00  0.0 
110567 64qam  3  1.0805815989e-02  1.4303879585e-01  4  3  5.9545284830e+00  0.0 
110568 256qam  3  1.0805815989e-02  1.4303879585e-01  4  3  5.9545284830e+00  0.0 
110569 bpsk  8  1.5284924060e-02  2.2289543522e-01  4  3  4.2822885855e+00  0.0 
110570 qpsk  8  1.5284924060e-02  2.2289543522e-01  4  3  4.2822885855e+00  0.0 
110571 8psk  8  1.5284924060e-02  2.2289543522e-01  4  3  4.2822885855e+00  0.0 
110572 dqpsk  8  1.5284924060e-02  2.2289543522e-01  4  3  4.2822885855e+00  0.0 
110573 msk  8  1.5284924060e-02  2.2289543522e-01  4  3  4.2822885855e+00  0.0 
110574 16qam  8  1.5284924060e-02  2.2289543522e-01  4  3  4.2822885855e+00  0.0 
110575 64qam  8  1.5284924060e-02  2.2289543522e-01  4  3  4.2822885855e+00  0.0 
110576 256qam  8  1.5284924060e-02  2.2289543522e-01  4  3  4.2822885855e+00  0.0 
110577 bpsk  5  1.7519141619e-02  5.0182474476e-01  5  4  2.4246215997e+00  0.0 
110578 qpsk  5  1.7519141619e-02  5.0182474476e-01  5  4  2.4246215997e+00  0.0 
110579 8psk  5  1.7519141619e-02  5.0182474476e-01  5  4  2.4246215997e+00  0.0 
110580 dqpsk  5  1.7519141619e-02  5.0182474476e-01  5  4  2.4246215997e+00  0.0 
110581 msk  5  1.7519141619e-02  5.0182474476e-01  5  4  2.4246215997e+00  0.0 
110582 16qam  5  1.7519141619e-02  5.0182474476e-01  5  4  2.4246215997e+00  0.0 
110583 64qam  5  1.7519141619e-02  5.0182474476e-01  5  4  2.4246215997e+00  0.0 
110584 256qam  5  1.7519141619e-02  5.0182474476e-01  5  4  2.4246215997e+00  0.0 
110585 bpsk  9  1.4262577646e-02  2.4254911867e-01  4  3  2.0619223971e+00  0.0 
110586 qpsk  9  1.4262577646e-02  2.4254911867e-01  4  3  2.0619223971e+00  0.0 
110587 8psk  9  1.4262577646e-02  2.4254911867e-01  4  3  2.0619223971e+00  0.0 
110588 dqpsk  9  1.4262577646e-02  2.4254911867e-01  4  3  2.0619223971e+00  0.0 
110589 msk  9  1.4262577646e-02  2.4254911867e-01  4  3  2.0619223971e+00  0.0 
110590 16qam  9  1.4262577646e-02  2.4254911867e-01  4  3  2.0619223971e+00  0.0 
110591 64qam  9  1.4262577646e-02  2.4254911867e-01  4  3  2.0619223971e+00  0.0 
110592 256qam  9  1.4262577646e-02  2.4254911867e-01  4  3  2.0619223971e+00  0.0 
110593 bpsk  4  1.1960049944e-02  6.0733885366e-01  5  4  3.8473181561e+00  0.0 
110594 qpsk  4  1.1960049944e-02  6.0733885366e-01  5  4  3.8473181561e+00  0.0 
110595 8psk  4  1.1960049944e-02  6.0733885366e-01  5  4  3.8473181561e+00  0.0 
110596 dqpsk  4  1.1960049944e-02  6.0733885366e-01  5  4  3.8473181561e+00  0.0 
110597 msk  4  1.1960049944e-02  6.0733885366e-01  5  4  3.8473181561e+00  0.0 
110598 16qam  4  1.1960049944e-02  6.0733885366e-01  5  4  3.8473181561e+00  0.0 
110599 64qam  4  1.1960049944e-02  6.0733885366e-01  5  4  3.8473181561e+00  0.0 
110600 256qam  4  1.1960049944e-02  6.0733885366e-01  5  4  3.8473181561e+00  0.0 
110601 bpsk  4  1.9388661095e-02  4.5056592205e-01  3  2  4.3132633369e-02  0.0 
110602 qpsk  4  1.9388661095e-02  4.5056592205e-01  3  2  4.3132633369e-02  0.0 
110603 8psk  4  1.9388661095e-02  4.5056592205e-01  3  2  4.3132633369e-02  0.0 
110604 dqpsk  4  1.9388661095e-02  4.5056592205e-01  3  2  4.3132633369e-02  0.0 
110605 msk  4  1.9388661095e-02  4.5056592205e-01  3  2  4.3132633369e-02  0.0 
110606 16qam  4  1.9388661095e-02  4.5056592205e-01  3  2  4.3132633369e-02  0.0 
110607 64qam  4  1.9388661095e-02  4.5056592205e-01  3  2  4.3132633369e-02  0.0 
110608 256qam  4  1.9388661095e-02  4.5056592205e-01  3  2  4.3132633369e-02  0.0 
110609 bpsk  16  1.2569643983e-02  9.4285291894e-01  7  6  5.7919911172e+00  0.0 
110610 qpsk  16  1.2569643983e-02  9.4285291894e-01  7  6  5.7919911172e+00  0.0 
110611 8psk  16  1.2569643983e-02  9.4285291894e-01  7  6  5.7919911172e+00  0.0 
110612 dqpsk  16  1.2569643983e-02  9.4285291894e-01  7  6  5.7919911172e+00  0.0 
110613 msk  16  1.2569643983e-02  9.4285291894e-01  7  6  5.7919911172e+00  0.0 
110614 16qam  16  1.2569643983e-02  9.4285291894e-01  7  6  5.7919911172e+00  0.0 
110615 64qam  16  1.2569643983e-02  9.4285291894e-01  7  6  5.7919911172e+00  0.0 
110616 256qam  16  1.2569643983e-02  9.4285291894e-01  7  6  5.7919911172e+00  0.0 
110617 bpsk  15  1.6009445023e-02  8.0309723684e-01  8  7  1.9065540259e+00  0.0 
110618 qpsk  15  1.6009445023e-02  8.0309723684e-01  8  7  1.9065540259e+00  0.0 
110619 8psk  15  1.6009445023e-02  8.0309723684e-01  8  7  1.9065540259e+00  0.0 
110620 dqpsk  15  1.6009445023e-02  8.0309723684e-01  8  7  1.9065540259e+00  0.0 
110621 msk  15  1.6009445023e-02  8.0309723684e-01  8  7  1.9065540259e+00  0.0 
110622 16qam  15  1.6009445023e-02  8.0309723684e-01  8  7  1.9065540259e+00  0.0 
110623 64qam  15  1.6009445023e-02  8.0309723684e-01  8  7  1.9065540259e+00  0.0 
110624 256qam  15  1.6009445023e-02  8.0309723684e-01  8  7  1.9065540259e+00  0.0 
110625 bpsk  3  1.5667944804e-02  9.2167706708e-01  10  9  3.5565352448e+00  0.0 
110626 qpsk  3  1.5667944804e-02  9.2167706708e-01  10  9  3.5565352448e+00  0.0 
110627 8psk  3  1.5667944804e-02  9.2167706708e-01  10  9  3.5565352448e+00  0.0 
110628 dqpsk  3  1.5667944804e-02  9.2167706708e-01  10  9  3.5565352448e+00  0.0 
110629 msk  3  1.5667944804e-02  9.2167706708e-01  10  9  3.5565352448e+00  0.0 
110630 16qam  3  1.5667944804e-02  9.2167706708e-01  10  9  3.5565352448e+00  0.0 
110631 64qam  3  1.5667944804e-02  9.2167706708e-01  10  9  3.5565352448e+00  0.0 
110632 256qam  3  1.5667944804e-02  9.2167706708e-01  10  9  3.5565352448e+00  0.0 
110633 bpsk  17  1.3302181383e-02  2.0611339113e-01  1  1  5.3544224580e+00  0.0 
110634 qpsk  17  1.3302181383e-02  2.0611339113e-01  1  1  5.3544224580e+00  0.0 
110635 8psk  17  1.3302181383e-02  2.0611339113e-01  1  1  5.3544224580e+00  0.0 
110636 dqpsk  17  1.3302181383e-02  2.0611339113e-01  1  1  5.3544224580e+00  0.0 
110637 msk  17  1.3302181383e-02  2.0611339113e-01  1  1  5.3544224580e+00  0.0 
110638 16qam  17  1.3302181383e-02  2.0611339113e-01  1  1  5.3544224580e+00  0.0 
110639 64qam  17  1.3302181383e-02  2.0611339113e-01  1  1  5.3544224580e+00  0.0 
110640 256qam  17  1.3302181383e-02  2.0611339113e-01  1  1  5.3544224580e+00  0.0 
110641 bpsk  10  1.2432917720e-02  8.8635690171e-01  10  9  2.5250900101e+00  0.0 
110642 qpsk  10  1.2432917720e-02  8.8635690171e-01  10  9  2.5250900101e+00  0.0 
110643 8psk  10  1.2432917720e-02  8.8635690171e-01  10  9  2.5250900101e+00  0.0 
110644 dqpsk  10  1.2432917720e-02  8.8635690171e-01  10  9  2.5250900101e+00  0.0 
110645 msk  10  1.2432917720e-02  8.8635690171e-01  10  9  2.5250900101e+00  0.0 
110646 16qam  10  1.2432917720e-02  8.8635690171e-01  10  9  2.5250900101e+00  0.0 
110647 64qam  10  1.2432917720e-02  8.8635690171e-01  10  9  2.5250900101e+00  0.0 
110648 256qam  10  1.2432917720e-02  8.8635690171e-01  10  9  2.5250900101e+00  0.0 
110649 bpsk  2  1.2902512993e-02  1.8181145746e-01  9  8  5.7574514123e+00  0.0 
110650 qpsk  2  1.2902512993e-02  1.8181145746e-01  9  8  5.7574514123e+00  0.0 
110651 8psk  2  1.2902512993e-02  1.8181145746e-01  9  8  5.7574514123e+00  0.0 
110652 dqpsk  2  1.2902512993e-02  1.8181145746e-01  9  8  5.7574514123e+00  0.0 
110653 msk  2  1.2902512993e-02  1.8181145746e-01  9  8  5.7574514123e+00  0.0 
110654 16qam  2  1.2902512993e-02  1.8181145746e-01  9  8  5.7574514123e+00  0.0 
110655 64qam  2  1.2902512993e-02  1.8181145746e-01  9  8  5.7574514123e+00  0.0 
110656 256qam  2  1.2902512993e-02  1.8181145746e-01  9  8  5.7574514123e+00  0.0 
110657 bpsk  7  1.4817557982e-02  9.3055818962e-01  4  3  8.1739582885e-01  0.0 
110658 qpsk  7  1.4817557982e-02  9.3055818962e-01  4  3  8.1739582885e-01  0.0 
110659 8psk  7  1.4817557982e-02  9.3055818962e-01  4  3  8.1739582885e-01  0.0 
110660 dqpsk  7  1.4817557982e-02  9.3055818962e-01  4  3  8.1739582885e-01  0.0 
110661 msk  7  1.4817557982e-02  9.3055818962e-01  4  3  8.1739582885e-01  0.0 
110662 16qam  7  1.4817557982e-02  9.3055818962e-01  4  3  8.1739582885e-01  0.0 
110663 64qam  7  1.4817557982e-02  9.3055818962e-01  4  3  8.1739582885e-01  0.0 
110664 256qam  7  1.4817557982e-02  9.3055818962e-01  4  3  8.1739582885e-01  0.0 
110665 bpsk  9  1.9913598111e-02  5.6399232211e-01  6  5  9.5515129574e-01  0.0 
110666 qpsk  9  1.9913598111e-02  5.6399232211e-01  6  5  9.5515129574e-01  0.0 
110667 8psk  9  1.9913598111e-02  5.6399232211e-01  6  5  9.5515129574e-01  0.0 
110668 dqpsk  9  1.9913598111e-02  5.6399232211e-01  6  5  9.5515129574e-01  0.0 
110669 msk  9  1.9913598111e-02  5.6399232211e-01  6  5  9.5515129574e-01  0.0 
110670 16qam  9  1.9913598111e-02  5.6399232211e-01  6  5  9.5515129574e-01  0.0 
110671 64qam  9  1.9913598111e-02  5.6399232211e-01  6  5  9.5515129574e-01  0.0 
110672 256qam  9  1.9913598111e-02  5.6399232211e-01  6  5  9.5515129574e-01  0.0 
110673 bpsk  9  1.3966532460e-02  9.6625489736e-01  8  7  2.4956641745e+00  0.0 
110674 qpsk  9  1.3966532460e-02  9.6625489736e-01  8  7  2.4956641745e+00  0.0 
110675 8psk  9  1.3966532460e-02  9.6625489736e-01  8  7  2.4956641745e+00  0.0 
110676 dqpsk  9  1.3966532460e-02  9.6625489736e-01  8  7  2.4956641745e+00  0.0 
110677 msk  9  1.3966532460e-02  9.6625489736e-01  8  7  2.4956641745e+00  0.0 
110678 16qam  9  1.3966532460e-02  9.6625489736e-01  8  7  2.4956641745e+00  0.0 
110679 64qam  9  1.3966532460e-02  9.6625489736e-01  8  7  2.4956641745e+00  0.0 
110680 256qam  9  1.3966532460e-02  9.6625489736e-01  8  7  2.4956641745e+00  0.0 
110681 bpsk  2  1.9717641385e-02  7.2114751911e-01  1  1  5.0307935425e+00  0.0 
110682 qpsk  2  1.9717641385e-02  7.2114751911e-01  1  1  5.0307935425e+00  0.0 
110683 8psk  2  1.9717641385e-02  7.2114751911e-01  1  1  5.0307935425e+00  0.0 
110684 dqpsk  2  1.9717641385e-02  7.2114751911e-01  1  1  5.0307935425e+00  0.0 
110685 msk  2  1.9717641385e-02  7.2114751911e-01  1  1  5.0307935425e+00  0.0 
110686 16qam  2  1.9717641385e-02  7.2114751911e-01  1  1  5.0307935425e+00  0.0 
110687 64qam  2  1.9717641385e-02  7.2114751911e-01  1  1  5.0307935425e+00  0.0 
110688 256qam  2  1.9717641385e-02  7.2114751911e-01  1  1  5.0307935425e+00  0.0 
110689 bpsk  2  1.0666686889e-02  2.7510385936e-01  5  4  1.6571714609e+00  0.0 
110690 qpsk  2  1.0666686889e-02  2.7510385936e-01  5  4  1.6571714609e+00  0.0 
110691 8psk  2  1.0666686889e-02  2.7510385936e-01  5  4  1.6571714609e+00  0.0 
110692 dqpsk  2  1.0666686889e-02  2.7510385936e-01  5  4  1.6571714609e+00  0.0 
110693 msk  2  1.0666686889e-02  2.7510385936e-01  5  4  1.6571714609e+00  0.0 
110694 16qam  2  1.0666686889e-02  2.7510385936e-01  5  4  1.6571714609e+00  0.0 
110695 64qam  2  1.0666686889e-02  2.7510385936e-01  5  4  1.6571714609e+00  0.0 
110696 256qam  2  1.0666686889e-02  2.7510385936e-01  5  4  1.6571714609e+00  0.0 
110697 bpsk  10  1.5343016380e-02  6.5701537686e-01  9  8  3.9731130572e+00  0.0 
110698 qpsk  10  1.5343016380e-02  6.5701537686e-01  9  8  3.9731130572e+00  0.0 
110699 8psk  10  1.5343016380e-02  6.5701537686e-01  9  8  3.9731130572e+00  0.0 
110700 dqpsk  10  1.5343016380e-02  6.5701537686e-01  9  8  3.9731130572e+00  0.0 
110701 msk  10  1.5343016380e-02  6.5701537686e-01  9  8  3.9731130572e+00  0.0 
110702 16qam  10  1.5343016380e-02  6.5701537686e-01  9  8  3.9731130572e+00  0.0 
110703 64qam  10  1.5343016380e-02  6.5701537686e-01  9  8  3.9731130572e+00  0.0 
110704 256qam  10  1.5343016380e-02  6.5701537686e-01  9  8  3.9731130572e+00  0.0 
110705 bpsk  7  1.3359629163e-02  5.9225916668e-01  10  9  5.2493238468e+00  0.0 
110706 qpsk  7  1.3359629163e-02  5.9225916668e-01  10  9  5.2493238468e+00  0.0 
110707 8psk  7  1.3359629163e-02  5.9225916668e-01  10  9  5.2493238468e+00  0.0 
110708 dqpsk  7  1.3359629163e-02  5.9225916668e-01  10  9  5.2493238468e+00  0.0 
110709 msk  7  1.3359629163e-02  5.9225916668e-01  10  9  5.2493238468e+00  0.0 
110710 16qam  7  1.3359629163e-02  5.9225916668e-01  10  9  5.2493238468e+00  0.0 
110711 64qam  7  1.3359629163e-02  5.9225916668e-01  10  9  5.2493238468e+00  0.0 
110712 256qam  7  1.3359629163e-02  5.9225916668e-01  10  9  5.2493238468e+00  0.0 
110713 bpsk  11  1.3348749707e-02  5.3336317853e-01  8  7  3.7916440998e+00  0.0 
110714 qpsk  11  1.3348749707e-02  5.3336317853e-01  8  7  3.7916440998e+00  0.0 
110715 8psk  11  1.3348749707e-02  5.3336317853e-01  8  7  3.7916440998e+00  0.0 
110716 dqpsk  11  1.3348749707e-02  5.3336317853e-01  8  7  3.7916440998e+00  0.0 
110717 msk  11  1.3348749707e-02  5.3336317853e-01  8  7  3.7916440998e+00  0.0 
110718 16qam  11  1.3348749707e-02  5.3336317853e-01  8  7  3.7916440998e+00  0.0 
110719 64qam  11  1.3348749707e-02  5.3336317853e-01  8  7  3.7916440998e+00  0.0 
110720 256qam  11  1.3348749707e-02  5.3336317853e-01  8  7  3.7916440998e+00  0.0 
110721 bpsk  13  1.3161649808e-02  3.3027147803e-01  7  6  2.3694039723e+00  0.0 
110722 qpsk  13  1.3161649808e-02  3.3027147803e-01  7  6  2.3694039723e+00  0.0 
110723 8psk  13  1.3161649808e-02  3.3027147803e-01  7  6  2.3694039723e+00  0.0 
110724 dqpsk  13  1.3161649808e-02  3.3027147803e-01  7  6  2.3694039723e+00  0.0 
110725 msk  13  1.3161649808e-02  3.3027147803e-01  7  6  2.3694039723e+00  0.0 
110726 16qam  13  1.3161649808e-02  3.3027147803e-01  7  6  2.3694039723e+00  0.0 
110727 64qam  13  1.3161649808e-02  3.3027147803e-01  7  6  2.3694039723e+00  0.0 
110728 256qam  13  1.3161649808e-02  3.3027147803e-01  7  6  2.3694039723e+00  0.0 
110729 bpsk  14  1.5590313039e-02  2.4739396530e-01  10  9  2.0835481024e+00  0.0 
110730 qpsk  14  1.5590313039e-02  2.4739396530e-01  10  9  2.0835481024e+00  0.0 
110731 8psk  14  1.5590313039e-02  2.4739396530e-01  10  9  2.0835481024e+00  0.0 
110732 dqpsk  14  1.5590313039e-02  2.4739396530e-01  10  9  2.0835481024e+00  0.0 
110733 msk  14  1.5590313039e-02  2.4739396530e-01  10  9  2.0835481024e+00  0.0 
110734 16qam  14  1.5590313039e-02  2.4739396530e-01  10  9  2.0835481024e+00  0.0 
110735 64qam  14  1.5590313039e-02  2.4739396530e-01  10  9  2.0835481024e+00  0.0 
110736 256qam  14  1.5590313039e-02  2.4739396530e-01  10  9  2.0835481024e+00  0.0 
110737 bpsk  8  1.9805520999e-02  8.5780808911e-01  7  6  3.2546188106e+00  0.0 
110738 qpsk  8  1.9805520999e-02  8.5780808911e-01  7  6  3.2546188106e+00  0.0 
110739 8psk  8  1.9805520999e-02  8.5780808911e-01  7  6  3.2546188106e+00  0.0 
110740 dqpsk  8  1.9805520999e-02  8.5780808911e-01  7  6  3.2546188106e+00  0.0 
110741 msk  8  1.9805520999e-02  8.5780808911e-01  7  6  3.2546188106e+00  0.0 
110742 16qam  8  1.9805520999e-02  8.5780808911e-01  7  6  3.2546188106e+00  0.0 
110743 64qam  8  1.9805520999e-02  8.5780808911e-01  7  6  3.2546188106e+00  0.0 
110744 256qam  8  1.9805520999e-02  8.5780808911e-01  7  6  3.2546188106e+00  0.0 
110745 bpsk  17  1.1697841783e-02  1.0290735046e-01  10  9  3.9869771202e+00  0.0 
110746 qpsk  17  1.1697841783e-02  1.0290735046e-01  10  9  3.9869771202e+00  0.0 
110747 8psk  17  1.1697841783e-02  1.0290735046e-01  10  9  3.9869771202e+00  0.0 
110748 dqpsk  17  1.1697841783e-02  1.0290735046e-01  10  9  3.9869771202e+00  0.0 
110749 msk  17  1.1697841783e-02  1.0290735046e-01  10  9  3.9869771202e+00  0.0 
110750 16qam  17  1.1697841783e-02  1.0290735046e-01  10  9  3.9869771202e+00  0.0 
110751 64qam  17  1.1697841783e-02  1.0290735046e-01  10  9  3.9869771202e+00  0.0 
110752 256qam  17  1.1697841783e-02  1.0290735046e-01  10  9  3.9869771202e+00  0.0 
110753 bpsk  16  1.8440860522e-02  3.9081988242e-01  1  1  5.5691495433e+00  0.0 
110754 qpsk  16  1.8440860522e-02  3.9081988242e-01  1  1  5.5691495433e+00  0.0 
110755 8psk  16  1.8440860522e-02  3.9081988242e-01  1  1  5.5691495433e+00  0.0 
110756 dqpsk  16  1.8440860522e-02  3.9081988242e-01  1  1  5.5691495433e+00  0.0 
110757 msk  16  1.8440860522e-02  3.9081988242e-01  1  1  5.5691495433e+00  0.0 
110758 16qam  16  1.8440860522e-02  3.9081988242e-01  1  1  5.5691495433e+00  0.0 
110759 64qam  16  1.8440860522e-02  3.9081988242e-01  1  1  5.5691495433e+00  0.0 
110760 256qam  16  1.8440860522e-02  3.9081988242e-01  1  1  5.5691495433e+00  0.0 
110761 bpsk  2  1.4805426877e-02  6.8842045982e-01  8  7  2.1013564679e+00  0.0 
110762 qpsk  2  1.4805426877e-02  6.8842045982e-01  8  7  2.1013564679e+00  0.0 
110763 8psk  2  1.4805426877e-02  6.8842045982e-01  8  7  2.1013564679e+00  0.0 
110764 dqpsk  2  1.4805426877e-02  6.8842045982e-01  8  7  2.1013564679e+00  0.0 
110765 msk  2  1.4805426877e-02  6.8842045982e-01  8  7  2.1013564679e+00  0.0 
110766 16qam  2  1.4805426877e-02  6.8842045982e-01  8  7  2.1013564679e+00  0.0 
110767 64qam  2  1.4805426877e-02  6.8842045982e-01  8  7  2.1013564679e+00  0.0 
110768 256qam  2  1.4805426877e-02  6.8842045982e-01  8  7  2.1013564679e+00  0.0 
110769 bpsk  5  1.2450956245e-02  5.1401806903e-01  4  3  3.1388239465e+00  0.0 
110770 qpsk  5  1.2450956245e-02  5.1401806903e-01  4  3  3.1388239465e+00  0.0 
110771 8psk  5  1.2450956245e-02  5.1401806903e-01  4  3  3.1388239465e+00  0.0 
110772 dqpsk  5  1.2450956245e-02  5.1401806903e-01  4  3  3.1388239465e+00  0.0 
110773 msk  5  1.2450956245e-02  5.1401806903e-01  4  3  3.1388239465e+00  0.0 
110774 16qam  5  1.2450956245e-02  5.1401806903e-01  4  3  3.1388239465e+00  0.0 
110775 64qam  5  1.2450956245e-02  5.1401806903e-01  4  3  3.1388239465e+00  0.0 
110776 256qam  5  1.2450956245e-02  5.1401806903e-01  4  3  3.1388239465e+00  0.0 
110777 bpsk  2  1.6379880966e-02  3.3470604543e-01  9  8  1.9921469217e-01  0.0 
110778 qpsk  2  1.6379880966e-02  3.3470604543e-01  9  8  1.9921469217e-01  0.0 
110779 8psk  2  1.6379880966e-02  3.3470604543e-01  9  8  1.9921469217e-01  0.0 
110780 dqpsk  2  1.6379880966e-02  3.3470604543e-01  9  8  1.9921469217e-01  0.0 
110781 msk  2  1.6379880966e-02  3.3470604543e-01  9  8  1.9921469217e-01  0.0 
110782 16qam  2  1.6379880966e-02  3.3470604543e-01  9  8  1.9921469217e-01  0.0 
110783 64qam  2  1.6379880966e-02  3.3470604543e-01  9  8  1.9921469217e-01  0.0 
110784 256qam  2  1.6379880966e-02  3.3470604543e-01  9  8  1.9921469217e-01  0.0 
110785 bpsk  4  1.0299236853e-02  1.2620004894e-01  8  7  2.3198651740e+00  0.0 
110786 qpsk  4  1.0299236853e-02  1.2620004894e-01  8  7  2.3198651740e+00  0.0 
110787 8psk  4  1.0299236853e-02  1.2620004894e-01  8  7  2.3198651740e+00  0.0 
110788 dqpsk  4  1.0299236853e-02  1.2620004894e-01  8  7  2.3198651740e+00  0.0 
110789 msk  4  1.0299236853e-02  1.2620004894e-01  8  7  2.3198651740e+00  0.0 
110790 16qam  4  1.0299236853e-02  1.2620004894e-01  8  7  2.3198651740e+00  0.0 
110791 64qam  4  1.0299236853e-02  1.2620004894e-01  8  7  2.3198651740e+00  0.0 
110792 256qam  4  1.0299236853e-02  1.2620004894e-01  8  7  2.3198651740e+00  0.0 
110793 bpsk  8  1.2855217361e-02  5.6727874905e-01  8  7  1.6066629465e+00  0.0 
110794 qpsk  8  1.2855217361e-02  5.6727874905e-01  8  7  1.6066629465e+00  0.0 
110795 8psk  8  1.2855217361e-02  5.6727874905e-01  8  7  1.6066629465e+00  0.0 
110796 dqpsk  8  1.2855217361e-02  5.6727874905e-01  8  7  1.6066629465e+00  0.0 
110797 msk  8  1.2855217361e-02  5.6727874905e-01  8  7  1.6066629465e+00  0.0 
110798 16qam  8  1.2855217361e-02  5.6727874905e-01  8  7  1.6066629465e+00  0.0 
110799 64qam  8  1.2855217361e-02  5.6727874905e-01  8  7  1.6066629465e+00  0.0 
110800 256qam  8  1.2855217361e-02  5.6727874905e-01  8  7  1.6066629465e+00  0.0 
110801 bpsk  15  1.1742196494e-02  2.6071488312e-01  7  6  1.2621837031e+00  0.0 
110802 qpsk  15  1.1742196494e-02  2.6071488312e-01  7  6  1.2621837031e+00  0.0 
110803 8psk  15  1.1742196494e-02  2.6071488312e-01  7  6  1.2621837031e+00  0.0 
110804 dqpsk  15  1.1742196494e-02  2.6071488312e-01  7  6  1.2621837031e+00  0.0 
110805 msk  15  1.1742196494e-02  2.6071488312e-01  7  6  1.2621837031e+00  0.0 
110806 16qam  15  1.1742196494e-02  2.6071488312e-01  7  6  1.2621837031e+00  0.0 
110807 64qam  15  1.1742196494e-02  2.6071488312e-01  7  6  1.2621837031e+00  0.0 
110808 256qam  15  1.1742196494e-02  2.6071488312e-01  7  6  1.2621837031e+00  0.0 
110809 bpsk  7  1.5342408893e-02  1.4696001398e-01  6  5  4.8989787069e+00  0.0 
110810 qpsk  7  1.5342408893e-02  1.4696001398e-01  6  5  4.8989787069e+00  0.0 
110811 8psk  7  1.5342408893e-02  1.4696001398e-01  6  5  4.8989787069e+00  0.0 
110812 dqpsk  7  1.5342408893e-02  1.4696001398e-01  6  5  4.8989787069e+00  0.0 
110813 msk  7  1.5342408893e-02  1.4696001398e-01  6  5  4.8989787069e+00  0.0 
110814 16qam  7  1.5342408893e-02  1.4696001398e-01  6  5  4.8989787069e+00  0.0 
110815 64qam  7  1.5342408893e-02  1.4696001398e-01  6  5  4.8989787069e+00  0.0 
110816 256qam  7  1.5342408893e-02  1.4696001398e-01  6  5  4.8989787069e+00  0.0 
110817 bpsk  19  1.2645364126e-02  1.9866418319e-01  1  1  3.0711657865e+00  0.0 
110818 qpsk  19  1.2645364126e-02  1.9866418319e-01  1  1  3.0711657865e+00  0.0 
110819 8psk  19  1.2645364126e-02  1.9866418319e-01  1  1  3.0711657865e+00  0.0 
110820 dqpsk  19  1.2645364126e-02  1.9866418319e-01  1  1  3.0711657865e+00  0.0 
110821 msk  19  1.2645364126e-02  1.9866418319e-01  1  1  3.0711657865e+00  0.0 
110822 16qam  19  1.2645364126e-02  1.9866418319e-01  1  1  3.0711657865e+00  0.0 
110823 64qam  19  1.2645364126e-02  1.9866418319e-01  1  1  3.0711657865e+00  0.0 
110824 256qam  19  1.2645364126e-02  1.9866418319e-01  1  1  3.0711657865e+00  0.0 
110825 bpsk  14  1.8000642511e-02  4.4849284027e-01  5  4  5.5130816856e+00  0.0 
110826 qpsk  14  1.8000642511e-02  4.4849284027e-01  5  4  5.5130816856e+00  0.0 
110827 8psk  14  1.8000642511e-02  4.4849284027e-01  5  4  5.5130816856e+00  0.0 
110828 dqpsk  14  1.8000642511e-02  4.4849284027e-01  5  4  5.5130816856e+00  0.0 
110829 msk  14  1.8000642511e-02  4.4849284027e-01  5  4  5.5130816856e+00  0.0 
110830 16qam  14  1.8000642511e-02  4.4849284027e-01  5  4  5.5130816856e+00  0.0 
110831 64qam  14  1.8000642511e-02  4.4849284027e-01  5  4  5.5130816856e+00  0.0 
110832 256qam  14  1.8000642511e-02  4.4849284027e-01  5  4  5.5130816856e+00  0.0 
110833 bpsk  18  1.5428820737e-02  1.9584599113e-01  10  9  1.8730422926e+00  0.0 
110834 qpsk  18  1.5428820737e-02  1.9584599113e-01  10  9  1.8730422926e+00  0.0 
110835 8psk  18  1.5428820737e-02  1.9584599113e-01  10  9  1.8730422926e+00  0.0 
110836 dqpsk  18  1.5428820737e-02  1.9584599113e-01  10  9  1.8730422926e+00  0.0 
110837 msk  18  1.5428820737e-02  1.9584599113e-01  10  9  1.8730422926e+00  0.0 
110838 16qam  18  1.5428820737e-02  1.9584599113e-01  10  9  1.8730422926e+00  0.0 
110839 64qam  18  1.5428820737e-02  1.9584599113e-01  10  9  1.8730422926e+00  0.0 
110840 256qam  18  1.5428820737e-02  1.9584599113e-01  10  9  1.8730422926e+00  0.0 
110841 bpsk  18  1.9700803764e-02  1.0733801863e-01  7  6  2.1053976355e+00  0.0 
110842 qpsk  18  1.9700803764e-02  1.0733801863e-01  7  6  2.1053976355e+00  0.0 
110843 8psk  18  1.9700803764e-02  1.0733801863e-01  7  6  2.1053976355e+00  0.0 
110844 dqpsk  18  1.9700803764e-02  1.0733801863e-01  7  6  2.1053976355e+00  0.0 
110845 msk  18  1.9700803764e-02  1.0733801863e-01  7  6  2.1053976355e+00  0.0 
110846 16qam  18  1.9700803764e-02  1.0733801863e-01  7  6  2.1053976355e+00  0.0 
110847 64qam  18  1.9700803764e-02  1.0733801863e-01  7  6  2.1053976355e+00  0.0 
110848 256qam  18  1.9700803764e-02  1.0733801863e-01  7  6  2.1053976355e+00  0.0 
110849 bpsk  5  1.0975936770e-02  6.0675289198e-01  7  6  3.5046791406e+00  0.0 
110850 qpsk  5  1.0975936770e-02  6.0675289198e-01  7  6  3.5046791406e+00  0.0 
110851 8psk  5  1.0975936770e-02  6.0675289198e-01  7  6  3.5046791406e+00  0.0 
110852 dqpsk  5  1.0975936770e-02  6.0675289198e-01  7  6  3.5046791406e+00  0.0 
110853 msk  5  1.0975936770e-02  6.0675289198e-01  7  6  3.5046791406e+00  0.0 
110854 16qam  5  1.0975936770e-02  6.0675289198e-01  7  6  3.5046791406e+00  0.0 
110855 64qam  5  1.0975936770e-02  6.0675289198e-01  7  6  3.5046791406e+00  0.0 
110856 256qam  5  1.0975936770e-02  6.0675289198e-01  7  6  3.5046791406e+00  0.0 
110857 bpsk  15  1.4423407691e-02  7.3695824170e-01  3  2  5.1364508381e+00  0.0 
110858 qpsk  15  1.4423407691e-02  7.3695824170e-01  3  2  5.1364508381e+00  0.0 
110859 8psk  15  1.4423407691e-02  7.3695824170e-01  3  2  5.1364508381e+00  0.0 
110860 dqpsk  15  1.4423407691e-02  7.3695824170e-01  3  2  5.1364508381e+00  0.0 
110861 msk  15  1.4423407691e-02  7.3695824170e-01  3  2  5.1364508381e+00  0.0 
110862 16qam  15  1.4423407691e-02  7.3695824170e-01  3  2  5.1364508381e+00  0.0 
110863 64qam  15  1.4423407691e-02  7.3695824170e-01  3  2  5.1364508381e+00  0.0 
110864 256qam  15  1.4423407691e-02  7.3695824170e-01  3  2  5.1364508381e+00  0.0 
110865 bpsk  10  1.1861282665e-02  2.3309728115e-01  9  8  2.0771336306e+00  0.0 
110866 qpsk  10  1.1861282665e-02  2.3309728115e-01  9  8  2.0771336306e+00  0.0 
110867 8psk  10  1.1861282665e-02  2.3309728115e-01  9  8  2.0771336306e+00  0.0 
110868 dqpsk  10  1.1861282665e-02  2.3309728115e-01  9  8  2.0771336306e+00  0.0 
110869 msk  10  1.1861282665e-02  2.3309728115e-01  9  8  2.0771336306e+00  0.0 
110870 16qam  10  1.1861282665e-02  2.3309728115e-01  9  8  2.0771336306e+00  0.0 
110871 64qam  10  1.1861282665e-02  2.3309728115e-01  9  8  2.0771336306e+00  0.0 
110872 256qam  10  1.1861282665e-02  2.3309728115e-01  9  8  2.0771336306e+00  0.0 
110873 bpsk  2  1.5769116915e-02  1.9080485044e-01  1  1  5.8988416925e-01  0.0 
110874 qpsk  2  1.5769116915e-02  1.9080485044e-01  1  1  5.8988416925e-01  0.0 
110875 8psk  2  1.5769116915e-02  1.9080485044e-01  1  1  5.8988416925e-01  0.0 
110876 dqpsk  2  1.5769116915e-02  1.9080485044e-01  1  1  5.8988416925e-01  0.0 
110877 msk  2  1.5769116915e-02  1.9080485044e-01  1  1  5.8988416925e-01  0.0 
110878 16qam  2  1.5769116915e-02  1.9080485044e-01  1  1  5.8988416925e-01  0.0 
110879 64qam  2  1.5769116915e-02  1.9080485044e-01  1  1  5.8988416925e-01  0.0 
110880 256qam  2  1.5769116915e-02  1.9080485044e-01  1  1  5.8988416925e-01  0.0 
110881 bpsk  15  1.3079941100e-02  5.8944698909e-01  1  1  4.0873386176e+00  0.0 
110882 qpsk  15  1.3079941100e-02  5.8944698909e-01  1  1  4.0873386176e+00  0.0 
110883 8psk  15  1.3079941100e-02  5.8944698909e-01  1  1  4.0873386176e+00  0.0 
110884 dqpsk  15  1.3079941100e-02  5.8944698909e-01  1  1  4.0873386176e+00  0.0 
110885 msk  15  1.3079941100e-02  5.8944698909e-01  1  1  4.0873386176e+00  0.0 
110886 16qam  15  1.3079941100e-02  5.8944698909e-01  1  1  4.0873386176e+00  0.0 
110887 64qam  15  1.3079941100e-02  5.8944698909e-01  1  1  4.0873386176e+00  0.0 
110888 256qam  15  1.3079941100e-02  5.8944698909e-01  1  1  4.0873386176e+00  0.0 
110889 bpsk  17  1.7960024969e-02  6.6087512089e-01  8  7  1.2472965570e+00  0.0 
110890 qpsk  17  1.7960024969e-02  6.6087512089e-01  8  7  1.2472965570e+00  0.0 
110891 8psk  17  1.7960024969e-02  6.6087512089e-01  8  7  1.2472965570e+00  0.0 
110892 dqpsk  17  1.7960024969e-02  6.6087512089e-01  8  7  1.2472965570e+00  0.0 
110893 msk  17  1.7960024969e-02  6.6087512089e-01  8  7  1.2472965570e+00  0.0 
110894 16qam  17  1.7960024969e-02  6.6087512089e-01  8  7  1.2472965570e+00  0.0 
110895 64qam  17  1.7960024969e-02  6.6087512089e-01  8  7  1.2472965570e+00  0.0 
110896 256qam  17  1.7960024969e-02  6.6087512089e-01  8  7  1.2472965570e+00  0.0 
110897 bpsk  9  1.9932181980e-02  8.6281334810e-01  1  1  3.2411254154e-01  0.0 
110898 qpsk  9  1.9932181980e-02  8.6281334810e-01  1  1  3.2411254154e-01  0.0 
110899 8psk  9  1.9932181980e-02  8.6281334810e-01  1  1  3.2411254154e-01  0.0 
110900 dqpsk  9  1.9932181980e-02  8.6281334810e-01  1  1  3.2411254154e-01  0.0 
110901 msk  9  1.9932181980e-02  8.6281334810e-01  1  1  3.2411254154e-01  0.0 
110902 16qam  9  1.9932181980e-02  8.6281334810e-01  1  1  3.2411254154e-01  0.0 
110903 64qam  9  1.9932181980e-02  8.6281334810e-01  1  1  3.2411254154e-01  0.0 
110904 256qam  9  1.9932181980e-02  8.6281334810e-01  1  1  3.2411254154e-01  0.0 
110905 bpsk  13  1.7150899269e-02  4.4389009011e-01  10  9  3.0836387861e+00  0.0 
110906 qpsk  13  1.7150899269e-02  4.4389009011e-01  10  9  3.0836387861e+00  0.0 
110907 8psk  13  1.7150899269e-02  4.4389009011e-01  10  9  3.0836387861e+00  0.0 
110908 dqpsk  13  1.7150899269e-02  4.4389009011e-01  10  9  3.0836387861e+00  0.0 
110909 msk  13  1.7150899269e-02  4.4389009011e-01  10  9  3.0836387861e+00  0.0 
110910 16qam  13  1.7150899269e-02  4.4389009011e-01  10  9  3.0836387861e+00  0.0 
110911 64qam  13  1.7150899269e-02  4.4389009011e-01  10  9  3.0836387861e+00  0.0 
110912 256qam  13  1.7150899269e-02  4.4389009011e-01  10  9  3.0836387861e+00  0.0 
110913 bpsk  11  1.8121218978e-02  8.0476286452e-01  9  8  5.2107089105e+00  0.0 
110914 qpsk  11  1.8121218978e-02  8.0476286452e-01  9  8  5.2107089105e+00  0.0 
110915 8psk  11  1.8121218978e-02  8.0476286452e-01  9  8  5.2107089105e+00  0.0 
110916 dqpsk  11  1.8121218978e-02  8.0476286452e-01  9  8  5.2107089105e+00  0.0 
110917 msk  11  1.8121218978e-02  8.0476286452e-01  9  8  5.2107089105e+00  0.0 
110918 16qam  11  1.8121218978e-02  8.0476286452e-01  9  8  5.2107089105e+00  0.0 
110919 64qam  11  1.8121218978e-02  8.0476286452e-01  9  8  5.2107089105e+00  0.0 
110920 256qam  11  1.8121218978e-02  8.0476286452e-01  9  8  5.2107089105e+00  0.0 
110921 bpsk  1  1.6892474489e-02  7.3292166379e-01  4  3  4.8315172840e+00  0.0 
110922 qpsk  1  1.6892474489e-02  7.3292166379e-01  4  3  4.8315172840e+00  0.0 
110923 8psk  1  1.6892474489e-02  7.3292166379e-01  4  3  4.8315172840e+00  0.0 
110924 dqpsk  1  1.6892474489e-02  7.3292166379e-01  4  3  4.8315172840e+00  0.0 
110925 msk  1  1.6892474489e-02  7.3292166379e-01  4  3  4.8315172840e+00  0.0 
110926 16qam  1  1.6892474489e-02  7.3292166379e-01  4  3  4.8315172840e+00  0.0 
110927 64qam  1  1.6892474489e-02  7.3292166379e-01  4  3  4.8315172840e+00  0.0 
110928 256qam  1  1.6892474489e-02  7.3292166379e-01  4  3  4.8315172840e+00  0.0 
110929 bpsk  13  1.0284350958e-02  4.0527459570e-01  6  5  3.0857197166e-01  0.0 
110930 qpsk  13  1.0284350958e-02  4.0527459570e-01  6  5  3.0857197166e-01  0.0 
110931 8psk  13  1.0284350958e-02  4.0527459570e-01  6  5  3.0857197166e-01  0.0 
110932 dqpsk  13  1.0284350958e-02  4.0527459570e-01  6  5  3.0857197166e-01  0.0 
110933 msk  13  1.0284350958e-02  4.0527459570e-01  6  5  3.0857197166e-01  0.0 
110934 16qam  13  1.0284350958e-02  4.0527459570e-01  6  5  3.0857197166e-01  0.0 
110935 64qam  13  1.0284350958e-02  4.0527459570e-01  6  5  3.0857197166e-01  0.0 
110936 256qam  13  1.0284350958e-02  4.0527459570e-01  6  5  3.0857197166e-01  0.0 
110937 bpsk  13  1.4763196799e-02  8.4587190631e-01  4  3  3.4460606184e+00  0.0 
110938 qpsk  13  1.4763196799e-02  8.4587190631e-01  4  3  3.4460606184e+00  0.0 
110939 8psk  13  1.4763196799e-02  8.4587190631e-01  4  3  3.4460606184e+00  0.0 
110940 dqpsk  13  1.4763196799e-02  8.4587190631e-01  4  3  3.4460606184e+00  0.0 
110941 msk  13  1.4763196799e-02  8.4587190631e-01  4  3  3.4460606184e+00  0.0 
110942 16qam  13  1.4763196799e-02  8.4587190631e-01  4  3  3.4460606184e+00  0.0 
110943 64qam  13  1.4763196799e-02  8.4587190631e-01  4  3  3.4460606184e+00  0.0 
110944 256qam  13  1.4763196799e-02  8.4587190631e-01  4  3  3.4460606184e+00  0.0 
110945 bpsk  18  1.4157869508e-02  9.5368268942e-01  10  9  3.4365893458e+00  0.0 
110946 qpsk  18  1.4157869508e-02  9.5368268942e-01  10  9  3.4365893458e+00  0.0 
110947 8psk  18  1.4157869508e-02  9.5368268942e-01  10  9  3.4365893458e+00  0.0 
110948 dqpsk  18  1.4157869508e-02  9.5368268942e-01  10  9  3.4365893458e+00  0.0 
110949 msk  18  1.4157869508e-02  9.5368268942e-01  10  9  3.4365893458e+00  0.0 
110950 16qam  18  1.4157869508e-02  9.5368268942e-01  10  9  3.4365893458e+00  0.0 
110951 64qam  18  1.4157869508e-02  9.5368268942e-01  10  9  3.4365893458e+00  0.0 
110952 256qam  18  1.4157869508e-02  9.5368268942e-01  10  9  3.4365893458e+00  0.0 
110953 bpsk  4  1.8333726358e-02  9.7305452090e-01  8  7  1.3937534760e+00  0.0 
110954 qpsk  4  1.8333726358e-02  9.7305452090e-01  8  7  1.3937534760e+00  0.0 
110955 8psk  4  1.8333726358e-02  9.7305452090e-01  8  7  1.3937534760e+00  0.0 
110956 dqpsk  4  1.8333726358e-02  9.7305452090e-01  8  7  1.3937534760e+00  0.0 
110957 msk  4  1.8333726358e-02  9.7305452090e-01  8  7  1.3937534760e+00  0.0 
110958 16qam  4  1.8333726358e-02  9.7305452090e-01  8  7  1.3937534760e+00  0.0 
110959 64qam  4  1.8333726358e-02  9.7305452090e-01  8  7  1.3937534760e+00  0.0 
110960 256qam  4  1.8333726358e-02  9.7305452090e-01  8  7  1.3937534760e+00  0.0 
110961 bpsk  10  1.8311699195e-02  8.8336333248e-01  1  1  1.8344596596e+00  0.0 
110962 qpsk  10  1.8311699195e-02  8.8336333248e-01  1  1  1.8344596596e+00  0.0 
110963 8psk  10  1.8311699195e-02  8.8336333248e-01  1  1  1.8344596596e+00  0.0 
110964 dqpsk  10  1.8311699195e-02  8.8336333248e-01  1  1  1.8344596596e+00  0.0 
110965 msk  10  1.8311699195e-02  8.8336333248e-01  1  1  1.8344596596e+00  0.0 
110966 16qam  10  1.8311699195e-02  8.8336333248e-01  1  1  1.8344596596e+00  0.0 
110967 64qam  10  1.8311699195e-02  8.8336333248e-01  1  1  1.8344596596e+00  0.0 
110968 256qam  10  1.8311699195e-02  8.8336333248e-01  1  1  1.8344596596e+00  0.0 
110969 bpsk  14  1.5096115348e-02  1.8146145095e-01  9  8  5.5360863873e+00  0.0 
110970 qpsk  14  1.5096115348e-02  1.8146145095e-01  9  8  5.5360863873e+00  0.0 
110971 8psk  14  1.5096115348e-02  1.8146145095e-01  9  8  5.5360863873e+00  0.0 
110972 dqpsk  14  1.5096115348e-02  1.8146145095e-01  9  8  5.5360863873e+00  0.0 
110973 msk  14  1.5096115348e-02  1.8146145095e-01  9  8  5.5360863873e+00  0.0 
110974 16qam  14  1.5096115348e-02  1.8146145095e-01  9  8  5.5360863873e+00  0.0 
110975 64qam  14  1.5096115348e-02  1.8146145095e-01  9  8  5.5360863873e+00  0.0 
110976 256qam  14  1.5096115348e-02  1.8146145095e-01  9  8  5.5360863873e+00  0.0 
110977 bpsk  12  1.2501921148e-02  2.4006449888e-01  1  1  5.7613257943e+00  0.0 
110978 qpsk  12  1.2501921148e-02  2.4006449888e-01  1  1  5.7613257943e+00  0.0 
110979 8psk  12  1.2501921148e-02  2.4006449888e-01  1  1  5.7613257943e+00  0.0 
110980 dqpsk  12  1.2501921148e-02  2.4006449888e-01  1  1  5.7613257943e+00  0.0 
110981 msk  12  1.2501921148e-02  2.4006449888e-01  1  1  5.7613257943e+00  0.0 
110982 16qam  12  1.2501921148e-02  2.4006449888e-01  1  1  5.7613257943e+00  0.0 
110983 64qam  12  1.2501921148e-02  2.4006449888e-01  1  1  5.7613257943e+00  0.0 
110984 256qam  12  1.2501921148e-02  2.4006449888e-01  1  1  5.7613257943e+00  0.0 
110985 bpsk  12  1.2879620740e-02  8.3780760454e-01  4  3  3.2751894248e+00  0.0 
110986 qpsk  12  1.2879620740e-02  8.3780760454e-01  4  3  3.2751894248e+00  0.0 
110987 8psk  12  1.2879620740e-02  8.3780760454e-01  4  3  3.2751894248e+00  0.0 
110988 dqpsk  12  1.2879620740e-02  8.3780760454e-01  4  3  3.2751894248e+00  0.0 
110989 msk  12  1.2879620740e-02  8.3780760454e-01  4  3  3.2751894248e+00  0.0 
110990 16qam  12  1.2879620740e-02  8.3780760454e-01  4  3  3.2751894248e+00  0.0 
110991 64qam  12  1.2879620740e-02  8.3780760454e-01  4  3  3.2751894248e+00  0.0 
110992 256qam  12  1.2879620740e-02  8.3780760454e-01  4  3  3.2751894248e+00  0.0 
110993 bpsk  10  1.2979584104e-02  8.6474523216e-01  1  1  6.8697822885e-01  0.0 
110994 qpsk  10  1.2979584104e-02  8.6474523216e-01  1  1  6.8697822885e-01  0.0 
110995 8psk  10  1.2979584104e-02  8.6474523216e-01  1  1  6.8697822885e-01  0.0 
110996 dqpsk  10  1.2979584104e-02  8.6474523216e-01  1  1  6.8697822885e-01  0.0 
110997 msk  10  1.2979584104e-02  8.6474523216e-01  1  1  6.8697822885e-01  0.0 
110998 16qam  10  1.2979584104e-02  8.6474523216e-01  1  1  6.8697822885e-01  0.0 
110999 64qam  10  1.2979584104e-02  8.6474523216e-01  1  1  6.8697822885e-01  0.0 
111000 256qam  10  1.2979584104e-02  8.6474523216e-01  1  1  6.8697822885e-01  0.0 
111001 bpsk  15  1.4329776614e-02  7.2415331861e-01  7  6  4.2687353176e+00  0.0 
111002 qpsk  15  1.4329776614e-02  7.2415331861e-01  7  6  4.2687353176e+00  0.0 
111003 8psk  15  1.4329776614e-02  7.2415331861e-01  7  6  4.2687353176e+00  0.0 
111004 dqpsk  15  1.4329776614e-02  7.2415331861e-01  7  6  4.2687353176e+00  0.0 
111005 msk  15  1.4329776614e-02  7.2415331861e-01  7  6  4.2687353176e+00  0.0 
111006 16qam  15  1.4329776614e-02  7.2415331861e-01  7  6  4.2687353176e+00  0.0 
111007 64qam  15  1.4329776614e-02  7.2415331861e-01  7  6  4.2687353176e+00  0.0 
111008 256qam  15  1.4329776614e-02  7.2415331861e-01  7  6  4.2687353176e+00  0.0 
111009 bpsk  2  1.0401929976e-02  2.9419121326e-01  8  7  3.8235706875e+00  0.0 
111010 qpsk  2  1.0401929976e-02  2.9419121326e-01  8  7  3.8235706875e+00  0.0 
111011 8psk  2  1.0401929976e-02  2.9419121326e-01  8  7  3.8235706875e+00  0.0 
111012 dqpsk  2  1.0401929976e-02  2.9419121326e-01  8  7  3.8235706875e+00  0.0 
111013 msk  2  1.0401929976e-02  2.9419121326e-01  8  7  3.8235706875e+00  0.0 
111014 16qam  2  1.0401929976e-02  2.9419121326e-01  8  7  3.8235706875e+00  0.0 
111015 64qam  2  1.0401929976e-02  2.9419121326e-01  8  7  3.8235706875e+00  0.0 
111016 256qam  2  1.0401929976e-02  2.9419121326e-01  8  7  3.8235706875e+00  0.0 
111017 bpsk  17  1.5094032588e-02  2.7252118665e-01  7  6  3.3721697207e+00  0.0 
111018 qpsk  17  1.5094032588e-02  2.7252118665e-01  7  6  3.3721697207e+00  0.0 
111019 8psk  17  1.5094032588e-02  2.7252118665e-01  7  6  3.3721697207e+00  0.0 
111020 dqpsk  17  1.5094032588e-02  2.7252118665e-01  7  6  3.3721697207e+00  0.0 
111021 msk  17  1.5094032588e-02  2.7252118665e-01  7  6  3.3721697207e+00  0.0 
111022 16qam  17  1.5094032588e-02  2.7252118665e-01  7  6  3.3721697207e+00  0.0 
111023 64qam  17  1.5094032588e-02  2.7252118665e-01  7  6  3.3721697207e+00  0.0 
111024 256qam  17  1.5094032588e-02  2.7252118665e-01  7  6  3.3721697207e+00  0.0 
111025 bpsk  9  1.8157646433e-02  2.9804061143e-01  5  4  5.5071392541e+00  0.0 
111026 qpsk  9  1.8157646433e-02  2.9804061143e-01  5  4  5.5071392541e+00  0.0 
111027 8psk  9  1.8157646433e-02  2.9804061143e-01  5  4  5.5071392541e+00  0.0 
111028 dqpsk  9  1.8157646433e-02  2.9804061143e-01  5  4  5.5071392541e+00  0.0 
111029 msk  9  1.8157646433e-02  2.9804061143e-01  5  4  5.5071392541e+00  0.0 
111030 16qam  9  1.8157646433e-02  2.9804061143e-01  5  4  5.5071392541e+00  0.0 
111031 64qam  9  1.8157646433e-02  2.9804061143e-01  5  4  5.5071392541e+00  0.0 
111032 256qam  9  1.8157646433e-02  2.9804061143e-01  5  4  5.5071392541e+00  0.0 
111033 bpsk  19  1.1784677280e-02  6.6197083861e-01  1  1  4.2420960025e+00  0.0 
111034 qpsk  19  1.1784677280e-02  6.6197083861e-01  1  1  4.2420960025e+00  0.0 
111035 8psk  19  1.1784677280e-02  6.6197083861e-01  1  1  4.2420960025e+00  0.0 
111036 dqpsk  19  1.1784677280e-02  6.6197083861e-01  1  1  4.2420960025e+00  0.0 
111037 msk  19  1.1784677280e-02  6.6197083861e-01  1  1  4.2420960025e+00  0.0 
111038 16qam  19  1.1784677280e-02  6.6197083861e-01  1  1  4.2420960025e+00  0.0 
111039 64qam  19  1.1784677280e-02  6.6197083861e-01  1  1  4.2420960025e+00  0.0 
111040 256qam  19  1.1784677280e-02  6.6197083861e-01  1  1  4.2420960025e+00  0.0 
111041 bpsk  4  1.7447831478e-02  3.8394736406e-01  5  4  2.3938938307e+00  0.0 
111042 qpsk  4  1.7447831478e-02  3.8394736406e-01  5  4  2.3938938307e+00  0.0 
111043 8psk  4  1.7447831478e-02  3.8394736406e-01  5  4  2.3938938307e+00  0.0 
111044 dqpsk  4  1.7447831478e-02  3.8394736406e-01  5  4  2.3938938307e+00  0.0 
111045 msk  4  1.7447831478e-02  3.8394736406e-01  5  4  2.3938938307e+00  0.0 
111046 16qam  4  1.7447831478e-02  3.8394736406e-01  5  4  2.3938938307e+00  0.0 
111047 64qam  4  1.7447831478e-02  3.8394736406e-01  5  4  2.3938938307e+00  0.0 
111048 256qam  4  1.7447831478e-02  3.8394736406e-01  5  4  2.3938938307e+00  0.0 
111049 bpsk  10  1.2058889800e-02  2.3755052180e-01  7  6  2.2066230869e+00  0.0 
111050 qpsk  10  1.2058889800e-02  2.3755052180e-01  7  6  2.2066230869e+00  0.0 
111051 8psk  10  1.2058889800e-02  2.3755052180e-01  7  6  2.2066230869e+00  0.0 
111052 dqpsk  10  1.2058889800e-02  2.3755052180e-01  7  6  2.2066230869e+00  0.0 
111053 msk  10  1.2058889800e-02  2.3755052180e-01  7  6  2.2066230869e+00  0.0 
111054 16qam  10  1.2058889800e-02  2.3755052180e-01  7  6  2.2066230869e+00  0.0 
111055 64qam  10  1.2058889800e-02  2.3755052180e-01  7  6  2.2066230869e+00  0.0 
111056 256qam  10  1.2058889800e-02  2.3755052180e-01  7  6  2.2066230869e+00  0.0 
111057 bpsk  7  1.7008380361e-02  9.2398202272e-01  8  7  2.1473301479e+00  0.0 
111058 qpsk  7  1.7008380361e-02  9.2398202272e-01  8  7  2.1473301479e+00  0.0 
111059 8psk  7  1.7008380361e-02  9.2398202272e-01  8  7  2.1473301479e+00  0.0 
111060 dqpsk  7  1.7008380361e-02  9.2398202272e-01  8  7  2.1473301479e+00  0.0 
111061 msk  7  1.7008380361e-02  9.2398202272e-01  8  7  2.1473301479e+00  0.0 
111062 16qam  7  1.7008380361e-02  9.2398202272e-01  8  7  2.1473301479e+00  0.0 
111063 64qam  7  1.7008380361e-02  9.2398202272e-01  8  7  2.1473301479e+00  0.0 
111064 256qam  7  1.7008380361e-02  9.2398202272e-01  8  7  2.1473301479e+00  0.0 
111065 bpsk  14  1.0904607223e-02  8.4532985423e-01  1  1  5.0130819011e-01  0.0 
111066 qpsk  14  1.0904607223e-02  8.4532985423e-01  1  1  5.0130819011e-01  0.0 
111067 8psk  14  1.0904607223e-02  8.4532985423e-01  1  1  5.0130819011e-01  0.0 
111068 dqpsk  14  1.0904607223e-02  8.4532985423e-01  1  1  5.0130819011e-01  0.0 
111069 msk  14  1.0904607223e-02  8.4532985423e-01  1  1  5.0130819011e-01  0.0 
111070 16qam  14  1.0904607223e-02  8.4532985423e-01  1  1  5.0130819011e-01  0.0 
111071 64qam  14  1.0904607223e-02  8.4532985423e-01  1  1  5.0130819011e-01  0.0 
111072 256qam  14  1.0904607223e-02  8.4532985423e-01  1  1  5.0130819011e-01  0.0 
111073 bpsk  19  1.5254842248e-02  6.2199442115e-01  1  1  3.9908651711e+00  0.0 
111074 qpsk  19  1.5254842248e-02  6.2199442115e-01  1  1  3.9908651711e+00  0.0 
111075 8psk  19  1.5254842248e-02  6.2199442115e-01  1  1  3.9908651711e+00  0.0 
111076 dqpsk  19  1.5254842248e-02  6.2199442115e-01  1  1  3.9908651711e+00  0.0 
111077 msk  19  1.5254842248e-02  6.2199442115e-01  1  1  3.9908651711e+00  0.0 
111078 16qam  19  1.5254842248e-02  6.2199442115e-01  1  1  3.9908651711e+00  0.0 
111079 64qam  19  1.5254842248e-02  6.2199442115e-01  1  1  3.9908651711e+00  0.0 
111080 256qam  19  1.5254842248e-02  6.2199442115e-01  1  1  3.9908651711e+00  0.0 
111081 bpsk  14  1.3169567607e-02  7.9584447760e-01  10  9  5.7658473026e+00  0.0 
111082 qpsk  14  1.3169567607e-02  7.9584447760e-01  10  9  5.7658473026e+00  0.0 
111083 8psk  14  1.3169567607e-02  7.9584447760e-01  10  9  5.7658473026e+00  0.0 
111084 dqpsk  14  1.3169567607e-02  7.9584447760e-01  10  9  5.7658473026e+00  0.0 
111085 msk  14  1.3169567607e-02  7.9584447760e-01  10  9  5.7658473026e+00  0.0 
111086 16qam  14  1.3169567607e-02  7.9584447760e-01  10  9  5.7658473026e+00  0.0 
111087 64qam  14  1.3169567607e-02  7.9584447760e-01  10  9  5.7658473026e+00  0.0 
111088 256qam  14  1.3169567607e-02  7.9584447760e-01  10  9  5.7658473026e+00  0.0 
111089 bpsk  14  1.9482510819e-02  1.8977694023e-01  6  5  4.9387360004e+00  0.0 
111090 qpsk  14  1.9482510819e-02  1.8977694023e-01  6  5  4.9387360004e+00  0.0 
111091 8psk  14  1.9482510819e-02  1.8977694023e-01  6  5  4.9387360004e+00  0.0 
111092 dqpsk  14  1.9482510819e-02  1.8977694023e-01  6  5  4.9387360004e+00  0.0 
111093 msk  14  1.9482510819e-02  1.8977694023e-01  6  5  4.9387360004e+00  0.0 
111094 16qam  14  1.9482510819e-02  1.8977694023e-01  6  5  4.9387360004e+00  0.0 
111095 64qam  14  1.9482510819e-02  1.8977694023e-01  6  5  4.9387360004e+00  0.0 
111096 256qam  14  1.9482510819e-02  1.8977694023e-01  6  5  4.9387360004e+00  0.0 
111097 bpsk  3  1.2637568704e-02  5.0463013810e-01  5  4  3.7125931751e+00  0.0 
111098 qpsk  3  1.2637568704e-02  5.0463013810e-01  5  4  3.7125931751e+00  0.0 
111099 8psk  3  1.2637568704e-02  5.0463013810e-01  5  4  3.7125931751e+00  0.0 
111100 dqpsk  3  1.2637568704e-02  5.0463013810e-01  5  4  3.7125931751e+00  0.0 
111101 msk  3  1.2637568704e-02  5.0463013810e-01  5  4  3.7125931751e+00  0.0 
111102 16qam  3  1.2637568704e-02  5.0463013810e-01  5  4  3.7125931751e+00  0.0 
111103 64qam  3  1.2637568704e-02  5.0463013810e-01  5  4  3.7125931751e+00  0.0 
111104 256qam  3  1.2637568704e-02  5.0463013810e-01  5  4  3.7125931751e+00  0.0 
111105 bpsk  6  1.4719681541e-02  6.6695820623e-01  4  3  2.6917556071e+00  0.0 
111106 qpsk  6  1.4719681541e-02  6.6695820623e-01  4  3  2.6917556071e+00  0.0 
111107 8psk  6  1.4719681541e-02  6.6695820623e-01  4  3  2.6917556071e+00  0.0 
111108 dqpsk  6  1.4719681541e-02  6.6695820623e-01  4  3  2.6917556071e+00  0.0 
111109 msk  6  1.4719681541e-02  6.6695820623e-01  4  3  2.6917556071e+00  0.0 
111110 16qam  6  1.4719681541e-02  6.6695820623e-01  4  3  2.6917556071e+00  0.0 
111111 64qam  6  1.4719681541e-02  6.6695820623e-01  4  3  2.6917556071e+00  0.0 
111112 256qam  6  1.4719681541e-02  6.6695820623e-01  4  3  2.6917556071e+00  0.0 
111113 bpsk  16  1.9754123879e-02  2.5014350170e-01  7  6  4.4381767482e-01  0.0 
111114 qpsk  16  1.9754123879e-02  2.5014350170e-01  7  6  4.4381767482e-01  0.0 
111115 8psk  16  1.9754123879e-02  2.5014350170e-01  7  6  4.4381767482e-01  0.0 
111116 dqpsk  16  1.9754123879e-02  2.5014350170e-01  7  6  4.4381767482e-01  0.0 
111117 msk  16  1.9754123879e-02  2.5014350170e-01  7  6  4.4381767482e-01  0.0 
111118 16qam  16  1.9754123879e-02  2.5014350170e-01  7  6  4.4381767482e-01  0.0 
111119 64qam  16  1.9754123879e-02  2.5014350170e-01  7  6  4.4381767482e-01  0.0 
111120 256qam  16  1.9754123879e-02  2.5014350170e-01  7  6  4.4381767482e-01  0.0 
111121 bpsk  11  1.6956889312e-02  3.7413849816e-01  10  9  2.3311239295e+00  0.0 
111122 qpsk  11  1.6956889312e-02  3.7413849816e-01  10  9  2.3311239295e+00  0.0 
111123 8psk  11  1.6956889312e-02  3.7413849816e-01  10  9  2.3311239295e+00  0.0 
111124 dqpsk  11  1.6956889312e-02  3.7413849816e-01  10  9  2.3311239295e+00  0.0 
111125 msk  11  1.6956889312e-02  3.7413849816e-01  10  9  2.3311239295e+00  0.0 
111126 16qam  11  1.6956889312e-02  3.7413849816e-01  10  9  2.3311239295e+00  0.0 
111127 64qam  11  1.6956889312e-02  3.7413849816e-01  10  9  2.3311239295e+00  0.0 
111128 256qam  11  1.6956889312e-02  3.7413849816e-01  10  9  2.3311239295e+00  0.0 
111129 bpsk  3  1.8620943682e-02  4.0146800907e-01  5  4  8.0956088844e-01  0.0 
111130 qpsk  3  1.8620943682e-02  4.0146800907e-01  5  4  8.0956088844e-01  0.0 
111131 8psk  3  1.8620943682e-02  4.0146800907e-01  5  4  8.0956088844e-01  0.0 
111132 dqpsk  3  1.8620943682e-02  4.0146800907e-01  5  4  8.0956088844e-01  0.0 
111133 msk  3  1.8620943682e-02  4.0146800907e-01  5  4  8.0956088844e-01  0.0 
111134 16qam  3  1.8620943682e-02  4.0146800907e-01  5  4  8.0956088844e-01  0.0 
111135 64qam  3  1.8620943682e-02  4.0146800907e-01  5  4  8.0956088844e-01  0.0 
111136 256qam  3  1.8620943682e-02  4.0146800907e-01  5  4  8.0956088844e-01  0.0 
111137 bpsk  11  1.8330396384e-02  6.7458961692e-01  7  6  3.9067687644e+00  0.0 
111138 qpsk  11  1.8330396384e-02  6.7458961692e-01  7  6  3.9067687644e+00  0.0 
111139 8psk  11  1.8330396384e-02  6.7458961692e-01  7  6  3.9067687644e+00  0.0 
111140 dqpsk  11  1.8330396384e-02  6.7458961692e-01  7  6  3.9067687644e+00  0.0 
111141 msk  11  1.8330396384e-02  6.7458961692e-01  7  6  3.9067687644e+00  0.0 
111142 16qam  11  1.8330396384e-02  6.7458961692e-01  7  6  3.9067687644e+00  0.0 
111143 64qam  11  1.8330396384e-02  6.7458961692e-01  7  6  3.9067687644e+00  0.0 
111144 256qam  11  1.8330396384e-02  6.7458961692e-01  7  6  3.9067687644e+00  0.0 
111145 bpsk  17  9.9999995099e-03  9.7614865499e-01  6  5  3.1736963614e+00  0.0 
111146 qpsk  17  9.9999995099e-03  9.7614865499e-01  6  5  3.1736963614e+00  0.0 
111147 8psk  17  9.9999995099e-03  9.7614865499e-01  6  5  3.1736963614e+00  0.0 
111148 dqpsk  17  9.9999995099e-03  9.7614865499e-01  6  5  3.1736963614e+00  0.0 
111149 msk  17  9.9999995099e-03  9.7614865499e-01  6  5  3.1736963614e+00  0.0 
111150 16qam  17  9.9999995099e-03  9.7614865499e-01  6  5  3.1736963614e+00  0.0 
111151 64qam  17  9.9999995099e-03  9.7614865499e-01  6  5  3.1736963614e+00  0.0 
111152 256qam  17  9.9999995099e-03  9.7614865499e-01  6  5  3.1736963614e+00  0.0 
111153 bpsk  10  1.6205780447e-02  5.8590993181e-01  7  6  2.0058632974e+00  0.0 
111154 qpsk  10  1.6205780447e-02  5.8590993181e-01  7  6  2.0058632974e+00  0.0 
111155 8psk  10  1.6205780447e-02  5.8590993181e-01  7  6  2.0058632974e+00  0.0 
111156 dqpsk  10  1.6205780447e-02  5.8590993181e-01  7  6  2.0058632974e+00  0.0 
111157 msk  10  1.6205780447e-02  5.8590993181e-01  7  6  2.0058632974e+00  0.0 
111158 16qam  10  1.6205780447e-02  5.8590993181e-01  7  6  2.0058632974e+00  0.0 
111159 64qam  10  1.6205780447e-02  5.8590993181e-01  7  6  2.0058632974e+00  0.0 
111160 256qam  10  1.6205780447e-02  5.8590993181e-01  7  6  2.0058632974e+00  0.0 
111161 bpsk  13  1.1047171952e-02  6.7143032973e-01  1  1  1.5326701994e+00  0.0 
111162 qpsk  13  1.1047171952e-02  6.7143032973e-01  1  1  1.5326701994e+00  0.0 
111163 8psk  13  1.1047171952e-02  6.7143032973e-01  1  1  1.5326701994e+00  0.0 
111164 dqpsk  13  1.1047171952e-02  6.7143032973e-01  1  1  1.5326701994e+00  0.0 
111165 msk  13  1.1047171952e-02  6.7143032973e-01  1  1  1.5326701994e+00  0.0 
111166 16qam  13  1.1047171952e-02  6.7143032973e-01  1  1  1.5326701994e+00  0.0 
111167 64qam  13  1.1047171952e-02  6.7143032973e-01  1  1  1.5326701994e+00  0.0 
111168 256qam  13  1.1047171952e-02  6.7143032973e-01  1  1  1.5326701994e+00  0.0 
111169 bpsk  10  1.0044825897e-02  6.8725937187e-01  6  5  1.0929417178e-01  0.0 
111170 qpsk  10  1.0044825897e-02  6.8725937187e-01  6  5  1.0929417178e-01  0.0 
111171 8psk  10  1.0044825897e-02  6.8725937187e-01  6  5  1.0929417178e-01  0.0 
111172 dqpsk  10  1.0044825897e-02  6.8725937187e-01  6  5  1.0929417178e-01  0.0 
111173 msk  10  1.0044825897e-02  6.8725937187e-01  6  5  1.0929417178e-01  0.0 
111174 16qam  10  1.0044825897e-02  6.8725937187e-01  6  5  1.0929417178e-01  0.0 
111175 64qam  10  1.0044825897e-02  6.8725937187e-01  6  5  1.0929417178e-01  0.0 
111176 256qam  10  1.0044825897e-02  6.8725937187e-01  6  5  1.0929417178e-01  0.0 
111177 bpsk  2  1.0469552184e-02  8.6354620134e-01  8  7  2.7583333245e+00  0.0 
111178 qpsk  2  1.0469552184e-02  8.6354620134e-01  8  7  2.7583333245e+00  0.0 
111179 8psk  2  1.0469552184e-02  8.6354620134e-01  8  7  2.7583333245e+00  0.0 
111180 dqpsk  2  1.0469552184e-02  8.6354620134e-01  8  7  2.7583333245e+00  0.0 
111181 msk  2  1.0469552184e-02  8.6354620134e-01  8  7  2.7583333245e+00  0.0 
111182 16qam  2  1.0469552184e-02  8.6354620134e-01  8  7  2.7583333245e+00  0.0 
111183 64qam  2  1.0469552184e-02  8.6354620134e-01  8  7  2.7583333245e+00  0.0 
111184 256qam  2  1.0469552184e-02  8.6354620134e-01  8  7  2.7583333245e+00  0.0 
111185 bpsk  12  1.4689144060e-02  2.4253868974e-01  6  5  3.7512038524e+00  0.0 
111186 qpsk  12  1.4689144060e-02  2.4253868974e-01  6  5  3.7512038524e+00  0.0 
111187 8psk  12  1.4689144060e-02  2.4253868974e-01  6  5  3.7512038524e+00  0.0 
111188 dqpsk  12  1.4689144060e-02  2.4253868974e-01  6  5  3.7512038524e+00  0.0 
111189 msk  12  1.4689144060e-02  2.4253868974e-01  6  5  3.7512038524e+00  0.0 
111190 16qam  12  1.4689144060e-02  2.4253868974e-01  6  5  3.7512038524e+00  0.0 
111191 64qam  12  1.4689144060e-02  2.4253868974e-01  6  5  3.7512038524e+00  0.0 
111192 256qam  12  1.4689144060e-02  2.4253868974e-01  6  5  3.7512038524e+00  0.0 
111193 bpsk  14  1.0497723203e-02  1.8239447329e-01  1  1  4.2477006863e+00  0.0 
111194 qpsk  14  1.0497723203e-02  1.8239447329e-01  1  1  4.2477006863e+00  0.0 
111195 8psk  14  1.0497723203e-02  1.8239447329e-01  1  1  4.2477006863e+00  0.0 
111196 dqpsk  14  1.0497723203e-02  1.8239447329e-01  1  1  4.2477006863e+00  0.0 
111197 msk  14  1.0497723203e-02  1.8239447329e-01  1  1  4.2477006863e+00  0.0 
111198 16qam  14  1.0497723203e-02  1.8239447329e-01  1  1  4.2477006863e+00  0.0 
111199 64qam  14  1.0497723203e-02  1.8239447329e-01  1  1  4.2477006863e+00  0.0 
111200 256qam  14  1.0497723203e-02  1.8239447329e-01  1  1  4.2477006863e+00  0.0 
111201 bpsk  9  1.9963350639e-02  6.2305409777e-01  1  1  1.1546211110e+00  0.0 
111202 qpsk  9  1.9963350639e-02  6.2305409777e-01  1  1  1.1546211110e+00  0.0 
111203 8psk  9  1.9963350639e-02  6.2305409777e-01  1  1  1.1546211110e+00  0.0 
111204 dqpsk  9  1.9963350639e-02  6.2305409777e-01  1  1  1.1546211110e+00  0.0 
111205 msk  9  1.9963350639e-02  6.2305409777e-01  1  1  1.1546211110e+00  0.0 
111206 16qam  9  1.9963350639e-02  6.2305409777e-01  1  1  1.1546211110e+00  0.0 
111207 64qam  9  1.9963350639e-02  6.2305409777e-01  1  1  1.1546211110e+00  0.0 
111208 256qam  9  1.9963350639e-02  6.2305409777e-01  1  1  1.1546211110e+00  0.0 
111209 bpsk  6  1.3440639623e-02  3.7204940617e-01  10  9  3.3445563726e-01  0.0 
111210 qpsk  6  1.3440639623e-02  3.7204940617e-01  10  9  3.3445563726e-01  0.0 
111211 8psk  6  1.3440639623e-02  3.7204940617e-01  10  9  3.3445563726e-01  0.0 
111212 dqpsk  6  1.3440639623e-02  3.7204940617e-01  10  9  3.3445563726e-01  0.0 
111213 msk  6  1.3440639623e-02  3.7204940617e-01  10  9  3.3445563726e-01  0.0 
111214 16qam  6  1.3440639623e-02  3.7204940617e-01  10  9  3.3445563726e-01  0.0 
111215 64qam  6  1.3440639623e-02  3.7204940617e-01  10  9  3.3445563726e-01  0.0 
111216 256qam  6  1.3440639623e-02  3.7204940617e-01  10  9  3.3445563726e-01  0.0 
111217 bpsk  14  1.7318329828e-02  5.0683840712e-01  7  6  1.7106568267e+00  0.0 
111218 qpsk  14  1.7318329828e-02  5.0683840712e-01  7  6  1.7106568267e+00  0.0 
111219 8psk  14  1.7318329828e-02  5.0683840712e-01  7  6  1.7106568267e+00  0.0 
111220 dqpsk  14  1.7318329828e-02  5.0683840712e-01  7  6  1.7106568267e+00  0.0 
111221 msk  14  1.7318329828e-02  5.0683840712e-01  7  6  1.7106568267e+00  0.0 
111222 16qam  14  1.7318329828e-02  5.0683840712e-01  7  6  1.7106568267e+00  0.0 
111223 64qam  14  1.7318329828e-02  5.0683840712e-01  7  6  1.7106568267e+00  0.0 
111224 256qam  14  1.7318329828e-02  5.0683840712e-01  7  6  1.7106568267e+00  0.0 
111225 bpsk  17  1.0020441883e-02  4.2006482197e-01  7  6  2.9346954268e+00  0.0 
111226 qpsk  17  1.0020441883e-02  4.2006482197e-01  7  6  2.9346954268e+00  0.0 
111227 8psk  17  1.0020441883e-02  4.2006482197e-01  7  6  2.9346954268e+00  0.0 
111228 dqpsk  17  1.0020441883e-02  4.2006482197e-01  7  6  2.9346954268e+00  0.0 
111229 msk  17  1.0020441883e-02  4.2006482197e-01  7  6  2.9346954268e+00  0.0 
111230 16qam  17  1.0020441883e-02  4.2006482197e-01  7  6  2.9346954268e+00  0.0 
111231 64qam  17  1.0020441883e-02  4.2006482197e-01  7  6  2.9346954268e+00  0.0 
111232 256qam  17  1.0020441883e-02  4.2006482197e-01  7  6  2.9346954268e+00  0.0 
111233 bpsk  10  1.6119661296e-02  3.8235376081e-01  8  7  3.3085274538e+00  0.0 
111234 qpsk  10  1.6119661296e-02  3.8235376081e-01  8  7  3.3085274538e+00  0.0 
111235 8psk  10  1.6119661296e-02  3.8235376081e-01  8  7  3.3085274538e+00  0.0 
111236 dqpsk  10  1.6119661296e-02  3.8235376081e-01  8  7  3.3085274538e+00  0.0 
111237 msk  10  1.6119661296e-02  3.8235376081e-01  8  7  3.3085274538e+00  0.0 
111238 16qam  10  1.6119661296e-02  3.8235376081e-01  8  7  3.3085274538e+00  0.0 
111239 64qam  10  1.6119661296e-02  3.8235376081e-01  8  7  3.3085274538e+00  0.0 
111240 256qam  10  1.6119661296e-02  3.8235376081e-01  8  7  3.3085274538e+00  0.0 
111241 bpsk  15  1.4423998396e-02  5.9807701508e-01  3  2  5.9699012485e+00  0.0 
111242 qpsk  15  1.4423998396e-02  5.9807701508e-01  3  2  5.9699012485e+00  0.0 
111243 8psk  15  1.4423998396e-02  5.9807701508e-01  3  2  5.9699012485e+00  0.0 
111244 dqpsk  15  1.4423998396e-02  5.9807701508e-01  3  2  5.9699012485e+00  0.0 
111245 msk  15  1.4423998396e-02  5.9807701508e-01  3  2  5.9699012485e+00  0.0 
111246 16qam  15  1.4423998396e-02  5.9807701508e-01  3  2  5.9699012485e+00  0.0 
111247 64qam  15  1.4423998396e-02  5.9807701508e-01  3  2  5.9699012485e+00  0.0 
111248 256qam  15  1.4423998396e-02  5.9807701508e-01  3  2  5.9699012485e+00  0.0 
111249 bpsk  5  1.7440164276e-02  2.3117438285e-01  4  3  6.5762246891e-01  0.0 
111250 qpsk  5  1.7440164276e-02  2.3117438285e-01  4  3  6.5762246891e-01  0.0 
111251 8psk  5  1.7440164276e-02  2.3117438285e-01  4  3  6.5762246891e-01  0.0 
111252 dqpsk  5  1.7440164276e-02  2.3117438285e-01  4  3  6.5762246891e-01  0.0 
111253 msk  5  1.7440164276e-02  2.3117438285e-01  4  3  6.5762246891e-01  0.0 
111254 16qam  5  1.7440164276e-02  2.3117438285e-01  4  3  6.5762246891e-01  0.0 
111255 64qam  5  1.7440164276e-02  2.3117438285e-01  4  3  6.5762246891e-01  0.0 
111256 256qam  5  1.7440164276e-02  2.3117438285e-01  4  3  6.5762246891e-01  0.0 
111257 bpsk  2  1.2438999565e-02  5.7561331361e-01  7  6  3.5110651751e-01  0.0 
111258 qpsk  2  1.2438999565e-02  5.7561331361e-01  7  6  3.5110651751e-01  0.0 
111259 8psk  2  1.2438999565e-02  5.7561331361e-01  7  6  3.5110651751e-01  0.0 
111260 dqpsk  2  1.2438999565e-02  5.7561331361e-01  7  6  3.5110651751e-01  0.0 
111261 msk  2  1.2438999565e-02  5.7561331361e-01  7  6  3.5110651751e-01  0.0 
111262 16qam  2  1.2438999565e-02  5.7561331361e-01  7  6  3.5110651751e-01  0.0 
111263 64qam  2  1.2438999565e-02  5.7561331361e-01  7  6  3.5110651751e-01  0.0 
111264 256qam  2  1.2438999565e-02  5.7561331361e-01  7  6  3.5110651751e-01  0.0 
111265 bpsk  8  1.5760719867e-02  9.3585741468e-01  3  2  4.1884163381e+00  0.0 
111266 qpsk  8  1.5760719867e-02  9.3585741468e-01  3  2  4.1884163381e+00  0.0 
111267 8psk  8  1.5760719867e-02  9.3585741468e-01  3  2  4.1884163381e+00  0.0 
111268 dqpsk  8  1.5760719867e-02  9.3585741468e-01  3  2  4.1884163381e+00  0.0 
111269 msk  8  1.5760719867e-02  9.3585741468e-01  3  2  4.1884163381e+00  0.0 
111270 16qam  8  1.5760719867e-02  9.3585741468e-01  3  2  4.1884163381e+00  0.0 
111271 64qam  8  1.5760719867e-02  9.3585741468e-01  3  2  4.1884163381e+00  0.0 
111272 256qam  8  1.5760719867e-02  9.3585741468e-01  3  2  4.1884163381e+00  0.0 
111273 bpsk  8  1.5615302388e-02  4.2131008189e-01  6  5  5.4293571097e+00  0.0 
111274 qpsk  8  1.5615302388e-02  4.2131008189e-01  6  5  5.4293571097e+00  0.0 
111275 8psk  8  1.5615302388e-02  4.2131008189e-01  6  5  5.4293571097e+00  0.0 
111276 dqpsk  8  1.5615302388e-02  4.2131008189e-01  6  5  5.4293571097e+00  0.0 
111277 msk  8  1.5615302388e-02  4.2131008189e-01  6  5  5.4293571097e+00  0.0 
111278 16qam  8  1.5615302388e-02  4.2131008189e-01  6  5  5.4293571097e+00  0.0 
111279 64qam  8  1.5615302388e-02  4.2131008189e-01  6  5  5.4293571097e+00  0.0 
111280 256qam  8  1.5615302388e-02  4.2131008189e-01  6  5  5.4293571097e+00  0.0 
111281 bpsk  13  1.7488380492e-02  4.8286805003e-01  10  9  3.4140694834e+00  0.0 
111282 qpsk  13  1.7488380492e-02  4.8286805003e-01  10  9  3.4140694834e+00  0.0 
111283 8psk  13  1.7488380492e-02  4.8286805003e-01  10  9  3.4140694834e+00  0.0 
111284 dqpsk  13  1.7488380492e-02  4.8286805003e-01  10  9  3.4140694834e+00  0.0 
111285 msk  13  1.7488380492e-02  4.8286805003e-01  10  9  3.4140694834e+00  0.0 
111286 16qam  13  1.7488380492e-02  4.8286805003e-01  10  9  3.4140694834e+00  0.0 
111287 64qam  13  1.7488380492e-02  4.8286805003e-01  10  9  3.4140694834e+00  0.0 
111288 256qam  13  1.7488380492e-02  4.8286805003e-01  10  9  3.4140694834e+00  0.0 
111289 bpsk  6  1.3574727117e-02  6.4349230636e-01  6  5  4.0050158047e+00  0.0 
111290 qpsk  6  1.3574727117e-02  6.4349230636e-01  6  5  4.0050158047e+00  0.0 
111291 8psk  6  1.3574727117e-02  6.4349230636e-01  6  5  4.0050158047e+00  0.0 
111292 dqpsk  6  1.3574727117e-02  6.4349230636e-01  6  5  4.0050158047e+00  0.0 
111293 msk  6  1.3574727117e-02  6.4349230636e-01  6  5  4.0050158047e+00  0.0 
111294 16qam  6  1.3574727117e-02  6.4349230636e-01  6  5  4.0050158047e+00  0.0 
111295 64qam  6  1.3574727117e-02  6.4349230636e-01  6  5  4.0050158047e+00  0.0 
111296 256qam  6  1.3574727117e-02  6.4349230636e-01  6  5  4.0050158047e+00  0.0 
111297 bpsk  4  1.8355176895e-02  5.4575554849e-01  4  3  2.2566109598e-01  0.0 
111298 qpsk  4  1.8355176895e-02  5.4575554849e-01  4  3  2.2566109598e-01  0.0 
111299 8psk  4  1.8355176895e-02  5.4575554849e-01  4  3  2.2566109598e-01  0.0 
111300 dqpsk  4  1.8355176895e-02  5.4575554849e-01  4  3  2.2566109598e-01  0.0 
111301 msk  4  1.8355176895e-02  5.4575554849e-01  4  3  2.2566109598e-01  0.0 
111302 16qam  4  1.8355176895e-02  5.4575554849e-01  4  3  2.2566109598e-01  0.0 
111303 64qam  4  1.8355176895e-02  5.4575554849e-01  4  3  2.2566109598e-01  0.0 
111304 256qam  4  1.8355176895e-02  5.4575554849e-01  4  3  2.2566109598e-01  0.0 
111305 bpsk  18  1.5267636595e-02  3.7064673957e-01  10  9  1.8274603393e+00  0.0 
111306 qpsk  18  1.5267636595e-02  3.7064673957e-01  10  9  1.8274603393e+00  0.0 
111307 8psk  18  1.5267636595e-02  3.7064673957e-01  10  9  1.8274603393e+00  0.0 
111308 dqpsk  18  1.5267636595e-02  3.7064673957e-01  10  9  1.8274603393e+00  0.0 
111309 msk  18  1.5267636595e-02  3.7064673957e-01  10  9  1.8274603393e+00  0.0 
111310 16qam  18  1.5267636595e-02  3.7064673957e-01  10  9  1.8274603393e+00  0.0 
111311 64qam  18  1.5267636595e-02  3.7064673957e-01  10  9  1.8274603393e+00  0.0 
111312 256qam  18  1.5267636595e-02  3.7064673957e-01  10  9  1.8274603393e+00  0.0 
111313 bpsk  10  1.6994462190e-02  9.4175201018e-01  9  8  4.9790791566e+00  0.0 
111314 qpsk  10  1.6994462190e-02  9.4175201018e-01  9  8  4.9790791566e+00  0.0 
111315 8psk  10  1.6994462190e-02  9.4175201018e-01  9  8  4.9790791566e+00  0.0 
111316 dqpsk  10  1.6994462190e-02  9.4175201018e-01  9  8  4.9790791566e+00  0.0 
111317 msk  10  1.6994462190e-02  9.4175201018e-01  9  8  4.9790791566e+00  0.0 
111318 16qam  10  1.6994462190e-02  9.4175201018e-01  9  8  4.9790791566e+00  0.0 
111319 64qam  10  1.6994462190e-02  9.4175201018e-01  9  8  4.9790791566e+00  0.0 
111320 256qam  10  1.6994462190e-02  9.4175201018e-01  9  8  4.9790791566e+00  0.0 
111321 bpsk  17  1.0773364930e-02  5.2199500868e-01  9  8  3.7031141836e+00  0.0 
111322 qpsk  17  1.0773364930e-02  5.2199500868e-01  9  8  3.7031141836e+00  0.0 
111323 8psk  17  1.0773364930e-02  5.2199500868e-01  9  8  3.7031141836e+00  0.0 
111324 dqpsk  17  1.0773364930e-02  5.2199500868e-01  9  8  3.7031141836e+00  0.0 
111325 msk  17  1.0773364930e-02  5.2199500868e-01  9  8  3.7031141836e+00  0.0 
111326 16qam  17  1.0773364930e-02  5.2199500868e-01  9  8  3.7031141836e+00  0.0 
111327 64qam  17  1.0773364930e-02  5.2199500868e-01  9  8  3.7031141836e+00  0.0 
111328 256qam  17  1.0773364930e-02  5.2199500868e-01  9  8  3.7031141836e+00  0.0 
111329 bpsk  2  1.8242948047e-02  6.6578381663e-01  7  6  0.0000000000e+00  0.0 
111330 qpsk  2  1.8242948047e-02  6.6578381663e-01  7  6  0.0000000000e+00  0.0 
111331 8psk  2  1.8242948047e-02  6.6578381663e-01  7  6  0.0000000000e+00  0.0 
111332 dqpsk  2  1.8242948047e-02  6.6578381663e-01  7  6  0.0000000000e+00  0.0 
111333 msk  2  1.8242948047e-02  6.6578381663e-01  7  6  0.0000000000e+00  0.0 
111334 16qam  2  1.8242948047e-02  6.6578381663e-01  7  6  0.0000000000e+00  0.0 
111335 64qam  2  1.8242948047e-02  6.6578381663e-01  7  6  0.0000000000e+00  0.0 
111336 256qam  2  1.8242948047e-02  6.6578381663e-01  7  6  0.0000000000e+00  0.0 
111337 bpsk  19  1.7815820626e-02  5.8286277206e-01  1  1  4.6549914406e+00  0.0 
111338 qpsk  19  1.7815820626e-02  5.8286277206e-01  1  1  4.6549914406e+00  0.0 
111339 8psk  19  1.7815820626e-02  5.8286277206e-01  1  1  4.6549914406e+00  0.0 
111340 dqpsk  19  1.7815820626e-02  5.8286277206e-01  1  1  4.6549914406e+00  0.0 
111341 msk  19  1.7815820626e-02  5.8286277206e-01  1  1  4.6549914406e+00  0.0 
111342 16qam  19  1.7815820626e-02  5.8286277206e-01  1  1  4.6549914406e+00  0.0 
111343 64qam  19  1.7815820626e-02  5.8286277206e-01  1  1  4.6549914406e+00  0.0 
111344 256qam  19  1.7815820626e-02  5.8286277206e-01  1  1  4.6549914406e+00  0.0 
111345 bpsk  18  1.9600507015e-02  3.3463156608e-01  5  4  1.6994176288e+00  0.0 
111346 qpsk  18  1.9600507015e-02  3.3463156608e-01  5  4  1.6994176288e+00  0.0 
111347 8psk  18  1.9600507015e-02  3.3463156608e-01  5  4  1.6994176288e+00  0.0 
111348 dqpsk  18  1.9600507015e-02  3.3463156608e-01  5  4  1.6994176288e+00  0.0 
111349 msk  18  1.9600507015e-02  3.3463156608e-01  5  4  1.6994176288e+00  0.0 
111350 16qam  18  1.9600507015e-02  3.3463156608e-01  5  4  1.6994176288e+00  0.0 
111351 64qam  18  1.9600507015e-02  3.3463156608e-01  5  4  1.6994176288e+00  0.0 
111352 256qam  18  1.9600507015e-02  3.3463156608e-01  5  4  1.6994176288e+00  0.0 
111353 bpsk  12  1.0806980799e-02  4.6689496147e-01  6  5  4.3917404333e+00  0.0 
111354 qpsk  12  1.0806980799e-02  4.6689496147e-01  6  5  4.3917404333e+00  0.0 
111355 8psk  12  1.0806980799e-02  4.6689496147e-01  6  5  4.3917404333e+00  0.0 
111356 dqpsk  12  1.0806980799e-02  4.6689496147e-01  6  5  4.3917404333e+00  0.0 
111357 msk  12  1.0806980799e-02  4.6689496147e-01  6  5  4.3917404333e+00  0.0 
111358 16qam  12  1.0806980799e-02  4.6689496147e-01  6  5  4.3917404333e+00  0.0 
111359 64qam  12  1.0806980799e-02  4.6689496147e-01  6  5  4.3917404333e+00  0.0 
111360 256qam  12  1.0806980799e-02  4.6689496147e-01  6  5  4.3917404333e+00  0.0 
111361 bpsk  15  1.7309662048e-02  1.3347816542e-01  1  1  3.7683985456e+00  0.0 
111362 qpsk  15  1.7309662048e-02  1.3347816542e-01  1  1  3.7683985456e+00  0.0 
111363 8psk  15  1.7309662048e-02  1.3347816542e-01  1  1  3.7683985456e+00  0.0 
111364 dqpsk  15  1.7309662048e-02  1.3347816542e-01  1  1  3.7683985456e+00  0.0 
111365 msk  15  1.7309662048e-02  1.3347816542e-01  1  1  3.7683985456e+00  0.0 
111366 16qam  15  1.7309662048e-02  1.3347816542e-01  1  1  3.7683985456e+00  0.0 
111367 64qam  15  1.7309662048e-02  1.3347816542e-01  1  1  3.7683985456e+00  0.0 
111368 256qam  15  1.7309662048e-02  1.3347816542e-01  1  1  3.7683985456e+00  0.0 
111369 bpsk  8  1.8470086610e-02  1.6240936695e-01  3  2  1.7200087360e+00  0.0 
111370 qpsk  8  1.8470086610e-02  1.6240936695e-01  3  2  1.7200087360e+00  0.0 
111371 8psk  8  1.8470086610e-02  1.6240936695e-01  3  2  1.7200087360e+00  0.0 
111372 dqpsk  8  1.8470086610e-02  1.6240936695e-01  3  2  1.7200087360e+00  0.0 
111373 msk  8  1.8470086610e-02  1.6240936695e-01  3  2  1.7200087360e+00  0.0 
111374 16qam  8  1.8470086610e-02  1.6240936695e-01  3  2  1.7200087360e+00  0.0 
111375 64qam  8  1.8470086610e-02  1.6240936695e-01  3  2  1.7200087360e+00  0.0 
111376 256qam  8  1.8470086610e-02  1.6240936695e-01  3  2  1.7200087360e+00  0.0 
111377 bpsk  15  1.0000000237e-02  8.1309700087e-01  3  2  1.2884860975e+00  0.0 
111378 qpsk  15  1.0000000237e-02  8.1309700087e-01  3  2  1.2884860975e+00  0.0 
111379 8psk  15  1.0000000237e-02  8.1309700087e-01  3  2  1.2884860975e+00  0.0 
111380 dqpsk  15  1.0000000237e-02  8.1309700087e-01  3  2  1.2884860975e+00  0.0 
111381 msk  15  1.0000000237e-02  8.1309700087e-01  3  2  1.2884860975e+00  0.0 
111382 16qam  15  1.0000000237e-02  8.1309700087e-01  3  2  1.2884860975e+00  0.0 
111383 64qam  15  1.0000000237e-02  8.1309700087e-01  3  2  1.2884860975e+00  0.0 
111384 256qam  15  1.0000000237e-02  8.1309700087e-01  3  2  1.2884860975e+00  0.0 
111385 bpsk  7  1.6466537435e-02  8.8792324182e-01  1  1  7.6468616456e-01  0.0 
111386 qpsk  7  1.6466537435e-02  8.8792324182e-01  1  1  7.6468616456e-01  0.0 
111387 8psk  7  1.6466537435e-02  8.8792324182e-01  1  1  7.6468616456e-01  0.0 
111388 dqpsk  7  1.6466537435e-02  8.8792324182e-01  1  1  7.6468616456e-01  0.0 
111389 msk  7  1.6466537435e-02  8.8792324182e-01  1  1  7.6468616456e-01  0.0 
111390 16qam  7  1.6466537435e-02  8.8792324182e-01  1  1  7.6468616456e-01  0.0 
111391 64qam  7  1.6466537435e-02  8.8792324182e-01  1  1  7.6468616456e-01  0.0 
111392 256qam  7  1.6466537435e-02  8.8792324182e-01  1  1  7.6468616456e-01  0.0 
111393 bpsk  14  1.5223173538e-02  5.5566942584e-01  8  7  2.0959239321e+00  0.0 
111394 qpsk  14  1.5223173538e-02  5.5566942584e-01  8  7  2.0959239321e+00  0.0 
111395 8psk  14  1.5223173538e-02  5.5566942584e-01  8  7  2.0959239321e+00  0.0 
111396 dqpsk  14  1.5223173538e-02  5.5566942584e-01  8  7  2.0959239321e+00  0.0 
111397 msk  14  1.5223173538e-02  5.5566942584e-01  8  7  2.0959239321e+00  0.0 
111398 16qam  14  1.5223173538e-02  5.5566942584e-01  8  7  2.0959239321e+00  0.0 
111399 64qam  14  1.5223173538e-02  5.5566942584e-01  8  7  2.0959239321e+00  0.0 
111400 256qam  14  1.5223173538e-02  5.5566942584e-01  8  7  2.0959239321e+00  0.0 
111401 bpsk  3  1.3576156534e-02  4.5257735866e-01  1  1  1.7958862902e+00  0.0 
111402 qpsk  3  1.3576156534e-02  4.5257735866e-01  1  1  1.7958862902e+00  0.0 
111403 8psk  3  1.3576156534e-02  4.5257735866e-01  1  1  1.7958862902e+00  0.0 
111404 dqpsk  3  1.3576156534e-02  4.5257735866e-01  1  1  1.7958862902e+00  0.0 
111405 msk  3  1.3576156534e-02  4.5257735866e-01  1  1  1.7958862902e+00  0.0 
111406 16qam  3  1.3576156534e-02  4.5257735866e-01  1  1  1.7958862902e+00  0.0 
111407 64qam  3  1.3576156534e-02  4.5257735866e-01  1  1  1.7958862902e+00  0.0 
111408 256qam  3  1.3576156534e-02  4.5257735866e-01  1  1  1.7958862902e+00  0.0 
111409 bpsk  9  1.8620801452e-02  6.4868235274e-01  5  4  3.4771219211e+00  0.0 
111410 qpsk  9  1.8620801452e-02  6.4868235274e-01  5  4  3.4771219211e+00  0.0 
111411 8psk  9  1.8620801452e-02  6.4868235274e-01  5  4  3.4771219211e+00  0.0 
111412 dqpsk  9  1.8620801452e-02  6.4868235274e-01  5  4  3.4771219211e+00  0.0 
111413 msk  9  1.8620801452e-02  6.4868235274e-01  5  4  3.4771219211e+00  0.0 
111414 16qam  9  1.8620801452e-02  6.4868235274e-01  5  4  3.4771219211e+00  0.0 
111415 64qam  9  1.8620801452e-02  6.4868235274e-01  5  4  3.4771219211e+00  0.0 
111416 256qam  9  1.8620801452e-02  6.4868235274e-01  5  4  3.4771219211e+00  0.0 
111417 bpsk  15  1.6896661448e-02  9.0725809788e-01  1  1  3.3665602381e-01  0.0 
111418 qpsk  15  1.6896661448e-02  9.0725809788e-01  1  1  3.3665602381e-01  0.0 
111419 8psk  15  1.6896661448e-02  9.0725809788e-01  1  1  3.3665602381e-01  0.0 
111420 dqpsk  15  1.6896661448e-02  9.0725809788e-01  1  1  3.3665602381e-01  0.0 
111421 msk  15  1.6896661448e-02  9.0725809788e-01  1  1  3.3665602381e-01  0.0 
111422 16qam  15  1.6896661448e-02  9.0725809788e-01  1  1  3.3665602381e-01  0.0 
111423 64qam  15  1.6896661448e-02  9.0725809788e-01  1  1  3.3665602381e-01  0.0 
111424 256qam  15  1.6896661448e-02  9.0725809788e-01  1  1  3.3665602381e-01  0.0 
111425 bpsk  6  1.3612369165e-02  3.6021267662e-01  5  4  4.3134556693e+00  0.0 
111426 qpsk  6  1.3612369165e-02  3.6021267662e-01  5  4  4.3134556693e+00  0.0 
111427 8psk  6  1.3612369165e-02  3.6021267662e-01  5  4  4.3134556693e+00  0.0 
111428 dqpsk  6  1.3612369165e-02  3.6021267662e-01  5  4  4.3134556693e+00  0.0 
111429 msk  6  1.3612369165e-02  3.6021267662e-01  5  4  4.3134556693e+00  0.0 
111430 16qam  6  1.3612369165e-02  3.6021267662e-01  5  4  4.3134556693e+00  0.0 
111431 64qam  6  1.3612369165e-02  3.6021267662e-01  5  4  4.3134556693e+00  0.0 
111432 256qam  6  1.3612369165e-02  3.6021267662e-01  5  4  4.3134556693e+00  0.0 
111433 bpsk  6  1.0003513908e-02  3.1645965126e-01  1  1  2.5623113051e+00  0.0 
111434 qpsk  6  1.0003513908e-02  3.1645965126e-01  1  1  2.5623113051e+00  0.0 
111435 8psk  6  1.0003513908e-02  3.1645965126e-01  1  1  2.5623113051e+00  0.0 
111436 dqpsk  6  1.0003513908e-02  3.1645965126e-01  1  1  2.5623113051e+00  0.0 
111437 msk  6  1.0003513908e-02  3.1645965126e-01  1  1  2.5623113051e+00  0.0 
111438 16qam  6  1.0003513908e-02  3.1645965126e-01  1  1  2.5623113051e+00  0.0 
111439 64qam  6  1.0003513908e-02  3.1645965126e-01  1  1  2.5623113051e+00  0.0 
111440 256qam  6  1.0003513908e-02  3.1645965126e-01  1  1  2.5623113051e+00  0.0 
111441 bpsk  9  1.9905101298e-02  6.3239269696e-01  8  7  9.9466126604e-01  0.0 
111442 qpsk  9  1.9905101298e-02  6.3239269696e-01  8  7  9.9466126604e-01  0.0 
111443 8psk  9  1.9905101298e-02  6.3239269696e-01  8  7  9.9466126604e-01  0.0 
111444 dqpsk  9  1.9905101298e-02  6.3239269696e-01  8  7  9.9466126604e-01  0.0 
111445 msk  9  1.9905101298e-02  6.3239269696e-01  8  7  9.9466126604e-01  0.0 
111446 16qam  9  1.9905101298e-02  6.3239269696e-01  8  7  9.9466126604e-01  0.0 
111447 64qam  9  1.9905101298e-02  6.3239269696e-01  8  7  9.9466126604e-01  0.0 
111448 256qam  9  1.9905101298e-02  6.3239269696e-01  8  7  9.9466126604e-01  0.0 
111449 bpsk  14  1.4550638558e-02  1.8799176894e-01  1  1  9.8794851620e-01  0.0 
111450 qpsk  14  1.4550638558e-02  1.8799176894e-01  1  1  9.8794851620e-01  0.0 
111451 8psk  14  1.4550638558e-02  1.8799176894e-01  1  1  9.8794851620e-01  0.0 
111452 dqpsk  14  1.4550638558e-02  1.8799176894e-01  1  1  9.8794851620e-01  0.0 
111453 msk  14  1.4550638558e-02  1.8799176894e-01  1  1  9.8794851620e-01  0.0 
111454 16qam  14  1.4550638558e-02  1.8799176894e-01  1  1  9.8794851620e-01  0.0 
111455 64qam  14  1.4550638558e-02  1.8799176894e-01  1  1  9.8794851620e-01  0.0 
111456 256qam  14  1.4550638558e-02  1.8799176894e-01  1  1  9.8794851620e-01  0.0 
111457 bpsk  17  1.1218427988e-02  8.7538438256e-01  1  1  4.0923680892e+00  0.0 
111458 qpsk  17  1.1218427988e-02  8.7538438256e-01  1  1  4.0923680892e+00  0.0 
111459 8psk  17  1.1218427988e-02  8.7538438256e-01  1  1  4.0923680892e+00  0.0 
111460 dqpsk  17  1.1218427988e-02  8.7538438256e-01  1  1  4.0923680892e+00  0.0 
111461 msk  17  1.1218427988e-02  8.7538438256e-01  1  1  4.0923680892e+00  0.0 
111462 16qam  17  1.1218427988e-02  8.7538438256e-01  1  1  4.0923680892e+00  0.0 
111463 64qam  17  1.1218427988e-02  8.7538438256e-01  1  1  4.0923680892e+00  0.0 
111464 256qam  17  1.1218427988e-02  8.7538438256e-01  1  1  4.0923680892e+00  0.0 
111465 bpsk  13  1.1139663906e-02  8.8683802269e-01  6  5  2.4353980758e+00  0.0 
111466 qpsk  13  1.1139663906e-02  8.8683802269e-01  6  5  2.4353980758e+00  0.0 
111467 8psk  13  1.1139663906e-02  8.8683802269e-01  6  5  2.4353980758e+00  0.0 
111468 dqpsk  13  1.1139663906e-02  8.8683802269e-01  6  5  2.4353980758e+00  0.0 
111469 msk  13  1.1139663906e-02  8.8683802269e-01  6  5  2.4353980758e+00  0.0 
111470 16qam  13  1.1139663906e-02  8.8683802269e-01  6  5  2.4353980758e+00  0.0 
111471 64qam  13  1.1139663906e-02  8.8683802269e-01  6  5  2.4353980758e+00  0.0 
111472 256qam  13  1.1139663906e-02  8.8683802269e-01  6  5  2.4353980758e+00  0.0 
111473 bpsk  19  1.6454922940e-02  3.7625187294e-01  6  5  2.3013484236e+00  0.0 
111474 qpsk  19  1.6454922940e-02  3.7625187294e-01  6  5  2.3013484236e+00  0.0 
111475 8psk  19  1.6454922940e-02  3.7625187294e-01  6  5  2.3013484236e+00  0.0 
111476 dqpsk  19  1.6454922940e-02  3.7625187294e-01  6  5  2.3013484236e+00  0.0 
111477 msk  19  1.6454922940e-02  3.7625187294e-01  6  5  2.3013484236e+00  0.0 
111478 16qam  19  1.6454922940e-02  3.7625187294e-01  6  5  2.3013484236e+00  0.0 
111479 64qam  19  1.6454922940e-02  3.7625187294e-01  6  5  2.3013484236e+00  0.0 
111480 256qam  19  1.6454922940e-02  3.7625187294e-01  6  5  2.3013484236e+00  0.0 
111481 bpsk  5  1.9786315126e-02  2.1568648906e-01  8  7  5.9977101188e-01  0.0 
111482 qpsk  5  1.9786315126e-02  2.1568648906e-01  8  7  5.9977101188e-01  0.0 
111483 8psk  5  1.9786315126e-02  2.1568648906e-01  8  7  5.9977101188e-01  0.0 
111484 dqpsk  5  1.9786315126e-02  2.1568648906e-01  8  7  5.9977101188e-01  0.0 
111485 msk  5  1.9786315126e-02  2.1568648906e-01  8  7  5.9977101188e-01  0.0 
111486 16qam  5  1.9786315126e-02  2.1568648906e-01  8  7  5.9977101188e-01  0.0 
111487 64qam  5  1.9786315126e-02  2.1568648906e-01  8  7  5.9977101188e-01  0.0 
111488 256qam  5  1.9786315126e-02  2.1568648906e-01  8  7  5.9977101188e-01  0.0 
111489 bpsk  3  1.7682840620e-02  1.4259840547e-01  5  4  3.5878325547e-01  0.0 
111490 qpsk  3  1.7682840620e-02  1.4259840547e-01  5  4  3.5878325547e-01  0.0 
111491 8psk  3  1.7682840620e-02  1.4259840547e-01  5  4  3.5878325547e-01  0.0 
111492 dqpsk  3  1.7682840620e-02  1.4259840547e-01  5  4  3.5878325547e-01  0.0 
111493 msk  3  1.7682840620e-02  1.4259840547e-01  5  4  3.5878325547e-01  0.0 
111494 16qam  3  1.7682840620e-02  1.4259840547e-01  5  4  3.5878325547e-01  0.0 
111495 64qam  3  1.7682840620e-02  1.4259840547e-01  5  4  3.5878325547e-01  0.0 
111496 256qam  3  1.7682840620e-02  1.4259840547e-01  5  4  3.5878325547e-01  0.0 
111497 bpsk  15  1.3921678483e-02  8.1784216075e-01  8  7  9.8654142283e-01  0.0 
111498 qpsk  15  1.3921678483e-02  8.1784216075e-01  8  7  9.8654142283e-01  0.0 
111499 8psk  15  1.3921678483e-02  8.1784216075e-01  8  7  9.8654142283e-01  0.0 
111500 dqpsk  15  1.3921678483e-02  8.1784216075e-01  8  7  9.8654142283e-01  0.0 
111501 msk  15  1.3921678483e-02  8.1784216075e-01  8  7  9.8654142283e-01  0.0 
111502 16qam  15  1.3921678483e-02  8.1784216075e-01  8  7  9.8654142283e-01  0.0 
111503 64qam  15  1.3921678483e-02  8.1784216075e-01  8  7  9.8654142283e-01  0.0 
111504 256qam  15  1.3921678483e-02  8.1784216075e-01  8  7  9.8654142283e-01  0.0 
111505 bpsk  11  1.2577457786e-02  9.3894779946e-01  5  4  5.7506905846e+00  0.0 
111506 qpsk  11  1.2577457786e-02  9.3894779946e-01  5  4  5.7506905846e+00  0.0 
111507 8psk  11  1.2577457786e-02  9.3894779946e-01  5  4  5.7506905846e+00  0.0 
111508 dqpsk  11  1.2577457786e-02  9.3894779946e-01  5  4  5.7506905846e+00  0.0 
111509 msk  11  1.2577457786e-02  9.3894779946e-01  5  4  5.7506905846e+00  0.0 
111510 16qam  11  1.2577457786e-02  9.3894779946e-01  5  4  5.7506905846e+00  0.0 
111511 64qam  11  1.2577457786e-02  9.3894779946e-01  5  4  5.7506905846e+00  0.0 
111512 256qam  11  1.2577457786e-02  9.3894779946e-01  5  4  5.7506905846e+00  0.0 
111513 bpsk  16  1.5732248117e-02  8.1037757668e-01  10  9  7.7729774224e-01  0.0 
111514 qpsk  16  1.5732248117e-02  8.1037757668e-01  10  9  7.7729774224e-01  0.0 
111515 8psk  16  1.5732248117e-02  8.1037757668e-01  10  9  7.7729774224e-01  0.0 
111516 dqpsk  16  1.5732248117e-02  8.1037757668e-01  10  9  7.7729774224e-01  0.0 
111517 msk  16  1.5732248117e-02  8.1037757668e-01  10  9  7.7729774224e-01  0.0 
111518 16qam  16  1.5732248117e-02  8.1037757668e-01  10  9  7.7729774224e-01  0.0 
111519 64qam  16  1.5732248117e-02  8.1037757668e-01  10  9  7.7729774224e-01  0.0 
111520 256qam  16  1.5732248117e-02  8.1037757668e-01  10  9  7.7729774224e-01  0.0 
111521 bpsk  12  1.1318987185e-02  9.3797709723e-01  4  3  9.2077325191e-01  0.0 
111522 qpsk  12  1.1318987185e-02  9.3797709723e-01  4  3  9.2077325191e-01  0.0 
111523 8psk  12  1.1318987185e-02  9.3797709723e-01  4  3  9.2077325191e-01  0.0 
111524 dqpsk  12  1.1318987185e-02  9.3797709723e-01  4  3  9.2077325191e-01  0.0 
111525 msk  12  1.1318987185e-02  9.3797709723e-01  4  3  9.2077325191e-01  0.0 
111526 16qam  12  1.1318987185e-02  9.3797709723e-01  4  3  9.2077325191e-01  0.0 
111527 64qam  12  1.1318987185e-02  9.3797709723e-01  4  3  9.2077325191e-01  0.0 
111528 256qam  12  1.1318987185e-02  9.3797709723e-01  4  3  9.2077325191e-01  0.0 
111529 bpsk  17  1.9811998880e-02  7.3339120427e-01  5  4  5.0251740914e+00  0.0 
111530 qpsk  17  1.9811998880e-02  7.3339120427e-01  5  4  5.0251740914e+00  0.0 
111531 8psk  17  1.9811998880e-02  7.3339120427e-01  5  4  5.0251740914e+00  0.0 
111532 dqpsk  17  1.9811998880e-02  7.3339120427e-01  5  4  5.0251740914e+00  0.0 
111533 msk  17  1.9811998880e-02  7.3339120427e-01  5  4  5.0251740914e+00  0.0 
111534 16qam  17  1.9811998880e-02  7.3339120427e-01  5  4  5.0251740914e+00  0.0 
111535 64qam  17  1.9811998880e-02  7.3339120427e-01  5  4  5.0251740914e+00  0.0 
111536 256qam  17  1.9811998880e-02  7.3339120427e-01  5  4  5.0251740914e+00  0.0 
111537 bpsk  4  1.0982115918e-02  5.1349178392e-01  5  4  4.9407085182e+00  0.0 
111538 qpsk  4  1.0982115918e-02  5.1349178392e-01  5  4  4.9407085182e+00  0.0 
111539 8psk  4  1.0982115918e-02  5.1349178392e-01  5  4  4.9407085182e+00  0.0 
111540 dqpsk  4  1.0982115918e-02  5.1349178392e-01  5  4  4.9407085182e+00  0.0 
111541 msk  4  1.0982115918e-02  5.1349178392e-01  5  4  4.9407085182e+00  0.0 
111542 16qam  4  1.0982115918e-02  5.1349178392e-01  5  4  4.9407085182e+00  0.0 
111543 64qam  4  1.0982115918e-02  5.1349178392e-01  5  4  4.9407085182e+00  0.0 
111544 256qam  4  1.0982115918e-02  5.1349178392e-01  5  4  4.9407085182e+00  0.0 
111545 bpsk  7  1.4775790007e-02  2.9873784266e-01  7  6  1.0281838003e+00  0.0 
111546 qpsk  7  1.4775790007e-02  2.9873784266e-01  7  6  1.0281838003e+00  0.0 
111547 8psk  7  1.4775790007e-02  2.9873784266e-01  7  6  1.0281838003e+00  0.0 
111548 dqpsk  7  1.4775790007e-02  2.9873784266e-01  7  6  1.0281838003e+00  0.0 
111549 msk  7  1.4775790007e-02  2.9873784266e-01  7  6  1.0281838003e+00  0.0 
111550 16qam  7  1.4775790007e-02  2.9873784266e-01  7  6  1.0281838003e+00  0.0 
111551 64qam  7  1.4775790007e-02  2.9873784266e-01  7  6  1.0281838003e+00  0.0 
111552 256qam  7  1.4775790007e-02  2.9873784266e-01  7  6  1.0281838003e+00  0.0 
111553 bpsk  2  1.3278786938e-02  7.2477568083e-01  10  9  9.7190855772e-01  0.0 
111554 qpsk  2  1.3278786938e-02  7.2477568083e-01  10  9  9.7190855772e-01  0.0 
111555 8psk  2  1.3278786938e-02  7.2477568083e-01  10  9  9.7190855772e-01  0.0 
111556 dqpsk  2  1.3278786938e-02  7.2477568083e-01  10  9  9.7190855772e-01  0.0 
111557 msk  2  1.3278786938e-02  7.2477568083e-01  10  9  9.7190855772e-01  0.0 
111558 16qam  2  1.3278786938e-02  7.2477568083e-01  10  9  9.7190855772e-01  0.0 
111559 64qam  2  1.3278786938e-02  7.2477568083e-01  10  9  9.7190855772e-01  0.0 
111560 256qam  2  1.3278786938e-02  7.2477568083e-01  10  9  9.7190855772e-01  0.0 
111561 bpsk  14  1.9179642332e-02  4.4175068743e-01  8  7  4.5760514182e+00  0.0 
111562 qpsk  14  1.9179642332e-02  4.4175068743e-01  8  7  4.5760514182e+00  0.0 
111563 8psk  14  1.9179642332e-02  4.4175068743e-01  8  7  4.5760514182e+00  0.0 
111564 dqpsk  14  1.9179642332e-02  4.4175068743e-01  8  7  4.5760514182e+00  0.0 
111565 msk  14  1.9179642332e-02  4.4175068743e-01  8  7  4.5760514182e+00  0.0 
111566 16qam  14  1.9179642332e-02  4.4175068743e-01  8  7  4.5760514182e+00  0.0 
111567 64qam  14  1.9179642332e-02  4.4175068743e-01  8  7  4.5760514182e+00  0.0 
111568 256qam  14  1.9179642332e-02  4.4175068743e-01  8  7  4.5760514182e+00  0.0 
111569 bpsk  11  1.2374507508e-02  2.4318367140e-01  3  2  1.2031231670e+00  0.0 
111570 qpsk  11  1.2374507508e-02  2.4318367140e-01  3  2  1.2031231670e+00  0.0 
111571 8psk  11  1.2374507508e-02  2.4318367140e-01  3  2  1.2031231670e+00  0.0 
111572 dqpsk  11  1.2374507508e-02  2.4318367140e-01  3  2  1.2031231670e+00  0.0 
111573 msk  11  1.2374507508e-02  2.4318367140e-01  3  2  1.2031231670e+00  0.0 
111574 16qam  11  1.2374507508e-02  2.4318367140e-01  3  2  1.2031231670e+00  0.0 
111575 64qam  11  1.2374507508e-02  2.4318367140e-01  3  2  1.2031231670e+00  0.0 
111576 256qam  11  1.2374507508e-02  2.4318367140e-01  3  2  1.2031231670e+00  0.0 
111577 bpsk  12  1.5465175095e-02  4.1911458328e-01  5  4  5.6570943128e+00  0.0 
111578 qpsk  12  1.5465175095e-02  4.1911458328e-01  5  4  5.6570943128e+00  0.0 
111579 8psk  12  1.5465175095e-02  4.1911458328e-01  5  4  5.6570943128e+00  0.0 
111580 dqpsk  12  1.5465175095e-02  4.1911458328e-01  5  4  5.6570943128e+00  0.0 
111581 msk  12  1.5465175095e-02  4.1911458328e-01  5  4  5.6570943128e+00  0.0 
111582 16qam  12  1.5465175095e-02  4.1911458328e-01  5  4  5.6570943128e+00  0.0 
111583 64qam  12  1.5465175095e-02  4.1911458328e-01  5  4  5.6570943128e+00  0.0 
111584 256qam  12  1.5465175095e-02  4.1911458328e-01  5  4  5.6570943128e+00  0.0 
111585 bpsk  6  1.4750593333e-02  6.1286438302e-01  10  9  3.1644612379e+00  0.0 
111586 qpsk  6  1.4750593333e-02  6.1286438302e-01  10  9  3.1644612379e+00  0.0 
111587 8psk  6  1.4750593333e-02  6.1286438302e-01  10  9  3.1644612379e+00  0.0 
111588 dqpsk  6  1.4750593333e-02  6.1286438302e-01  10  9  3.1644612379e+00  0.0 
111589 msk  6  1.4750593333e-02  6.1286438302e-01  10  9  3.1644612379e+00  0.0 
111590 16qam  6  1.4750593333e-02  6.1286438302e-01  10  9  3.1644612379e+00  0.0 
111591 64qam  6  1.4750593333e-02  6.1286438302e-01  10  9  3.1644612379e+00  0.0 
111592 256qam  6  1.4750593333e-02  6.1286438302e-01  10  9  3.1644612379e+00  0.0 
111593 bpsk  7  1.2646135695e-02  5.2206628458e-01  10  9  6.2068213013e-01  0.0 
111594 qpsk  7  1.2646135695e-02  5.2206628458e-01  10  9  6.2068213013e-01  0.0 
111595 8psk  7  1.2646135695e-02  5.2206628458e-01  10  9  6.2068213013e-01  0.0 
111596 dqpsk  7  1.2646135695e-02  5.2206628458e-01  10  9  6.2068213013e-01  0.0 
111597 msk  7  1.2646135695e-02  5.2206628458e-01  10  9  6.2068213013e-01  0.0 
111598 16qam  7  1.2646135695e-02  5.2206628458e-01  10  9  6.2068213013e-01  0.0 
111599 64qam  7  1.2646135695e-02  5.2206628458e-01  10  9  6.2068213013e-01  0.0 
111600 256qam  7  1.2646135695e-02  5.2206628458e-01  10  9  6.2068213013e-01  0.0 
111601 bpsk  18  1.3918091699e-02  5.1254313799e-01  8  7  4.2246732597e+00  0.0 
111602 qpsk  18  1.3918091699e-02  5.1254313799e-01  8  7  4.2246732597e+00  0.0 
111603 8psk  18  1.3918091699e-02  5.1254313799e-01  8  7  4.2246732597e+00  0.0 
111604 dqpsk  18  1.3918091699e-02  5.1254313799e-01  8  7  4.2246732597e+00  0.0 
111605 msk  18  1.3918091699e-02  5.1254313799e-01  8  7  4.2246732597e+00  0.0 
111606 16qam  18  1.3918091699e-02  5.1254313799e-01  8  7  4.2246732597e+00  0.0 
111607 64qam  18  1.3918091699e-02  5.1254313799e-01  8  7  4.2246732597e+00  0.0 
111608 256qam  18  1.3918091699e-02  5.1254313799e-01  8  7  4.2246732597e+00  0.0 
111609 bpsk  8  1.5318494336e-02  7.0924931560e-01  6  5  3.1572694548e+00  0.0 
111610 qpsk  8  1.5318494336e-02  7.0924931560e-01  6  5  3.1572694548e+00  0.0 
111611 8psk  8  1.5318494336e-02  7.0924931560e-01  6  5  3.1572694548e+00  0.0 
111612 dqpsk  8  1.5318494336e-02  7.0924931560e-01  6  5  3.1572694548e+00  0.0 
111613 msk  8  1.5318494336e-02  7.0924931560e-01  6  5  3.1572694548e+00  0.0 
111614 16qam  8  1.5318494336e-02  7.0924931560e-01  6  5  3.1572694548e+00  0.0 
111615 64qam  8  1.5318494336e-02  7.0924931560e-01  6  5  3.1572694548e+00  0.0 
111616 256qam  8  1.5318494336e-02  7.0924931560e-01  6  5  3.1572694548e+00  0.0 
111617 bpsk  8  1.6618228534e-02  1.9907334575e-01  4  3  8.3648909882e-02  0.0 
111618 qpsk  8  1.6618228534e-02  1.9907334575e-01  4  3  8.3648909882e-02  0.0 
111619 8psk  8  1.6618228534e-02  1.9907334575e-01  4  3  8.3648909882e-02  0.0 
111620 dqpsk  8  1.6618228534e-02  1.9907334575e-01  4  3  8.3648909882e-02  0.0 
111621 msk  8  1.6618228534e-02  1.9907334575e-01  4  3  8.3648909882e-02  0.0 
111622 16qam  8  1.6618228534e-02  1.9907334575e-01  4  3  8.3648909882e-02  0.0 
111623 64qam  8  1.6618228534e-02  1.9907334575e-01  4  3  8.3648909882e-02  0.0 
111624 256qam  8  1.6618228534e-02  1.9907334575e-01  4  3  8.3648909882e-02  0.0 
111625 bpsk  2  1.4990859939e-02  1.2642809802e-01  7  6  3.7297329322e+00  0.0 
111626 qpsk  2  1.4990859939e-02  1.2642809802e-01  7  6  3.7297329322e+00  0.0 
111627 8psk  2  1.4990859939e-02  1.2642809802e-01  7  6  3.7297329322e+00  0.0 
111628 dqpsk  2  1.4990859939e-02  1.2642809802e-01  7  6  3.7297329322e+00  0.0 
111629 msk  2  1.4990859939e-02  1.2642809802e-01  7  6  3.7297329322e+00  0.0 
111630 16qam  2  1.4990859939e-02  1.2642809802e-01  7  6  3.7297329322e+00  0.0 
111631 64qam  2  1.4990859939e-02  1.2642809802e-01  7  6  3.7297329322e+00  0.0 
111632 256qam  2  1.4990859939e-02  1.2642809802e-01  7  6  3.7297329322e+00  0.0 
111633 bpsk  15  1.3174168432e-02  2.9369261009e-01  9  8  4.3535690749e+00  0.0 
111634 qpsk  15  1.3174168432e-02  2.9369261009e-01  9  8  4.3535690749e+00  0.0 
111635 8psk  15  1.3174168432e-02  2.9369261009e-01  9  8  4.3535690749e+00  0.0 
111636 dqpsk  15  1.3174168432e-02  2.9369261009e-01  9  8  4.3535690749e+00  0.0 
111637 msk  15  1.3174168432e-02  2.9369261009e-01  9  8  4.3535690749e+00  0.0 
111638 16qam  15  1.3174168432e-02  2.9369261009e-01  9  8  4.3535690749e+00  0.0 
111639 64qam  15  1.3174168432e-02  2.9369261009e-01  9  8  4.3535690749e+00  0.0 
111640 256qam  15  1.3174168432e-02  2.9369261009e-01  9  8  4.3535690749e+00  0.0 
111641 bpsk  17  1.3355861477e-02  8.2233423232e-01  5  4  5.3720388018e+00  0.0 
111642 qpsk  17  1.3355861477e-02  8.2233423232e-01  5  4  5.3720388018e+00  0.0 
111643 8psk  17  1.3355861477e-02  8.2233423232e-01  5  4  5.3720388018e+00  0.0 
111644 dqpsk  17  1.3355861477e-02  8.2233423232e-01  5  4  5.3720388018e+00  0.0 
111645 msk  17  1.3355861477e-02  8.2233423232e-01  5  4  5.3720388018e+00  0.0 
111646 16qam  17  1.3355861477e-02  8.2233423232e-01  5  4  5.3720388018e+00  0.0 
111647 64qam  17  1.3355861477e-02  8.2233423232e-01  5  4  5.3720388018e+00  0.0 
111648 256qam  17  1.3355861477e-02  8.2233423232e-01  5  4  5.3720388018e+00  0.0 
111649 bpsk  7  1.9152100867e-02  7.3754098908e-01  5  4  1.7403319189e+00  0.0 
111650 qpsk  7  1.9152100867e-02  7.3754098908e-01  5  4  1.7403319189e+00  0.0 
111651 8psk  7  1.9152100867e-02  7.3754098908e-01  5  4  1.7403319189e+00  0.0 
111652 dqpsk  7  1.9152100867e-02  7.3754098908e-01  5  4  1.7403319189e+00  0.0 
111653 msk  7  1.9152100867e-02  7.3754098908e-01  5  4  1.7403319189e+00  0.0 
111654 16qam  7  1.9152100867e-02  7.3754098908e-01  5  4  1.7403319189e+00  0.0 
111655 64qam  7  1.9152100867e-02  7.3754098908e-01  5  4  1.7403319189e+00  0.0 
111656 256qam  7  1.9152100867e-02  7.3754098908e-01  5  4  1.7403319189e+00  0.0 
111657 bpsk  18  1.6583766234e-02  4.6868199809e-01  4  3  3.6211374686e+00  0.0 
111658 qpsk  18  1.6583766234e-02  4.6868199809e-01  4  3  3.6211374686e+00  0.0 
111659 8psk  18  1.6583766234e-02  4.6868199809e-01  4  3  3.6211374686e+00  0.0 
111660 dqpsk  18  1.6583766234e-02  4.6868199809e-01  4  3  3.6211374686e+00  0.0 
111661 msk  18  1.6583766234e-02  4.6868199809e-01  4  3  3.6211374686e+00  0.0 
111662 16qam  18  1.6583766234e-02  4.6868199809e-01  4  3  3.6211374686e+00  0.0 
111663 64qam  18  1.6583766234e-02  4.6868199809e-01  4  3  3.6211374686e+00  0.0 
111664 256qam  18  1.6583766234e-02  4.6868199809e-01  4  3  3.6211374686e+00  0.0 
111665 bpsk  11  1.6997827013e-02  9.9344723246e-01  3  2  3.5905687930e+00  0.0 
111666 qpsk  11  1.6997827013e-02  9.9344723246e-01  3  2  3.5905687930e+00  0.0 
111667 8psk  11  1.6997827013e-02  9.9344723246e-01  3  2  3.5905687930e+00  0.0 
111668 dqpsk  11  1.6997827013e-02  9.9344723246e-01  3  2  3.5905687930e+00  0.0 
111669 msk  11  1.6997827013e-02  9.9344723246e-01  3  2  3.5905687930e+00  0.0 
111670 16qam  11  1.6997827013e-02  9.9344723246e-01  3  2  3.5905687930e+00  0.0 
111671 64qam  11  1.6997827013e-02  9.9344723246e-01  3  2  3.5905687930e+00  0.0 
111672 256qam  11  1.6997827013e-02  9.9344723246e-01  3  2  3.5905687930e+00  0.0 
111673 bpsk  9  1.6125816830e-02  7.0705028108e-01  5  4  3.7912307041e+00  0.0 
111674 qpsk  9  1.6125816830e-02  7.0705028108e-01  5  4  3.7912307041e+00  0.0 
111675 8psk  9  1.6125816830e-02  7.0705028108e-01  5  4  3.7912307041e+00  0.0 
111676 dqpsk  9  1.6125816830e-02  7.0705028108e-01  5  4  3.7912307041e+00  0.0 
111677 msk  9  1.6125816830e-02  7.0705028108e-01  5  4  3.7912307041e+00  0.0 
111678 16qam  9  1.6125816830e-02  7.0705028108e-01  5  4  3.7912307041e+00  0.0 
111679 64qam  9  1.6125816830e-02  7.0705028108e-01  5  4  3.7912307041e+00  0.0 
111680 256qam  9  1.6125816830e-02  7.0705028108e-01  5  4  3.7912307041e+00  0.0 
111681 bpsk  4  1.2744278423e-02  6.6646012941e-01  1  1  4.2773303724e+00  0.0 
111682 qpsk  4  1.2744278423e-02  6.6646012941e-01  1  1  4.2773303724e+00  0.0 
111683 8psk  4  1.2744278423e-02  6.6646012941e-01  1  1  4.2773303724e+00  0.0 
111684 dqpsk  4  1.2744278423e-02  6.6646012941e-01  1  1  4.2773303724e+00  0.0 
111685 msk  4  1.2744278423e-02  6.6646012941e-01  1  1  4.2773303724e+00  0.0 
111686 16qam  4  1.2744278423e-02  6.6646012941e-01  1  1  4.2773303724e+00  0.0 
111687 64qam  4  1.2744278423e-02  6.6646012941e-01  1  1  4.2773303724e+00  0.0 
111688 256qam  4  1.2744278423e-02  6.6646012941e-01  1  1  4.2773303724e+00  0.0 
111689 bpsk  3  1.6020174405e-02  5.8483003862e-01  8  7  4.1613398771e+00  0.0 
111690 qpsk  3  1.6020174405e-02  5.8483003862e-01  8  7  4.1613398771e+00  0.0 
111691 8psk  3  1.6020174405e-02  5.8483003862e-01  8  7  4.1613398771e+00  0.0 
111692 dqpsk  3  1.6020174405e-02  5.8483003862e-01  8  7  4.1613398771e+00  0.0 
111693 msk  3  1.6020174405e-02  5.8483003862e-01  8  7  4.1613398771e+00  0.0 
111694 16qam  3  1.6020174405e-02  5.8483003862e-01  8  7  4.1613398771e+00  0.0 
111695 64qam  3  1.6020174405e-02  5.8483003862e-01  8  7  4.1613398771e+00  0.0 
111696 256qam  3  1.6020174405e-02  5.8483003862e-01  8  7  4.1613398771e+00  0.0 
111697 bpsk  16  1.1217321470e-02  4.9132389416e-01  9  8  5.2542010257e+00  0.0 
111698 qpsk  16  1.1217321470e-02  4.9132389416e-01  9  8  5.2542010257e+00  0.0 
111699 8psk  16  1.1217321470e-02  4.9132389416e-01  9  8  5.2542010257e+00  0.0 
111700 dqpsk  16  1.1217321470e-02  4.9132389416e-01  9  8  5.2542010257e+00  0.0 
111701 msk  16  1.1217321470e-02  4.9132389416e-01  9  8  5.2542010257e+00  0.0 
111702 16qam  16  1.1217321470e-02  4.9132389416e-01  9  8  5.2542010257e+00  0.0 
111703 64qam  16  1.1217321470e-02  4.9132389416e-01  9  8  5.2542010257e+00  0.0 
111704 256qam  16  1.1217321470e-02  4.9132389416e-01  9  8  5.2542010257e+00  0.0 
111705 bpsk  12  1.8072182950e-02  3.7534513089e-01  4  3  5.4699050120e+00  0.0 
111706 qpsk  12  1.8072182950e-02  3.7534513089e-01  4  3  5.4699050120e+00  0.0 
111707 8psk  12  1.8072182950e-02  3.7534513089e-01  4  3  5.4699050120e+00  0.0 
111708 dqpsk  12  1.8072182950e-02  3.7534513089e-01  4  3  5.4699050120e+00  0.0 
111709 msk  12  1.8072182950e-02  3.7534513089e-01  4  3  5.4699050120e+00  0.0 
111710 16qam  12  1.8072182950e-02  3.7534513089e-01  4  3  5.4699050120e+00  0.0 
111711 64qam  12  1.8072182950e-02  3.7534513089e-01  4  3  5.4699050120e+00  0.0 
111712 256qam  12  1.8072182950e-02  3.7534513089e-01  4  3  5.4699050120e+00  0.0 
111713 bpsk  5  1.8699178297e-02  4.6927443414e-01  3  2  3.1354089950e+00  0.0 
111714 qpsk  5  1.8699178297e-02  4.6927443414e-01  3  2  3.1354089950e+00  0.0 
111715 8psk  5  1.8699178297e-02  4.6927443414e-01  3  2  3.1354089950e+00  0.0 
111716 dqpsk  5  1.8699178297e-02  4.6927443414e-01  3  2  3.1354089950e+00  0.0 
111717 msk  5  1.8699178297e-02  4.6927443414e-01  3  2  3.1354089950e+00  0.0 
111718 16qam  5  1.8699178297e-02  4.6927443414e-01  3  2  3.1354089950e+00  0.0 
111719 64qam  5  1.8699178297e-02  4.6927443414e-01  3  2  3.1354089950e+00  0.0 
111720 256qam  5  1.8699178297e-02  4.6927443414e-01  3  2  3.1354089950e+00  0.0 
111721 bpsk  14  1.2343812183e-02  6.0958572559e-01  9  8  5.1759312331e+00  0.0 
111722 qpsk  14  1.2343812183e-02  6.0958572559e-01  9  8  5.1759312331e+00  0.0 
111723 8psk  14  1.2343812183e-02  6.0958572559e-01  9  8  5.1759312331e+00  0.0 
111724 dqpsk  14  1.2343812183e-02  6.0958572559e-01  9  8  5.1759312331e+00  0.0 
111725 msk  14  1.2343812183e-02  6.0958572559e-01  9  8  5.1759312331e+00  0.0 
111726 16qam  14  1.2343812183e-02  6.0958572559e-01  9  8  5.1759312331e+00  0.0 
111727 64qam  14  1.2343812183e-02  6.0958572559e-01  9  8  5.1759312331e+00  0.0 
111728 256qam  14  1.2343812183e-02  6.0958572559e-01  9  8  5.1759312331e+00  0.0 
111729 bpsk  16  1.2158577839e-02  4.8645796058e-01  1  1  5.6553372653e+00  0.0 
111730 qpsk  16  1.2158577839e-02  4.8645796058e-01  1  1  5.6553372653e+00  0.0 
111731 8psk  16  1.2158577839e-02  4.8645796058e-01  1  1  5.6553372653e+00  0.0 
111732 dqpsk  16  1.2158577839e-02  4.8645796058e-01  1  1  5.6553372653e+00  0.0 
111733 msk  16  1.2158577839e-02  4.8645796058e-01  1  1  5.6553372653e+00  0.0 
111734 16qam  16  1.2158577839e-02  4.8645796058e-01  1  1  5.6553372653e+00  0.0 
111735 64qam  16  1.2158577839e-02  4.8645796058e-01  1  1  5.6553372653e+00  0.0 
111736 256qam  16  1.2158577839e-02  4.8645796058e-01  1  1  5.6553372653e+00  0.0 
111737 bpsk  19  1.4164337721e-02  5.2926486436e-01  10  9  4.8404750458e+00  0.0 
111738 qpsk  19  1.4164337721e-02  5.2926486436e-01  10  9  4.8404750458e+00  0.0 
111739 8psk  19  1.4164337721e-02  5.2926486436e-01  10  9  4.8404750458e+00  0.0 
111740 dqpsk  19  1.4164337721e-02  5.2926486436e-01  10  9  4.8404750458e+00  0.0 
111741 msk  19  1.4164337721e-02  5.2926486436e-01  10  9  4.8404750458e+00  0.0 
111742 16qam  19  1.4164337721e-02  5.2926486436e-01  10  9  4.8404750458e+00  0.0 
111743 64qam  19  1.4164337721e-02  5.2926486436e-01  10  9  4.8404750458e+00  0.0 
111744 256qam  19  1.4164337721e-02  5.2926486436e-01  10  9  4.8404750458e+00  0.0 
111745 bpsk  14  1.5951342606e-02  9.3363729080e-01  4  3  3.7309927847e+00  0.0 
111746 qpsk  14  1.5951342606e-02  9.3363729080e-01  4  3  3.7309927847e+00  0.0 
111747 8psk  14  1.5951342606e-02  9.3363729080e-01  4  3  3.7309927847e+00  0.0 
111748 dqpsk  14  1.5951342606e-02  9.3363729080e-01  4  3  3.7309927847e+00  0.0 
111749 msk  14  1.5951342606e-02  9.3363729080e-01  4  3  3.7309927847e+00  0.0 
111750 16qam  14  1.5951342606e-02  9.3363729080e-01  4  3  3.7309927847e+00  0.0 
111751 64qam  14  1.5951342606e-02  9.3363729080e-01  4  3  3.7309927847e+00  0.0 
111752 256qam  14  1.5951342606e-02  9.3363729080e-01  4  3  3.7309927847e+00  0.0 
111753 bpsk  19  1.6854524894e-02  2.5096612753e-01  7  6  2.3395627065e+00  0.0 
111754 qpsk  19  1.6854524894e-02  2.5096612753e-01  7  6  2.3395627065e+00  0.0 
111755 8psk  19  1.6854524894e-02  2.5096612753e-01  7  6  2.3395627065e+00  0.0 
111756 dqpsk  19  1.6854524894e-02  2.5096612753e-01  7  6  2.3395627065e+00  0.0 
111757 msk  19  1.6854524894e-02  2.5096612753e-01  7  6  2.3395627065e+00  0.0 
111758 16qam  19  1.6854524894e-02  2.5096612753e-01  7  6  2.3395627065e+00  0.0 
111759 64qam  19  1.6854524894e-02  2.5096612753e-01  7  6  2.3395627065e+00  0.0 
111760 256qam  19  1.6854524894e-02  2.5096612753e-01  7  6  2.3395627065e+00  0.0 
111761 bpsk  6  1.9213717138e-02  4.2704265874e-01  10  9  3.9034456486e+00  0.0 
111762 qpsk  6  1.9213717138e-02  4.2704265874e-01  10  9  3.9034456486e+00  0.0 
111763 8psk  6  1.9213717138e-02  4.2704265874e-01  10  9  3.9034456486e+00  0.0 
111764 dqpsk  6  1.9213717138e-02  4.2704265874e-01  10  9  3.9034456486e+00  0.0 
111765 msk  6  1.9213717138e-02  4.2704265874e-01  10  9  3.9034456486e+00  0.0 
111766 16qam  6  1.9213717138e-02  4.2704265874e-01  10  9  3.9034456486e+00  0.0 
111767 64qam  6  1.9213717138e-02  4.2704265874e-01  10  9  3.9034456486e+00  0.0 
111768 256qam  6  1.9213717138e-02  4.2704265874e-01  10  9  3.9034456486e+00  0.0 
111769 bpsk  6  1.5286186418e-02  6.6564702996e-01  1  1  5.1985431464e+00  0.0 
111770 qpsk  6  1.5286186418e-02  6.6564702996e-01  1  1  5.1985431464e+00  0.0 
111771 8psk  6  1.5286186418e-02  6.6564702996e-01  1  1  5.1985431464e+00  0.0 
111772 dqpsk  6  1.5286186418e-02  6.6564702996e-01  1  1  5.1985431464e+00  0.0 
111773 msk  6  1.5286186418e-02  6.6564702996e-01  1  1  5.1985431464e+00  0.0 
111774 16qam  6  1.5286186418e-02  6.6564702996e-01  1  1  5.1985431464e+00  0.0 
111775 64qam  6  1.5286186418e-02  6.6564702996e-01  1  1  5.1985431464e+00  0.0 
111776 256qam  6  1.5286186418e-02  6.6564702996e-01  1  1  5.1985431464e+00  0.0 
111777 bpsk  17  1.3886090675e-02  4.1033245117e-01  8  7  3.1358607961e+00  0.0 
111778 qpsk  17  1.3886090675e-02  4.1033245117e-01  8  7  3.1358607961e+00  0.0 
111779 8psk  17  1.3886090675e-02  4.1033245117e-01  8  7  3.1358607961e+00  0.0 
111780 dqpsk  17  1.3886090675e-02  4.1033245117e-01  8  7  3.1358607961e+00  0.0 
111781 msk  17  1.3886090675e-02  4.1033245117e-01  8  7  3.1358607961e+00  0.0 
111782 16qam  17  1.3886090675e-02  4.1033245117e-01  8  7  3.1358607961e+00  0.0 
111783 64qam  17  1.3886090675e-02  4.1033245117e-01  8  7  3.1358607961e+00  0.0 
111784 256qam  17  1.3886090675e-02  4.1033245117e-01  8  7  3.1358607961e+00  0.0 
111785 bpsk  17  1.2263845315e-02  8.3093049212e-01  3  2  4.2407030631e+00  0.0 
111786 qpsk  17  1.2263845315e-02  8.3093049212e-01  3  2  4.2407030631e+00  0.0 
111787 8psk  17  1.2263845315e-02  8.3093049212e-01  3  2  4.2407030631e+00  0.0 
111788 dqpsk  17  1.2263845315e-02  8.3093049212e-01  3  2  4.2407030631e+00  0.0 
111789 msk  17  1.2263845315e-02  8.3093049212e-01  3  2  4.2407030631e+00  0.0 
111790 16qam  17  1.2263845315e-02  8.3093049212e-01  3  2  4.2407030631e+00  0.0 
111791 64qam  17  1.2263845315e-02  8.3093049212e-01  3  2  4.2407030631e+00  0.0 
111792 256qam  17  1.2263845315e-02  8.3093049212e-01  3  2  4.2407030631e+00  0.0 
111793 bpsk  10  1.2039260719e-02  1.0000000354e-01  5  4  4.1726302131e+00  0.0 
111794 qpsk  10  1.2039260719e-02  1.0000000354e-01  5  4  4.1726302131e+00  0.0 
111795 8psk  10  1.2039260719e-02  1.0000000354e-01  5  4  4.1726302131e+00  0.0 
111796 dqpsk  10  1.2039260719e-02  1.0000000354e-01  5  4  4.1726302131e+00  0.0 
111797 msk  10  1.2039260719e-02  1.0000000354e-01  5  4  4.1726302131e+00  0.0 
111798 16qam  10  1.2039260719e-02  1.0000000354e-01  5  4  4.1726302131e+00  0.0 
111799 64qam  10  1.2039260719e-02  1.0000000354e-01  5  4  4.1726302131e+00  0.0 
111800 256qam  10  1.2039260719e-02  1.0000000354e-01  5  4  4.1726302131e+00  0.0 
111801 bpsk  2  1.6575097981e-02  1.2477495380e-01  6  5  5.8883275578e+00  0.0 
111802 qpsk  2  1.6575097981e-02  1.2477495380e-01  6  5  5.8883275578e+00  0.0 
111803 8psk  2  1.6575097981e-02  1.2477495380e-01  6  5  5.8883275578e+00  0.0 
111804 dqpsk  2  1.6575097981e-02  1.2477495380e-01  6  5  5.8883275578e+00  0.0 
111805 msk  2  1.6575097981e-02  1.2477495380e-01  6  5  5.8883275578e+00  0.0 
111806 16qam  2  1.6575097981e-02  1.2477495380e-01  6  5  5.8883275578e+00  0.0 
111807 64qam  2  1.6575097981e-02  1.2477495380e-01  6  5  5.8883275578e+00  0.0 
111808 256qam  2  1.6575097981e-02  1.2477495380e-01  6  5  5.8883275578e+00  0.0 
111809 bpsk  17  1.5239133096e-02  7.0044092103e-01  4  3  1.4093820238e+00  0.0 
111810 qpsk  17  1.5239133096e-02  7.0044092103e-01  4  3  1.4093820238e+00  0.0 
111811 8psk  17  1.5239133096e-02  7.0044092103e-01  4  3  1.4093820238e+00  0.0 
111812 dqpsk  17  1.5239133096e-02  7.0044092103e-01  4  3  1.4093820238e+00  0.0 
111813 msk  17  1.5239133096e-02  7.0044092103e-01  4  3  1.4093820238e+00  0.0 
111814 16qam  17  1.5239133096e-02  7.0044092103e-01  4  3  1.4093820238e+00  0.0 
111815 64qam  17  1.5239133096e-02  7.0044092103e-01  4  3  1.4093820238e+00  0.0 
111816 256qam  17  1.5239133096e-02  7.0044092103e-01  4  3  1.4093820238e+00  0.0 
111817 bpsk  18  1.1818970105e-02  9.9651549144e-01  7  6  2.5110202132e+00  0.0 
111818 qpsk  18  1.1818970105e-02  9.9651549144e-01  7  6  2.5110202132e+00  0.0 
111819 8psk  18  1.1818970105e-02  9.9651549144e-01  7  6  2.5110202132e+00  0.0 
111820 dqpsk  18  1.1818970105e-02  9.9651549144e-01  7  6  2.5110202132e+00  0.0 
111821 msk  18  1.1818970105e-02  9.9651549144e-01  7  6  2.5110202132e+00  0.0 
111822 16qam  18  1.1818970105e-02  9.9651549144e-01  7  6  2.5110202132e+00  0.0 
111823 64qam  18  1.1818970105e-02  9.9651549144e-01  7  6  2.5110202132e+00  0.0 
111824 256qam  18  1.1818970105e-02  9.9651549144e-01  7  6  2.5110202132e+00  0.0 
111825 bpsk  10  1.2068911212e-02  8.6178742703e-01  3  2  3.4616938124e+00  0.0 
111826 qpsk  10  1.2068911212e-02  8.6178742703e-01  3  2  3.4616938124e+00  0.0 
111827 8psk  10  1.2068911212e-02  8.6178742703e-01  3  2  3.4616938124e+00  0.0 
111828 dqpsk  10  1.2068911212e-02  8.6178742703e-01  3  2  3.4616938124e+00  0.0 
111829 msk  10  1.2068911212e-02  8.6178742703e-01  3  2  3.4616938124e+00  0.0 
111830 16qam  10  1.2068911212e-02  8.6178742703e-01  3  2  3.4616938124e+00  0.0 
111831 64qam  10  1.2068911212e-02  8.6178742703e-01  3  2  3.4616938124e+00  0.0 
111832 256qam  10  1.2068911212e-02  8.6178742703e-01  3  2  3.4616938124e+00  0.0 
111833 bpsk  16  1.4323988607e-02  2.0154899138e-01  1  1  3.5311188800e+00  0.0 
111834 qpsk  16  1.4323988607e-02  2.0154899138e-01  1  1  3.5311188800e+00  0.0 
111835 8psk  16  1.4323988607e-02  2.0154899138e-01  1  1  3.5311188800e+00  0.0 
111836 dqpsk  16  1.4323988607e-02  2.0154899138e-01  1  1  3.5311188800e+00  0.0 
111837 msk  16  1.4323988607e-02  2.0154899138e-01  1  1  3.5311188800e+00  0.0 
111838 16qam  16  1.4323988607e-02  2.0154899138e-01  1  1  3.5311188800e+00  0.0 
111839 64qam  16  1.4323988607e-02  2.0154899138e-01  1  1  3.5311188800e+00  0.0 
111840 256qam  16  1.4323988607e-02  2.0154899138e-01  1  1  3.5311188800e+00  0.0 
111841 bpsk  8  1.4646131612e-02  6.0540165683e-01  6  5  0.0000000000e+00  0.0 
111842 qpsk  8  1.4646131612e-02  6.0540165683e-01  6  5  0.0000000000e+00  0.0 
111843 8psk  8  1.4646131612e-02  6.0540165683e-01  6  5  0.0000000000e+00  0.0 
111844 dqpsk  8  1.4646131612e-02  6.0540165683e-01  6  5  0.0000000000e+00  0.0 
111845 msk  8  1.4646131612e-02  6.0540165683e-01  6  5  0.0000000000e+00  0.0 
111846 16qam  8  1.4646131612e-02  6.0540165683e-01  6  5  0.0000000000e+00  0.0 
111847 64qam  8  1.4646131612e-02  6.0540165683e-01  6  5  0.0000000000e+00  0.0 
111848 256qam  8  1.4646131612e-02  6.0540165683e-01  6  5  0.0000000000e+00  0.0 
111849 bpsk  18  1.2459308172e-02  9.8956384472e-01  5  4  4.2802145047e+00  0.0 
111850 qpsk  18  1.2459308172e-02  9.8956384472e-01  5  4  4.2802145047e+00  0.0 
111851 8psk  18  1.2459308172e-02  9.8956384472e-01  5  4  4.2802145047e+00  0.0 
111852 dqpsk  18  1.2459308172e-02  9.8956384472e-01  5  4  4.2802145047e+00  0.0 
111853 msk  18  1.2459308172e-02  9.8956384472e-01  5  4  4.2802145047e+00  0.0 
111854 16qam  18  1.2459308172e-02  9.8956384472e-01  5  4  4.2802145047e+00  0.0 
111855 64qam  18  1.2459308172e-02  9.8956384472e-01  5  4  4.2802145047e+00  0.0 
111856 256qam  18  1.2459308172e-02  9.8956384472e-01  5  4  4.2802145047e+00  0.0 
111857 bpsk  11  1.1244427646e-02  5.4591555219e-01  6  5  2.8403682513e+00  0.0 
111858 qpsk  11  1.1244427646e-02  5.4591555219e-01  6  5  2.8403682513e+00  0.0 
111859 8psk  11  1.1244427646e-02  5.4591555219e-01  6  5  2.8403682513e+00  0.0 
111860 dqpsk  11  1.1244427646e-02  5.4591555219e-01  6  5  2.8403682513e+00  0.0 
111861 msk  11  1.1244427646e-02  5.4591555219e-01  6  5  2.8403682513e+00  0.0 
111862 16qam  11  1.1244427646e-02  5.4591555219e-01  6  5  2.8403682513e+00  0.0 
111863 64qam  11  1.1244427646e-02  5.4591555219e-01  6  5  2.8403682513e+00  0.0 
111864 256qam  11  1.1244427646e-02  5.4591555219e-01  6  5  2.8403682513e+00  0.0 
111865 bpsk  12  1.2085137342e-02  4.0757760119e-01  8  7  5.1614180126e+00  0.0 
111866 qpsk  12  1.2085137342e-02  4.0757760119e-01  8  7  5.1614180126e+00  0.0 
111867 8psk  12  1.2085137342e-02  4.0757760119e-01  8  7  5.1614180126e+00  0.0 
111868 dqpsk  12  1.2085137342e-02  4.0757760119e-01  8  7  5.1614180126e+00  0.0 
111869 msk  12  1.2085137342e-02  4.0757760119e-01  8  7  5.1614180126e+00  0.0 
111870 16qam  12  1.2085137342e-02  4.0757760119e-01  8  7  5.1614180126e+00  0.0 
111871 64qam  12  1.2085137342e-02  4.0757760119e-01  8  7  5.1614180126e+00  0.0 
111872 256qam  12  1.2085137342e-02  4.0757760119e-01  8  7  5.1614180126e+00  0.0 
111873 bpsk  6  1.5879068570e-02  6.1969917206e-01  3  2  3.3186257779e+00  0.0 
111874 qpsk  6  1.5879068570e-02  6.1969917206e-01  3  2  3.3186257779e+00  0.0 
111875 8psk  6  1.5879068570e-02  6.1969917206e-01  3  2  3.3186257779e+00  0.0 
111876 dqpsk  6  1.5879068570e-02  6.1969917206e-01  3  2  3.3186257779e+00  0.0 
111877 msk  6  1.5879068570e-02  6.1969917206e-01  3  2  3.3186257779e+00  0.0 
111878 16qam  6  1.5879068570e-02  6.1969917206e-01  3  2  3.3186257779e+00  0.0 
111879 64qam  6  1.5879068570e-02  6.1969917206e-01  3  2  3.3186257779e+00  0.0 
111880 256qam  6  1.5879068570e-02  6.1969917206e-01  3  2  3.3186257779e+00  0.0 
111881 bpsk  4  1.4988966432e-02  2.6035796299e-01  5  4  5.3477661032e+00  0.0 
111882 qpsk  4  1.4988966432e-02  2.6035796299e-01  5  4  5.3477661032e+00  0.0 
111883 8psk  4  1.4988966432e-02  2.6035796299e-01  5  4  5.3477661032e+00  0.0 
111884 dqpsk  4  1.4988966432e-02  2.6035796299e-01  5  4  5.3477661032e+00  0.0 
111885 msk  4  1.4988966432e-02  2.6035796299e-01  5  4  5.3477661032e+00  0.0 
111886 16qam  4  1.4988966432e-02  2.6035796299e-01  5  4  5.3477661032e+00  0.0 
111887 64qam  4  1.4988966432e-02  2.6035796299e-01  5  4  5.3477661032e+00  0.0 
111888 256qam  4  1.4988966432e-02  2.6035796299e-01  5  4  5.3477661032e+00  0.0 
111889 bpsk  6  1.5755141208e-02  7.5521420882e-01  6  5  1.9831538010e+00  0.0 
111890 qpsk  6  1.5755141208e-02  7.5521420882e-01  6  5  1.9831538010e+00  0.0 
111891 8psk  6  1.5755141208e-02  7.5521420882e-01  6  5  1.9831538010e+00  0.0 
111892 dqpsk  6  1.5755141208e-02  7.5521420882e-01  6  5  1.9831538010e+00  0.0 
111893 msk  6  1.5755141208e-02  7.5521420882e-01  6  5  1.9831538010e+00  0.0 
111894 16qam  6  1.5755141208e-02  7.5521420882e-01  6  5  1.9831538010e+00  0.0 
111895 64qam  6  1.5755141208e-02  7.5521420882e-01  6  5  1.9831538010e+00  0.0 
111896 256qam  6  1.5755141208e-02  7.5521420882e-01  6  5  1.9831538010e+00  0.0 
111897 bpsk  11  1.0448392441e-02  1.5753896845e-01  6  5  1.5593581082e+00  0.0 
111898 qpsk  11  1.0448392441e-02  1.5753896845e-01  6  5  1.5593581082e+00  0.0 
111899 8psk  11  1.0448392441e-02  1.5753896845e-01  6  5  1.5593581082e+00  0.0 
111900 dqpsk  11  1.0448392441e-02  1.5753896845e-01  6  5  1.5593581082e+00  0.0 
111901 msk  11  1.0448392441e-02  1.5753896845e-01  6  5  1.5593581082e+00  0.0 
111902 16qam  11  1.0448392441e-02  1.5753896845e-01  6  5  1.5593581082e+00  0.0 
111903 64qam  11  1.0448392441e-02  1.5753896845e-01  6  5  1.5593581082e+00  0.0 
111904 256qam  11  1.0448392441e-02  1.5753896845e-01  6  5  1.5593581082e+00  0.0 
111905 bpsk  14  1.6546032049e-02  1.9236974139e-01  1  1  5.8781356560e-01  0.0 
111906 qpsk  14  1.6546032049e-02  1.9236974139e-01  1  1  5.8781356560e-01  0.0 
111907 8psk  14  1.6546032049e-02  1.9236974139e-01  1  1  5.8781356560e-01  0.0 
111908 dqpsk  14  1.6546032049e-02  1.9236974139e-01  1  1  5.8781356560e-01  0.0 
111909 msk  14  1.6546032049e-02  1.9236974139e-01  1  1  5.8781356560e-01  0.0 
111910 16qam  14  1.6546032049e-02  1.9236974139e-01  1  1  5.8781356560e-01  0.0 
111911 64qam  14  1.6546032049e-02  1.9236974139e-01  1  1  5.8781356560e-01  0.0 
111912 256qam  14  1.6546032049e-02  1.9236974139e-01  1  1  5.8781356560e-01  0.0 
111913 bpsk  14  1.3902486637e-02  4.2299140574e-01  7  6  5.0683347257e+00  0.0 
111914 qpsk  14  1.3902486637e-02  4.2299140574e-01  7  6  5.0683347257e+00  0.0 
111915 8psk  14  1.3902486637e-02  4.2299140574e-01  7  6  5.0683347257e+00  0.0 
111916 dqpsk  14  1.3902486637e-02  4.2299140574e-01  7  6  5.0683347257e+00  0.0 
111917 msk  14  1.3902486637e-02  4.2299140574e-01  7  6  5.0683347257e+00  0.0 
111918 16qam  14  1.3902486637e-02  4.2299140574e-01  7  6  5.0683347257e+00  0.0 
111919 64qam  14  1.3902486637e-02  4.2299140574e-01  7  6  5.0683347257e+00  0.0 
111920 256qam  14  1.3902486637e-02  4.2299140574e-01  7  6  5.0683347257e+00  0.0 
111921 bpsk  18  1.9977662452e-02  3.5705063515e-01  6  5  7.1859358039e-01  0.0 
111922 qpsk  18  1.9977662452e-02  3.5705063515e-01  6  5  7.1859358039e-01  0.0 
111923 8psk  18  1.9977662452e-02  3.5705063515e-01  6  5  7.1859358039e-01  0.0 
111924 dqpsk  18  1.9977662452e-02  3.5705063515e-01  6  5  7.1859358039e-01  0.0 
111925 msk  18  1.9977662452e-02  3.5705063515e-01  6  5  7.1859358039e-01  0.0 
111926 16qam  18  1.9977662452e-02  3.5705063515e-01  6  5  7.1859358039e-01  0.0 
111927 64qam  18  1.9977662452e-02  3.5705063515e-01  6  5  7.1859358039e-01  0.0 
111928 256qam  18  1.9977662452e-02  3.5705063515e-01  6  5  7.1859358039e-01  0.0 
111929 bpsk  5  1.7484334400e-02  6.2014674319e-01  5  4  7.7732228005e-01  0.0 
111930 qpsk  5  1.7484334400e-02  6.2014674319e-01  5  4  7.7732228005e-01  0.0 
111931 8psk  5  1.7484334400e-02  6.2014674319e-01  5  4  7.7732228005e-01  0.0 
111932 dqpsk  5  1.7484334400e-02  6.2014674319e-01  5  4  7.7732228005e-01  0.0 
111933 msk  5  1.7484334400e-02  6.2014674319e-01  5  4  7.7732228005e-01  0.0 
111934 16qam  5  1.7484334400e-02  6.2014674319e-01  5  4  7.7732228005e-01  0.0 
111935 64qam  5  1.7484334400e-02  6.2014674319e-01  5  4  7.7732228005e-01  0.0 
111936 256qam  5  1.7484334400e-02  6.2014674319e-01  5  4  7.7732228005e-01  0.0 
111937 bpsk  6  1.1575710009e-02  5.8816354696e-01  9  8  3.0109111727e+00  0.0 
111938 qpsk  6  1.1575710009e-02  5.8816354696e-01  9  8  3.0109111727e+00  0.0 
111939 8psk  6  1.1575710009e-02  5.8816354696e-01  9  8  3.0109111727e+00  0.0 
111940 dqpsk  6  1.1575710009e-02  5.8816354696e-01  9  8  3.0109111727e+00  0.0 
111941 msk  6  1.1575710009e-02  5.8816354696e-01  9  8  3.0109111727e+00  0.0 
111942 16qam  6  1.1575710009e-02  5.8816354696e-01  9  8  3.0109111727e+00  0.0 
111943 64qam  6  1.1575710009e-02  5.8816354696e-01  9  8  3.0109111727e+00  0.0 
111944 256qam  6  1.1575710009e-02  5.8816354696e-01  9  8  3.0109111727e+00  0.0 
111945 bpsk  14  1.7878912690e-02  9.1149456860e-01  9  8  2.7764147615e+00  0.0 
111946 qpsk  14  1.7878912690e-02  9.1149456860e-01  9  8  2.7764147615e+00  0.0 
111947 8psk  14  1.7878912690e-02  9.1149456860e-01  9  8  2.7764147615e+00  0.0 
111948 dqpsk  14  1.7878912690e-02  9.1149456860e-01  9  8  2.7764147615e+00  0.0 
111949 msk  14  1.7878912690e-02  9.1149456860e-01  9  8  2.7764147615e+00  0.0 
111950 16qam  14  1.7878912690e-02  9.1149456860e-01  9  8  2.7764147615e+00  0.0 
111951 64qam  14  1.7878912690e-02  9.1149456860e-01  9  8  2.7764147615e+00  0.0 
111952 256qam  14  1.7878912690e-02  9.1149456860e-01  9  8  2.7764147615e+00  0.0 
111953 bpsk  8  1.7159420819e-02  9.4528412579e-01  10  9  1.5032386784e+00  0.0 
111954 qpsk  8  1.7159420819e-02  9.4528412579e-01  10  9  1.5032386784e+00  0.0 
111955 8psk  8  1.7159420819e-02  9.4528412579e-01  10  9  1.5032386784e+00  0.0 
111956 dqpsk  8  1.7159420819e-02  9.4528412579e-01  10  9  1.5032386784e+00  0.0 
111957 msk  8  1.7159420819e-02  9.4528412579e-01  10  9  1.5032386784e+00  0.0 
111958 16qam  8  1.7159420819e-02  9.4528412579e-01  10  9  1.5032386784e+00  0.0 
111959 64qam  8  1.7159420819e-02  9.4528412579e-01  10  9  1.5032386784e+00  0.0 
111960 256qam  8  1.7159420819e-02  9.4528412579e-01  10  9  1.5032386784e+00  0.0 
111961 bpsk  3  1.3476946988e-02  8.0260899068e-01  3  2  3.5183149431e+00  0.0 
111962 qpsk  3  1.3476946988e-02  8.0260899068e-01  3  2  3.5183149431e+00  0.0 
111963 8psk  3  1.3476946988e-02  8.0260899068e-01  3  2  3.5183149431e+00  0.0 
111964 dqpsk  3  1.3476946988e-02  8.0260899068e-01  3  2  3.5183149431e+00  0.0 
111965 msk  3  1.3476946988e-02  8.0260899068e-01  3  2  3.5183149431e+00  0.0 
111966 16qam  3  1.3476946988e-02  8.0260899068e-01  3  2  3.5183149431e+00  0.0 
111967 64qam  3  1.3476946988e-02  8.0260899068e-01  3  2  3.5183149431e+00  0.0 
111968 256qam  3  1.3476946988e-02  8.0260899068e-01  3  2  3.5183149431e+00  0.0 
111969 bpsk  4  1.7192920560e-02  7.5413138235e-01  1  1  4.2314868945e+00  0.0 
111970 qpsk  4  1.7192920560e-02  7.5413138235e-01  1  1  4.2314868945e+00  0.0 
111971 8psk  4  1.7192920560e-02  7.5413138235e-01  1  1  4.2314868945e+00  0.0 
111972 dqpsk  4  1.7192920560e-02  7.5413138235e-01  1  1  4.2314868945e+00  0.0 
111973 msk  4  1.7192920560e-02  7.5413138235e-01  1  1  4.2314868945e+00  0.0 
111974 16qam  4  1.7192920560e-02  7.5413138235e-01  1  1  4.2314868945e+00  0.0 
111975 64qam  4  1.7192920560e-02  7.5413138235e-01  1  1  4.2314868945e+00  0.0 
111976 256qam  4  1.7192920560e-02  7.5413138235e-01  1  1  4.2314868945e+00  0.0 
111977 bpsk  12  1.9751178525e-02  8.7312466746e-01  8  7  2.1884159895e+00  0.0 
111978 qpsk  12  1.9751178525e-02  8.7312466746e-01  8  7  2.1884159895e+00  0.0 
111979 8psk  12  1.9751178525e-02  8.7312466746e-01  8  7  2.1884159895e+00  0.0 
111980 dqpsk  12  1.9751178525e-02  8.7312466746e-01  8  7  2.1884159895e+00  0.0 
111981 msk  12  1.9751178525e-02  8.7312466746e-01  8  7  2.1884159895e+00  0.0 
111982 16qam  12  1.9751178525e-02  8.7312466746e-01  8  7  2.1884159895e+00  0.0 
111983 64qam  12  1.9751178525e-02  8.7312466746e-01  8  7  2.1884159895e+00  0.0 
111984 256qam  12  1.9751178525e-02  8.7312466746e-01  8  7  2.1884159895e+00  0.0 
111985 bpsk  3  1.2756211905e-02  9.9297718852e-01  9  8  2.5158257552e-01  0.0 
111986 qpsk  3  1.2756211905e-02  9.9297718852e-01  9  8  2.5158257552e-01  0.0 
111987 8psk  3  1.2756211905e-02  9.9297718852e-01  9  8  2.5158257552e-01  0.0 
111988 dqpsk  3  1.2756211905e-02  9.9297718852e-01  9  8  2.5158257552e-01  0.0 
111989 msk  3  1.2756211905e-02  9.9297718852e-01  9  8  2.5158257552e-01  0.0 
111990 16qam  3  1.2756211905e-02  9.9297718852e-01  9  8  2.5158257552e-01  0.0 
111991 64qam  3  1.2756211905e-02  9.9297718852e-01  9  8  2.5158257552e-01  0.0 
111992 256qam  3  1.2756211905e-02  9.9297718852e-01  9  8  2.5158257552e-01  0.0 
111993 bpsk  10  1.1908987549e-02  8.2190716467e-01  10  9  4.6500081462e+00  0.0 
111994 qpsk  10  1.1908987549e-02  8.2190716467e-01  10  9  4.6500081462e+00  0.0 
111995 8psk  10  1.1908987549e-02  8.2190716467e-01  10  9  4.6500081462e+00  0.0 
111996 dqpsk  10  1.1908987549e-02  8.2190716467e-01  10  9  4.6500081462e+00  0.0 
111997 msk  10  1.1908987549e-02  8.2190716467e-01  10  9  4.6500081462e+00  0.0 
111998 16qam  10  1.1908987549e-02  8.2190716467e-01  10  9  4.6500081462e+00  0.0 
111999 64qam  10  1.1908987549e-02  8.2190716467e-01  10  9  4.6500081462e+00  0.0 
112000 256qam  10  1.1908987549e-02  8.2190716467e-01  10  9  4.6500081462e+00  0.0 
